12.1627,-32.8823,0,2.52077
11.8864,-32.6846,0,2.52156
11.601,-32.4813,0,2.53984
11.2933,-32.2625,0,2.52341
10.9952,-32.0519,0,2.51919
10.6257,-31.7896,0,2.50996
10.3601,-31.5985,0,2.50104
10.0655,-31.383,0,2.48986
9.76299,-31.1571,0,2.47629
9.44326,-30.9122,0,2.46003
9.16679,-30.689,0,2.44327
8.8429,-30.429,0,2.44512
8.5166,-30.1522,0,2.40858
8.19507,-29.8698,0,2.3894
7.87876,-29.5816,0,2.36939
7.56814,-29.2873,0,2.34905
7.27215,-28.9959,0,2.32704
6.98947,-28.7091,0,2.30084
6.75598,-28.4622,0,2.26717
6.5464,-28.2275,0,2.23305
6.27347,-27.898,0,2.17849
6.04536,-27.5478,0,2.09653
5.85493,-27.2513,0,2.02521
5.69119,-26.9536,0,1.953
5.56522,-26.6791,0,1.89109
5.43981,-26.3499,0,1.82899
5.35104,-26.0149,0,1.75135
5.26638,-25.6471,0,1.67559
5.21301,-25.2734,0,1.61321
5.18741,-24.9346,0,1.56598
5.17681,-24.532,0,1.515
5.18308,-24.2175,0,1.47773
5.20544,-23.8658,0,1.44229
5.24306,-23.5168,0,1.40764
5.30064,-23.1055,0,1.37178
5.37489,-22.6841,0,1.33498
5.47269,-22.2288,0,1.29724
5.59047,-21.7653,0,1.25549
5.73126,-21.2951,0,1.21474
5.90045,-20.8077,0,1.17927
6.0933,-20.3155,0,1.14554
6.30356,-19.8306,0,1.11397
6.54093,-19.3303,0,1.08689
6.80482,-18.815,0,1.06228
7.08134,-18.3511,0,1.04238
7.36022,-17.8582,0,1.02131
7.51495,-17.5988,0,1.01308
7.67206,-17.3408,0,1.00612
7.83123,-17.084,0,0.998633
7.99925,-16.818,0,0.991562
8.16252,-16.5639,0,0.985141
8.34154,-16.2899,0,0.978529
8.50863,-16.0383,0,0.973766
8.68418,-15.7772,0,0.96956
8.8682,-15.5066,0,0.965435
9.03642,-15.2557,0,0.973169
9.2225,-14.9865,0,0.959611
9.40229,-14.7283,0,0.957446
9.59014,-14.4604,0,0.955513
9.77865,-14.1929,0,0.954041
9.96042,-13.936,0,0.952978
10.1499,-13.6692,0,0.952578
10.3396,-13.4026,0,0.952511
10.5293,-13.136,0,0.95286
10.719,-12.8693,0,0.952804
11.0766,-12.3732,0,0.962279
11.2661,-12.1064,0,0.953953
11.4629,-11.8294,0,0.954395
11.6523,-11.5625,0,0.955368
11.8415,-11.2955,0,0.956498
12.045,-11.0078,0,0.957455
12.2337,-10.7404,0,0.958456
12.4221,-10.4729,0,0.959704
12.6246,-10.1844,0,0.960967
12.8123,-9.91641,0,0.96192
13.007,-9.63791,0,0.962724
13.2015,-9.35922,0,0.963997
13.3956,-9.08028,0,0.965075
13.5894,-8.80114,0,0.966157
13.7828,-8.52177,0,0.967367
13.976,-8.24218,0,0.968248
14.1689,-7.96239,0,0.969059
14.3686,-7.67206,0,0.969687
14.5468,-7.41271,0,0.970457
14.739,-7.13245,0,0.971253
14.9302,-6.86086,0,0.971464
15.115,-6.59082,0,0.972102
15.311,-6.29794,0,0.982489
15.4954,-6.02761,0,0.973242
15.6939,-5.73645,0,0.973726
15.878,-5.46594,0,0.974748
16.0761,-5.17446,0,0.975412
16.2598,-4.90365,0,0.976768
16.4433,-4.63272,0,0.978376
16.6339,-4.35134,0,0.980869
16.8171,-4.08024,0,0.984537
16.9997,-3.80868,0,0.990161
17.1741,-3.5468,0,0.996582
17.3519,-3.27207,0,1.0114
17.5301,-2.9976,0,1.0085
17.6999,-2.73269,0,1.01658
17.8675,-2.46644,0,1.02309
18.0334,-2.19905,0,1.02811
18.1911,-1.94145,0,1.03334
18.3604,-1.66138,0,1.03909
18.5152,-1.402,0,1.04392
18.6751,-1.13105,0,1.04884
18.8347,-0.866406,0,1.05375
18.9921,-0.593922,0,1.05899
19.1392,-0.330088,0,1.07294
19.2876,-0.066995,0,1.06887
19.4346,0.196868,0,1.07391
19.58,0.461635,0,1.07834
19.8613,0.981989,0,1.08535
20.0095,1.25955,0,1.08876
20.1509,1.52647,0,1.09258
20.2911,1.79403,0,1.09586
20.4303,2.06211,0,1.09804
20.5684,2.33076,0,1.10213
20.705,2.60016,0,1.10475
20.842,2.86936,0,1.10203
20.9788,3.13867,0,1.10631
21.238,3.65635,0,1.10518
21.503,4.18522,0,1.10832
21.7619,4.70305,0,1.10835
22.0218,5.21867,0,1.10817
22.2768,5.73846,0,1.10835
22.5348,6.25674,0,1.10622
22.6695,6.52712,0,1.10413
22.9287,7.04478,0,1.09719
23.1904,7.56121,0,1.08807
23.3285,7.82986,0,1.08197
23.5912,8.3316,0,1.06934
23.8598,8.83022,0,1.0549
24.1177,9.29165,0,1.04149
24.3756,9.73858,0,1.03041
24.6387,10.1825,0,1.01967
24.885,10.5782,0,1.01013
25.1352,10.9858,0,0.999749
25.3847,11.379,0,0.99065
25.6241,11.7488,0,0.981662
25.8737,12.1269,0,0.973003
26.1054,12.4716,0,0.964218
26.3395,12.8147,0,0.953237
26.5473,13.1147,0,0.93999
26.7579,13.4129,0,0.920196
26.9507,13.6773,0,0.897042
27.1567,13.9475,0,0.874516
27.3624,14.2025,0,0.8455
27.5704,14.455,0,0.808859
27.8741,14.7912,0,0.753942
28.1778,15.0926,0,0.701083
28.4867,15.3702,0,0.651065
28.778,15.6104,0,0.599164
29.0614,15.8198,0,0.544877
29.313,15.9869,0,0.489435
29.6356,16.1776,0,0.416019
29.9281,16.3243,0,0.351677
30.2416,16.4552,0,0.281386
30.5632,16.5646,0,0.215355
30.8524,16.6447,0,0.159931
31.1478,16.7074,0,0.0958705
31.4717,16.7539,0,0.0332971
31.7728,16.7776,0,-0.0157494
32.1251,16.7842,0,-0.0675029
32.5103,16.7696,0,-0.123924
32.8488,16.7399,0,-0.171956
33.2104,16.691,0,-0.225534
33.6305,16.6099,0,-0.291323
33.9234,16.5362,0,-0.336216
34.2365,16.4411,0,-0.379192
34.5445,16.3306,0,-0.420914
34.8704,16.1966,0,-0.457434
35.1768,16.0463,0,-0.488799
35.5019,15.8804,0,-0.517161
35.8446,15.6939,0,-0.530613
36.1938,15.4932,0,-0.54335
36.5614,15.2741,0,-0.553083
36.9373,15.0445,0,-0.56167
37.3218,14.8049,0,-0.569829
37.7354,14.5405,0,-0.578134
38.1373,14.2812,0,-0.589172
38.557,14.0032,0,-0.596832
38.9944,13.7063,0,-0.598944
39.3988,13.4208,0,-0.590552
39.844,13.113,0,-0.581245
40.326,12.7923,0,-0.544434
40.8049,12.49,0,-0.50719
41.3169,12.1938,0,-0.4672
41.5829,12.0506,0,-0.448486
41.8518,11.913,0,-0.429512
42.135,11.7759,0,-0.413509
42.6856,11.5275,0,-0.388954
42.9638,11.4097,0,-0.379653
43.2552,11.2909,0,-0.372765
43.5362,11.1801,0,-0.368961
44.0885,10.9684,0,-0.373271
44.6412,10.7574,0,-0.390217
44.9227,10.6479,0,-0.405927
45.4074,10.4661,0,-0.442466
45.9245,10.2351,0,-0.491723
46.4305,9.98081,0,-0.551258
46.9223,9.69993,0,-0.607602
47.3854,9.39641,0,-0.663795
47.8397,9.05836,0,-0.716034
48.2729,8.69369,0,-0.75722
48.6909,8.31151,0,-0.779715
49.087,7.92449,0,-0.794951
49.4749,7.52927,0,-0.80017
49.8675,7.12109,0,-0.790732
50.2137,6.73769,0,-0.768315
50.6023,6.34323,0,-0.732437
51.0154,5.95582,0,-0.691441
51.4446,5.58629,0,-0.643186
51.8995,5.2282,0,-0.600643
52.1431,5.04958,0,-0.578834
52.6113,4.73097,0,-0.533218
52.8664,4.56924,0,-0.515292
53.3654,4.27583,0,-0.479439
53.6306,4.13112,0,-0.465004
54.1461,3.86772,0,-0.443087
54.4178,3.73582,0,-0.435237
54.6911,3.6071,0,-0.430594
54.9656,3.48092,0,-0.428673
55.4602,3.28571,0,-0.435585
55.9873,3.04614,0,-0.452761
56.5118,2.80103,0,-0.48297
57.0304,2.54366,0,-0.525902
57.5268,2.27105,0,-0.579709
58.0089,1.97389,0,-0.633071
58.4535,1.66544,0,-0.680855
58.8715,1.34193,0,-0.724202
59.2728,0.997963,0,-0.756718
59.6608,0.638971,0,-0.780876
60.0383,0.268986,0,-0.79224
60.376,-0.0977602,0,-0.794694
60.7684,-0.506193,0,-0.783716
61.1554,-0.902234,0,-0.759846
61.5678,-1.30854,0,-0.722503
61.7882,-1.51515,0,-0.703658
62.2322,-1.90594,0,-0.659227
62.6924,-2.2776,0,-0.615942
62.9312,-2.46248,0,-0.607648
63.1763,-2.63903,0,-0.57443
63.4249,-2.81068,0,-0.556039
63.9219,-3.13135,0,-0.51465
64.1806,-3.2872,0,-0.499679
64.6964,-3.57685,0,-0.46418
64.9639,-3.71716,0,-0.450259
65.4748,-3.95023,0,-0.428292
65.7471,-4.08089,0,-0.42772
66.2636,-4.31322,0,-0.407188
66.5526,-4.43763,0,-0.405207
67.0845,-4.66634,0,-0.412059
67.3625,-4.78456,0,-0.416434
67.8938,-5.0146,0,-0.438396
68.4107,-5.24603,0,-0.471734
68.9214,-5.49078,0,-0.519139
69.3871,-5.74071,0,-0.574672
69.8391,-6.01477,0,-0.624486
70.2754,-6.313,0,-0.679524
70.6503,-6.60838,0,-0.72676
71.0706,-6.9689,0,-0.769692
71.4843,-7.35568,0,-0.793919
71.875,-7.7481,0,-0.811946
72.2737,-8.16793,0,-0.81856
72.6759,-8.60164,0,-0.810927
73.0788,-9.03476,0,-0.787981
73.4859,-9.46387,0,-0.753277
73.6998,-9.67721,0,-0.731576
74.1415,-10.0892,0,-0.683872
74.592,-10.4726,0,-0.638487
74.8385,-10.6681,0,-0.617581
75.0792,-10.8506,0,-0.592886
75.5474,-11.1659,0,-0.549863
75.8091,-11.3406,0,-0.538619
76.0769,-11.5058,0,-0.505574
76.3372,-11.659,0,-0.488983
76.6119,-11.8125,0,-0.47041
76.9117,-11.9724,0,-0.457507
77.192,-12.1153,0,-0.445336
77.4859,-12.2594,0,-0.435962
77.7702,-12.3941,0,-0.428269
78.0675,-12.5309,0,-0.424956
78.3657,-12.6656,0,-0.424945
78.6644,-12.7992,0,-0.428791
78.9633,-12.9325,0,-0.436142
79.2617,-13.0668,0,-0.447894
79.5592,-13.203,0,-0.460834
79.8438,-13.3372,0,-0.478519
80.1268,-13.4748,0,-0.496249
80.4076,-13.6168,0,-0.520586
80.6747,-13.7579,0,-0.544464
80.9495,-13.9111,0,-0.574514
81.2197,-14.0723,0,-0.602205
81.6738,-14.3613,0,-0.651785
81.9191,-14.5375,0,-0.679635
82.3867,-14.8997,0,-0.718583
82.828,-15.2744,0,-0.747641
83.2646,-15.6734,0,-0.768977
83.6906,-16.0839,0,-0.780082
83.9052,-16.2964,0,-0.780963
84.119,-16.5098,0,-0.777993
84.3304,-16.7256,0,-0.780651
84.5435,-16.9397,0,-0.76203
84.7582,-17.1521,0,-0.746663
85.1944,-17.5701,0,-0.709032
85.4171,-17.7742,0,-0.688499
85.6535,-17.9818,0,-0.661358
85.8857,-18.175,0,-0.637331
86.1423,-18.378,0,-0.616047
86.5841,-18.7028,0,-0.571486
86.8317,-18.8758,0,-0.561245
87.0957,-19.0471,0,-0.528598
87.3739,-19.2194,0,-0.511313
87.6447,-19.3795,0,-0.495884
87.9188,-19.534,0,-0.479385
88.2068,-19.6894,0,-0.46685
88.4861,-19.8342,0,-0.455222
88.7676,-19.975,0,-0.44755
89.0619,-20.118,0,-0.443318
89.3575,-20.2584,0,-0.441407
89.6309,-20.3868,0,-0.443052
89.9274,-20.5253,0,-0.448543
90.2123,-20.6587,0,-0.458283
90.7463,-20.9132,0,-0.486749
91.2521,-21.1679,0,-0.52259
91.7276,-21.4264,0,-0.566161
92.1167,-21.6466,0,-0.61732
92.5141,-21.9127,0,-0.669088
92.8976,-22.1984,0,-0.712845
93.2664,-22.5028,0,-0.754991
93.6392,-22.8411,0,-0.78315
93.9903,-23.1841,0,-0.800165
94.333,-23.5355,0,-0.807571
94.6807,-23.8996,0,-0.806356
95.0186,-24.2556,0,-0.799909
95.3664,-24.6197,0,-0.784906
95.7097,-24.9705,0,-0.765774
96.0398,-25.299,0,-0.747121
96.3945,-25.6383,0,-0.737213
96.7576,-25.9686,0,-0.707914
97.1077,-26.2756,0,-0.690687
97.444,-26.5601,0,-0.672973
97.7852,-26.8387,0,-0.656981
98.1113,-27.096,0,-0.642829
98.4202,-27.3343,0,-0.629011
98.7339,-27.5663,0,-0.619653
99.0405,-27.7867,0,-0.613898
99.3698,-28.0186,0,-0.612507
99.7,-28.2491,0,-0.616331
99.9919,-28.4396,0,-0.633529
100.28,-28.6424,0,-0.644451
100.587,-28.863,0,-0.667567
100.889,-29.0887,0,-0.703603
101.175,-29.3157,0,-0.740465
101.462,-29.5607,0,-0.794282
101.739,-29.8176,0,-0.85021
102.009,-30.0991,0,-0.912862
102.245,-30.3772,0,-0.973195
102.466,-30.6682,0,-1.04024
102.634,-30.9457,0,-1.10812
102.802,-31.241,0,-1.17785
102.956,-31.5579,0,-1.24485
103.077,-31.8615,0,-1.31204
103.179,-32.1725,0,-1.37627
103.26,-32.4895,0,-1.43979
103.318,-32.7987,0,-1.50668
103.355,-33.0984,0,-1.56634
103.373,-33.3999,0,-1.62623
103.371,-33.7145,0,-1.67741
103.338,-34.1663,0,-1.74754
103.244,-34.5759,0,-1.81724
103.174,-34.9084,0,-1.8594
103.091,-35.225,0,-1.90076
102.979,-35.5855,0,-1.93334
102.854,-35.9415,0,-1.96134
102.707,-36.3164,0,-1.98807
102.544,-36.6985,0,-2.00704
102.362,-37.0998,0,-2.02637
102.168,-37.5091,0,-2.04417
101.966,-37.9148,0,-2.06574
101.768,-38.2413,0,-2.08834
101.556,-38.6275,0,-2.11381
101.329,-39.0195,0,-2.14353
101.105,-39.3841,0,-2.1757
100.869,-39.7408,0,-2.20463
100.651,-40.049,0,-2.22815
100.418,-40.3623,0,-2.25185
100.195,-40.6511,0,-2.28545
99.9646,-40.9342,0,-2.3254
99.7245,-41.209,0,-2.36731
99.4909,-41.4558,0,-2.41669
99.2128,-41.6709,0,-2.49714
98.9031,-41.9281,0,-2.58422
98.6136,-42.1288,0,-2.66069
98.3203,-42.3004,0,-2.74121
98.0494,-42.4338,0,-2.8042
97.7697,-42.5478,0,-2.87495
97.4277,-42.6266,0,-2.95969
97.0474,-42.7133,0,-3.04486
96.7486,-42.7572,0,-3.11563
96.3849,-42.7867,0,3.0948
96.0074,-42.7862,0,3.01567
95.5686,-42.7495,0,2.92186
95.2458,-42.6961,0,2.85888
94.9553,-42.6027,0,2.80122
94.5948,-42.4907,0,2.74896
94.2178,-42.3491,0,2.70728
93.8484,-42.1887,0,2.66966
93.441,-41.9904,0,2.63798
93.0391,-41.7813,0,2.61203
92.6229,-41.5457,0,2.58734
92.1918,-41.2857,0,2.56826
91.7564,-41.0087,0,2.55356
91.3257,-40.7245,0,2.54426
90.8773,-40.4215,0,2.53582
90.5507,-40.1492,0,2.52862
90.1073,-39.8389,0,2.52288
89.676,-39.5333,0,2.51773
89.2262,-39.2102,0,2.51425
88.7785,-38.8842,0,2.51726
88.3395,-38.5677,0,2.52949
87.8696,-38.2295,0,2.55548
87.4031,-37.9084,0,2.58772
86.894,-37.5832,0,2.62338
86.3842,-37.2833,0,2.65248
85.8529,-36.9958,0,2.67418
85.425,-36.7914,0,2.68678
85.1426,-36.6527,0,2.6891
84.8708,-36.5208,0,2.68856
84.5987,-36.3898,0,2.68535
84.3149,-36.2537,0,2.67809
84.0428,-36.1227,0,2.66765
83.7716,-35.9896,0,2.65098
83.4911,-35.8471,0,2.63561
83.2235,-35.7069,0,2.62078
82.9467,-35.5573,0,2.60369
82.6705,-35.4066,0,2.57807
82.4106,-35.2528,0,2.55549
82.1426,-35.0878,0,2.53697
81.6398,-34.7531,0,2.49129
81.3738,-34.5625,0,2.46939
81.1226,-34.373,0,2.44613
80.8858,-34.1854,0,2.42707
80.6534,-33.9925,0,2.40964
80.4157,-33.7864,0,2.3952
80.1726,-33.5673,0,2.38356
79.8393,-33.2034,0,2.37139
79.6043,-32.9756,0,2.37044
79.3883,-32.7645,0,2.37324
79.1545,-32.5355,0,2.37833
78.9293,-32.3158,0,2.38551
78.6942,-32.0882,0,2.39557
78.4572,-31.8625,0,2.40939
78.209,-31.6304,0,2.42319
77.967,-31.4101,0,2.4427
77.7211,-31.1942,0,2.45917
77.4598,-30.977,0,2.47811
77.216,-30.778,0,2.49468
76.9492,-30.5677,0,2.51067
76.6782,-30.3626,0,2.52466
76.4142,-30.1693,0,2.53551
76.168,-29.9943,0,2.54558
75.8988,-29.8083,0,2.55325
75.6381,-29.632,0,2.55799
75.3762,-29.4577,0,2.56249
75.1236,-29.2919,0,2.565
74.8599,-29.1203,0,2.5657
74.4628,-28.8714,0,2.56536
73.9664,-28.5497,0,2.56284
73.4808,-28.2345,0,2.55687
73.2278,-28.0694,0,2.55191
72.9755,-27.9033,0,2.54584
72.4736,-27.567,0,2.53359
72.2243,-27.3964,0,2.52855
71.7477,-27.0678,0,2.51799
71.2766,-26.7312,0,2.51014
70.8293,-26.4048,0,2.50462
70.384,-26.0756,0,2.50291
69.9496,-25.7528,0,2.50363
69.6177,-25.4975,0,2.50624
69.2037,-25.1894,0,2.513
68.7986,-24.8906,0,2.52394
68.4001,-24.6039,0,2.53534
68.0195,-24.3357,0,2.54952
67.6365,-24.0708,0,2.56865
67.2374,-23.8072,0,2.59686
66.8442,-23.5578,0,2.62695
66.4662,-23.3316,0,2.66485
66.058,-23.1077,0,2.7136
65.6641,-22.9107,0,2.76032
65.2601,-22.735,0,2.82362
64.9492,-22.6375,0,2.88639
64.5767,-22.5216,0,2.9383
64.2349,-22.4357,0,2.99267
63.9389,-22.3758,0,3.04705
63.5276,-22.3186,0,3.13873
63.1129,-22.2988,0,-3.05357
62.7984,-22.3072,0,-2.98858
62.4602,-22.3389,0,-2.91449
62.1004,-22.3998,0,-2.83737
61.8208,-22.5156,0,-2.76346
61.4516,-22.6414,0,-2.69675
61.1041,-22.789,0,-2.63516
60.7447,-22.9706,0,-2.57603
60.3753,-23.1865,0,-2.5271
60.028,-23.4142,0,-2.47446
59.673,-23.6749,0,-2.4166
59.3137,-23.9711,0,-2.36337
58.9711,-24.2864,0,-2.30528
58.6308,-24.64,0,-2.24243
58.3204,-25.0038,0,-2.18371
58.1293,-25.3741,0,-2.12244
57.8573,-25.7826,0,-2.05869
57.6176,-26.1964,0,-1.99107
57.4104,-26.6133,0,-1.92025
57.2228,-27.0668,0,-1.845
57.0827,-27.4844,0,-1.78402
56.9715,-27.9364,0,-1.69212
56.8933,-28.3954,0,-1.61876
56.849,-28.8336,0,-1.53207
56.8418,-29.2613,0,-1.44628
56.872,-29.688,0,-1.36076
56.9288,-30.0739,0,-1.28241
57.0936,-30.3447,0,-1.20184
57.2048,-30.6923,0,-1.11625
57.3391,-31.018,0,-1.04217
57.4751,-31.2876,0,-0.97042
57.6837,-31.632,0,-0.887401
57.8857,-31.9051,0,-0.810602
58.1427,-32.1985,0,-0.733615
58.3646,-32.4216,0,-0.692853
58.6359,-32.6656,0,-0.637561
58.9447,-32.8399,0,-0.597858
59.2829,-33.0808,0,-0.560867
59.641,-33.315,0,-0.539791
60.0387,-33.5574,0,-0.525222
60.4513,-33.7991,0,-0.51914
60.9102,-34.0615,0,-0.517844
61.3694,-34.3234,0,-0.516696
61.84,-34.5907,0,-0.516026
62.3221,-34.8631,0,-0.519557
62.8149,-35.1423,0,-0.528012
63.076,-35.2941,0,-0.533389
63.5166,-35.5446,0,-0.544273
63.7761,-35.6991,0,-0.550001
64.0349,-35.855,0,-0.555317
64.3035,-36.0189,0,-0.560965
64.5604,-36.1778,0,-0.567159
64.8271,-36.3448,0,-0.572385
65.0822,-36.5065,0,-0.578024
65.3363,-36.6697,0,-0.583352
65.6002,-36.8411,0,-0.588784
65.8514,-37.0088,0,-0.593517
66.1133,-37.1832,0,-0.598199
66.3741,-37.3594,0,-0.60325
66.6338,-37.5369,0,-0.606239
66.8928,-37.7156,0,-0.608307
67.1514,-37.8949,0,-0.609649
67.4198,-38.0821,0,-0.610574
67.6983,-38.2768,0,-0.610851
67.9664,-38.4645,0,-0.611408
68.255,-38.6666,0,-0.611477
68.523,-38.8544,0,-0.61149
68.8001,-39.0511,0,-0.611695
69.0886,-39.2535,0,-0.611812
69.6167,-39.6242,0,-0.612072
69.8948,-39.8194,0,-0.612211
70.1936,-40.0291,0,-0.612645
70.4819,-40.2317,0,-0.612918
70.7702,-40.4343,0,-0.612745
71.0585,-40.637,0,-0.612858
71.3674,-40.8542,0,-0.612653
71.6648,-41.0657,0,-0.611496
71.9634,-41.2757,0,-0.609861
72.2621,-41.4853,0,-0.607536
72.5716,-41.7017,0,-0.604091
72.8714,-41.9099,0,-0.600718
73.1823,-42.1243,0,-0.598072
73.5043,-42.3446,0,-0.595551
73.8271,-42.5636,0,-0.593607
74.1294,-42.7681,0,-0.593383
74.4528,-42.9865,0,-0.592453
74.766,-43.1973,0,-0.591501
75.0887,-43.4166,0,-0.591304
75.4126,-43.6342,0,-0.590574
75.7471,-43.8585,0,-0.590124
76.0012,-44.0223,0,-0.589806
76.3254,-44.2394,0,-0.58905
76.6602,-44.4632,0,-0.588428
76.9951,-44.6869,0,-0.588353
77.3196,-44.9035,0,-0.587585
77.6548,-45.1268,0,-0.587061
77.99,-45.35,0,-0.586858
78.3246,-45.5743,0,-0.586125
78.66,-45.7972,0,-0.586157
78.9955,-46.0201,0,-0.586009
79.3206,-46.2358,0,-0.585391
79.6563,-46.4583,0,-0.585084
80.0025,-46.6878,0,-0.585261
80.3487,-46.9172,0,-0.585335
80.6844,-47.1397,0,-0.585289
81.0201,-47.3622,0,-0.585172
81.3559,-47.5847,0,-0.585089
81.6916,-47.8071,0,-0.585482
82.0472,-48.0452,0,-0.585905
82.3828,-48.2679,0,-0.585995
82.7079,-48.4836,0,-0.586328
83.0435,-48.7063,0,-0.58629
83.3035,-48.8741,0,-0.586154
83.639,-49.0969,0,-0.586714
83.9744,-49.3199,0,-0.586492
84.3099,-49.5427,0,-0.586203
84.6348,-49.7587,0,-0.58597
84.9703,-49.9816,0,-0.585196
85.3052,-50.2053,0,-0.58399
85.641,-50.4277,0,-0.583148
85.9875,-50.6566,0,-0.582008
86.3238,-50.8782,0,-0.580303
86.6605,-51.0993,0,-0.579352
86.9973,-51.32,0,-0.578292
87.3345,-51.5403,0,-0.577075
87.6614,-51.7533,0,-0.576498
87.9779,-51.9592,0,-0.576038
88.3156,-52.1788,0,-0.575691
88.6533,-52.3982,0,-0.575371
88.9798,-52.6118,0,-0.574722
89.3072,-52.824,0,-0.573948
89.6453,-53.0428,0,-0.573549
89.9624,-53.2478,0,-0.573048
90.2902,-53.4595,0,-0.572606
90.618,-53.671,0,-0.572095
90.888,-53.8401,0,-0.571477
91.2161,-54.0512,0,-0.570959
91.5443,-54.2622,0,-0.570457
91.862,-54.4663,0,-0.569788
92.1793,-54.6709,0,-0.568789
92.5079,-54.8813,0,-0.567531
92.8155,-55.0778,0,-0.565883
93.1233,-55.274,0,-0.564018
93.4314,-55.4696,0,-0.562205
93.7293,-55.6579,0,-0.560581
94.0275,-55.8458,0,-0.558478
94.3366,-56.0397,0,-0.557124
94.6354,-56.2266,0,-0.555794
94.9344,-56.4131,0,-0.554272
95.2232,-56.5923,0,-0.552566
95.501,-56.7652,0,-0.550967
95.801,-56.9501,0,-0.549363
96.0906,-57.1279,0,-0.54811
96.3804,-57.3053,0,-0.546993
96.6597,-57.4757,0,-0.545385
96.9501,-57.6522,0,-0.544741
97.4341,-57.9406,0,-0.543865
97.6925,-58.0969,0,-0.543923
97.951,-58.2532,0,-0.544024
98.2093,-58.4099,0,-0.544322
98.7048,-58.7092,0,-0.546398
99.2109,-59.0155,0,-0.551618
99.6953,-59.3091,0,-0.565611
100.167,-59.5992,0,-0.592861
100.6,-59.879,0,-0.628743
101.003,-60.1595,0,-0.662601
101.367,-60.4293,0,-0.704471
101.682,-60.6802,0,-0.749034
101.95,-60.9227,0,-0.788643
102.233,-61.1913,0,-0.826523
102.522,-61.489,0,-0.864826
102.785,-61.7773,0,-0.906491
103.029,-62.0659,0,-0.96593
103.243,-62.3453,0,-1.0269
103.435,-62.6259,0,-1.0943
103.608,-62.9184,0,-1.17187
103.763,-63.2347,0,-1.25322
103.906,-63.5976,0,-1.33464
104.015,-63.9589,0,-1.42289
104.098,-64.353,0,-1.51113
104.129,-64.7351,0,-1.59492
104.14,-65.1501,0,-1.68828
104.114,-65.5519,0,-1.7704
104.052,-65.9625,0,-1.84216
103.952,-66.3913,0,-1.91297
103.815,-66.8232,0,-1.97008
103.647,-67.2572,0,-2.02228
103.448,-67.6921,0,-2.06411
103.229,-68.1171,0,-2.09955
102.981,-68.5551,0,-2.12479
102.705,-68.8988,0,-2.13832
102.428,-69.3345,0,-2.15076
102.147,-69.7672,0,-2.15995
101.855,-70.2075,0,-2.16324
101.581,-70.6149,0,-2.1664
101.306,-71.0215,0,-2.16867
101.037,-71.4172,0,-2.17028
100.782,-71.7915,0,-2.17203
100.519,-72.1757,0,-2.17417
100.269,-72.5388,0,-2.17549
100.041,-72.8708,0,-2.17954
99.7792,-73.2265,0,-2.19593
99.5633,-73.5364,0,-2.21778
99.3431,-73.8431,0,-2.2481
99.1066,-74.1533,0,-2.28362
98.8525,-74.4659,0,-2.327
98.6041,-74.7501,0,-2.38331
98.3345,-75.0321,0,-2.44965
98.0756,-75.2711,0,-2.52411
97.78,-75.5059,0,-2.60553
97.4977,-75.695,0,-2.68404
97.1685,-75.8796,0,-2.7698
96.8401,-75.9718,0,-2.85444
96.4489,-76.1109,0,-2.95188
95.9978,-76.2255,0,-3.04459
95.5371,-76.2918,0,3.13672
95.0217,-76.313,0,3.04968
94.4686,-76.2885,0,2.9689
93.9077,-76.2111,0,2.89136
93.599,-76.1501,0,2.85542
93.3054,-76.0791,0,2.81713
92.7163,-75.8973,0,2.74737
92.4097,-75.7829,0,2.7164
92.1073,-75.6579,0,2.68852
91.7976,-75.5181,0,2.66358
91.5034,-75.3747,0,2.63905
91.0306,-74.9958,0,2.60416
90.7362,-74.8261,0,2.58907
90.4341,-74.6448,0,2.57657
90.1348,-74.4586,0,2.56521
89.8273,-74.262,0,2.55664
89.5322,-74.0694,0,2.55049
89.2281,-73.8676,0,2.54458
88.9253,-73.6637,0,2.53916
88.6134,-73.4509,0,2.53459
88.3004,-73.2399,0,2.53107
87.9906,-73.024,0,2.52813
87.6919,-72.8142,0,2.52622
87.3626,-72.5822,0,2.52441
87.0544,-72.3641,0,2.52241
86.7465,-72.1456,0,2.52089
86.4184,-71.912,0,2.51822
86.1113,-71.6924,0,2.5154
85.7944,-71.4648,0,2.51082
85.4682,-71.2286,0,2.50578
85.1532,-70.9984,0,2.50055
84.8368,-70.7701,0,2.49389
84.3785,-70.3622,0,2.48025
84.0592,-70.1166,0,2.47287
83.7517,-69.8765,0,2.46566
83.4359,-69.6265,0,2.45915
83.1318,-69.3822,0,2.45189
82.8196,-69.1277,0,2.44584
82.519,-68.879,0,2.44006
82.2104,-68.6202,0,2.43544
81.9011,-68.3623,0,2.4318
81.5953,-68.1001,0,2.43
81.3093,-67.8537,0,2.42968
81.0234,-67.6069,0,2.42956
80.7377,-67.3601,0,2.42994
80.4044,-67.0721,0,2.43067
80.1186,-66.8254,0,2.43179
79.8134,-66.5626,0,2.43381
79.5174,-66.3084,0,2.43569
79.221,-66.0546,0,2.438
78.9146,-65.7932,0,2.44141
78.6228,-65.5536,0,2.4607
78.3137,-65.2954,0,2.44899
77.8195,-64.8634,0,2.45634
77.528,-64.6235,0,2.45976
77.216,-64.3687,0,2.46363
76.9129,-64.1231,0,2.46741
76.6089,-63.8785,0,2.47076
76.304,-63.635,0,2.47423
75.9884,-63.3849,0,2.47765
75.6795,-63.1465,0,2.48071
75.3721,-62.9063,0,2.48368
75.054,-62.6592,0,2.48672
74.7451,-62.4209,0,2.48977
74.4254,-62.1759,0,2.4921
74.105,-61.9319,0,2.49402
73.784,-61.6887,0,2.49577
73.4525,-61.4385,0,2.49678
73.1309,-61.1961,0,2.49759
72.8089,-60.9541,0,2.49904
72.4866,-60.7126,0,2.50018
72.1419,-60.459,0,2.50061
71.8193,-60.218,0,2.50153
71.4963,-59.9773,0,2.50256
70.9867,-59.5933,0,2.50376
70.6632,-59.3534,0,2.50472
70.3497,-59.1212,0,2.5052
70.0259,-58.8816,0,2.50562
69.7222,-58.6573,0,2.50686
69.398,-58.4184,0,2.50765
69.0721,-58.1818,0,2.50795
68.7577,-57.9506,0,2.50864
68.4433,-57.7197,0,2.50922
68.1185,-57.4815,0,2.51006
67.8138,-57.2585,0,2.51104
67.4887,-57.0208,0,2.51167
67.1633,-56.7834,0,2.51216
66.8582,-56.5609,0,2.51268
66.5327,-56.3238,0,2.51337
66.2171,-56.0944,0,2.51401
65.9014,-55.8651,0,2.51461
65.5738,-55.6309,0,2.51535
65.268,-55.4095,0,2.51608
64.9518,-55.1808,0,2.51661
64.6253,-54.9451,0,2.51758
64.1412,-54.5917,0,2.51844
63.8142,-54.3565,0,2.51916
63.4973,-54.129,0,2.51975
63.1803,-53.9015,0,2.5198
62.853,-53.6668,0,2.52007
62.5359,-53.4395,0,2.52045
62.2172,-53.2145,0,2.52096
61.8999,-52.9874,0,2.52162
61.5722,-52.7532,0,2.52249
61.2648,-52.534,0,2.52334
60.9368,-52.3003,0,2.52403
60.6086,-52.0669,0,2.52514
60.3109,-51.8557,0,2.52614
59.9822,-51.6229,0,2.52708
59.6739,-51.405,0,2.52822
59.3652,-51.1875,0,2.52911
59.0462,-50.9629,0,2.52955
58.7355,-50.7484,0,2.52982
58.4162,-50.5241,0,2.53054
58.107,-50.3073,0,2.53156
57.7977,-50.0908,0,2.53207
57.3176,-49.7517,0,2.53368
57.0078,-49.5358,0,2.53396
56.698,-49.32,0,2.53483
56.4086,-49.119,0,2.53597
56.119,-48.9182,0,2.53652
55.8293,-48.7175,0,2.53713
55.538,-48.5191,0,2.53818
55.2583,-48.3261,0,2.53925
54.9888,-48.1405,0,2.54035
54.7089,-47.9478,0,2.5414
54.4288,-47.7554,0,2.54368
54.1589,-47.5704,0,2.54665
53.868,-47.3714,0,2.55077
53.5976,-47.1872,0,2.55665
53.316,-46.9971,0,2.565
53.0331,-46.8087,0,2.57427
52.7487,-46.6227,0,2.58419
52.4721,-46.4479,0,2.59503
52.1844,-46.2671,0,2.60685
51.9053,-46.0961,0,2.62106
51.6244,-45.9283,0,2.6336
51.167,-45.6751,0,2.66668
50.8794,-45.519,0,2.68421
50.5892,-45.3678,0,2.70252
50.285,-45.2163,0,2.72404
50.0011,-45.0807,0,2.74453
49.7139,-44.9522,0,2.77089
49.413,-44.8236,0,2.79814
49.1325,-44.7114,0,2.82471
48.8375,-44.6021,0,2.85562
48.5276,-44.4972,0,2.88685
48.2267,-44.4051,0,2.92103
47.9109,-44.3194,0,2.96021
47.6045,-44.2477,0,2.99805
47.3084,-44.1882,0,3.03589
46.9978,-44.1381,0,3.07853
46.6978,-44.1028,0,3.12655
46.3841,-44.0789,0,-3.11576
46.0822,-44.0684,0,-3.07002
45.7802,-44.071,0,-3.02542
45.4786,-44.0876,0,-2.97476
45.1782,-44.1188,0,-2.93318
44.72,-44.274,0,-2.84316
44.4263,-44.3447,0,-2.79928
44.1366,-44.4301,0,-2.75035
43.605,-44.6248,0,-2.66878
43.0695,-44.8758,0,-2.58381
42.5785,-45.1577,0,-2.49927
42.1127,-45.4796,0,-2.41697
41.6653,-45.8468,0,-2.335
41.259,-46.2412,0,-2.25411
40.8859,-46.6671,0,-2.17656
40.5484,-47.1217,0,-2.09961
40.3834,-47.3747,0,-2.07044
40.2426,-47.8397,0,-2.00832
39.9892,-48.3461,0,-1.95002
39.7684,-48.8676,0,-1.89597
39.5713,-49.4119,0,-1.8552
39.4027,-49.9525,0,-1.81355
39.3216,-50.2435,0,-1.79552
39.1856,-50.7932,0,-1.7555
39.0705,-51.3478,0,-1.71318
38.9745,-51.9314,0,-1.66461
38.9066,-52.4937,0,-1.61066
38.8665,-53.0585,0,-1.5539
38.8584,-53.3605,0,-1.52363
38.937,-53.8077,0,-1.46062
38.98,-54.3597,0,-1.39524
39.0604,-54.9202,0,-1.32456
39.1785,-55.474,0,-1.25167
39.3371,-56.0176,0,-1.17686
39.5356,-56.5479,0,-1.1038
39.657,-56.8245,0,-1.06677
39.9252,-57.3516,0,-0.99422
40.2257,-57.8463,0,-0.919669
40.3962,-58.0956,0,-0.886965
40.5821,-58.3494,0,-0.852436
40.7709,-58.5852,0,-0.819137
40.9851,-58.8326,0,-0.789406
41.1908,-59.0538,0,-0.76105
41.4121,-59.2774,0,-0.738602
41.8792,-59.5766,0,-0.703561
42.1155,-59.7844,0,-0.690839
42.3749,-60.0039,0,-0.677372
42.6279,-60.2115,0,-0.66798
42.8833,-60.4161,0,-0.661145
43.1402,-60.6188,0,-0.654774
43.409,-60.8267,0,-0.650693
43.679,-61.033,0,-0.64779
43.9399,-61.2305,0,-0.645773
44.2212,-61.4427,0,-0.64551
44.4926,-61.6472,0,-0.644872
44.7541,-61.844,0,-0.644374
45.0357,-62.0558,0,-0.64408
45.3074,-62.26,0,-0.643655
45.5892,-62.4715,0,-0.643124
45.8611,-62.6754,0,-0.642944
46.1426,-62.8874,0,-0.642761
46.4347,-63.1063,0,-0.642349
46.7067,-63.3099,0,-0.641801
46.9889,-63.5211,0,-0.641529
47.2813,-63.7396,0,-0.640822
47.7903,-64.0977,0,-0.639969
48.083,-64.3158,0,-0.639547
48.3757,-64.5337,0,-0.638966
48.6687,-64.7515,0,-0.638275
48.9516,-64.9616,0,-0.637852
49.2544,-65.1871,0,-0.637151
49.5376,-65.3969,0,-0.636636
49.8411,-65.6215,0,-0.636234
50.1143,-65.8236,0,-0.635444
50.4181,-66.0478,0,-0.634112
50.7222,-66.2717,0,-0.633141
51.0061,-66.4804,0,-0.632517
51.3105,-66.7038,0,-0.63169
51.6151,-66.927,0,-0.630757
51.8995,-67.135,0,-0.629553
52.2045,-67.3576,0,-0.628021
52.5093,-67.5805,0,-0.626311
52.8149,-67.8022,0,-0.624998
53.1208,-68.0236,0,-0.623509
53.4271,-68.2444,0,-0.622029
53.7337,-68.4647,0,-0.620705
54.2699,-68.8442,0,-0.618184
54.5774,-69.0634,0,-0.616993
54.8851,-69.2822,0,-0.616079
55.1725,-69.4861,0,-0.614772
55.4808,-69.7041,0,-0.613922
55.7888,-69.9226,0,-0.613292
56.0871,-70.1329,0,-0.612338
56.3959,-70.3502,0,-0.611358
56.6946,-70.5599,0,-0.610369
56.9936,-70.7693,0,-0.609513
57.2927,-70.9784,0,-0.608569
57.592,-71.1873,0,-0.607581
57.9019,-71.4031,0,-0.60664
58.1913,-71.6042,0,-0.605654
58.4912,-71.8122,0,-0.605036
58.7912,-72.0201,0,-0.604439
59.0908,-72.2285,0,-0.603352
59.3808,-72.4287,0,-0.602325
59.6813,-72.6359,0,-0.601707
59.9716,-72.8357,0,-0.600638
60.2517,-73.0281,0,-0.599341
60.7711,-73.3797,0,-0.59794
61.0622,-73.5783,0,-0.596905
61.3431,-73.7695,0,-0.596054
61.6346,-73.9675,0,-0.595455
61.9263,-74.1653,0,-0.594893
62.1865,-74.3423,0,-0.594295
62.4783,-74.5398,0,-0.593998
62.7703,-74.7372,0,-0.593372
63.0416,-74.9201,0,-0.591929
63.3235,-75.1098,0,-0.591514
63.6055,-75.2995,0,-0.591551
63.8874,-75.4892,0,-0.591015
64.1695,-75.6787,0,-0.590364
64.4518,-75.868,0,-0.589698
64.7236,-76.0501,0,-0.589306
65.0061,-76.239,0,-0.588836
65.2881,-76.4287,0,-0.58866
65.5496,-76.6036,0,-0.588543
65.8217,-76.7854,0,-0.588066
66.1044,-76.974,0,-0.586918
66.3767,-77.1554,0,-0.586798
66.8862,-77.4919,0,-0.585641
67.1588,-77.6729,0,-0.585361
67.421,-77.8469,0,-0.584933
67.6938,-78.0277,0,-0.584679
67.9666,-78.2083,0,-0.584515
68.2391,-78.3896,0,-0.584394
68.5121,-78.57,0,-0.58466
68.7851,-78.7504,0,-0.585054
69.0686,-78.9378,0,-0.585759
69.3415,-79.1184,0,-0.587022
69.6143,-79.2991,0,-0.588712
69.8869,-79.4801,0,-0.591084
70.1592,-79.6616,0,-0.593591
70.431,-79.8438,0,-0.596386
70.7023,-80.0268,0,-0.599367
70.9627,-80.2035,0,-0.601627
71.2324,-80.3887,0,-0.603734
71.5023,-80.5738,0,-0.60605
71.782,-80.7668,0,-0.608527
72.051,-80.9531,0,-0.610361
72.3196,-81.1401,0,-0.613003
72.7876,-81.4683,0,-0.617138
73.055,-81.657,0,-0.619581
73.3116,-81.8391,0,-0.622501
73.578,-82.0292,0,-0.624725
73.844,-82.2198,0,-0.62661
74.1092,-82.4115,0,-0.62912
74.3743,-82.6034,0,-0.631813
74.6388,-82.7961,0,-0.633539
74.9029,-82.9892,0,-0.635418
75.1767,-83.1905,0,-0.637369
75.4401,-83.3848,0,-0.638569
75.7031,-83.5794,0,-0.639744
75.9557,-83.767,0,-0.640823
76.2181,-83.9626,0,-0.641589
76.4802,-84.1585,0,-0.641662
76.7321,-84.347,0,-0.640792
76.9938,-84.5435,0,-0.639558
77.256,-84.7393,0,-0.638081
77.5185,-84.9346,0,-0.635879
77.7712,-85.1221,0,-0.633805
78.0241,-85.3094,0,-0.631459
78.2772,-85.4963,0,-0.627551
78.7348,-85.8324,0,-0.615396
78.9897,-86.0169,0,-0.606867
79.2456,-86.2,0,-0.597665
79.503,-86.381,0,-0.58537
79.7616,-86.5602,0,-0.57429
80.0126,-86.7282,0,-0.561101
80.2762,-86.9,0,-0.549968
80.5417,-87.0689,0,-0.538496
81.0564,-87.3851,0,-0.511251
81.546,-87.67,0,-0.476197
82.0213,-87.9286,0,-0.436606
82.5056,-88.1702,0,-0.391497
82.965,-88.3759,0,-0.341327
83.4105,-88.5497,0,-0.292743
83.8363,-88.6781,0,-0.237962
84.2725,-88.8003,0,-0.177499
84.7146,-88.8992,0,-0.117358
85.1243,-88.9668,0,-0.0503401
85.5251,-89.0058,0,0.01564
85.9276,-89.0185,0,0.0809143
86.3175,-89.0054,0,0.145111
86.6932,-88.9687,0,0.207745
87.066,-88.9093,0,0.269148
87.4344,-88.8266,0,0.330271
87.7847,-88.7243,0,0.39047
88.1028,-88.6039,0,0.449781
88.4271,-88.4662,0,0.511368
88.7425,-88.3091,0,0.564758
89.0481,-88.1337,0,0.620933
89.3328,-87.9482,0,0.669612
89.6074,-87.748,0,0.710509
89.8818,-87.527,0,0.747371
90.1371,-87.3028,0,0.778335
90.3844,-87.0697,0,0.806054
90.6344,-86.8213,0,0.830608
90.8608,-86.5851,0,0.858762
91.1067,-86.3227,0,0.888105
91.3048,-86.0947,0,0.918538
91.5038,-85.8511,0,0.95135
91.74,-85.5405,0,0.994176
91.9129,-85.2929,0,1.03659
92.0952,-85.0061,0,1.08168
92.2702,-84.7003,0,1.12909
92.4132,-84.4134,0,1.17027
