107.699,-7.20126
108.039,-7.2231
108.374,-7.24393
108.726,-7.26526
109.077,-7.28581
109.467,-7.30765
109.869,-7.32945
110.271,-7.35083
110.699,-7.37204
111.126,-7.3905
111.554,-7.4053
111.994,-7.41522
112.435,-7.41878
112.848,-7.41171
113.288,-7.39206
113.689,-7.35939
114.114,-7.30411
114.509,-7.22957
114.888,-7.13412
115.271,-7.01068
115.633,-6.86455
115.983,-6.69217
116.318,-6.49249
116.647,-6.26102
116.953,-6.00558
117.243,-5.72652
117.519,-5.41595
117.77,-5.08528
118.009,-4.71515
118.215,-4.34052
118.405,-3.92903
118.573,-3.49472
118.709,-3.06288
118.828,-2.6125
118.933,-2.13319
119.018,-1.65169
119.102,-1.14261
119.181,-0.619858
119.255,-0.0838013
119.324,0.452927
119.388,0.990295
119.449,1.54076
119.501,2.06674
119.551,2.61832
119.592,3.13264
119.632,3.65974
119.667,4.17317
119.704,4.7131
119.74,5.25311
119.774,5.78061
119.808,6.32069
119.841,6.8483
119.873,7.36336
119.903,7.87846
119.934,8.381
119.965,8.87085
120,9.34782
120.039,9.80267
120.083,10.2409
120.14,10.7158
120.202,11.1519
120.278,11.5859
120.363,11.9922
120.472,12.4062
120.596,12.8023
120.738,13.1791
120.897,13.5354
121.067,13.8585
121.275,14.1947
121.492,14.4877
121.748,14.7819
122.026,15.0556
122.334,15.3146
122.671,15.5578
123.046,15.7884
123.446,16.0006
123.883,16.1963
124.331,16.3639
124.825,16.5128
125.322,16.6253
125.856,16.7163
126.405,16.784
126.969,16.8354
127.547,16.8751
128.125,16.9019
128.427,16.9105
128.729,16.9159
129.044,16.9179
129.346,16.9166
129.648,16.9121
129.962,16.9044
130.264,16.8948
130.591,16.8822
130.906,16.8679
131.232,16.8513
131.856,16.8049
132.195,16.7827
132.522,16.7606
132.848,16.7377
133.187,16.7135
133.513,16.6899
133.84,16.666
134.179,16.641
134.505,16.617
134.857,16.5911
135.195,16.5662
135.534,16.5413
135.873,16.5163
136.212,16.4914
136.551,16.4666
136.903,16.4409
137.241,16.4163
137.593,16.3907
137.944,16.3652
138.296,16.3398
138.647,16.3145
138.999,16.2892
139.333,16.2657
139.684,16.2408
140.036,16.216
140.387,16.1913
140.751,16.1658
141.103,16.1414
141.455,16.1172
141.819,16.092
142.183,16.0666
142.534,16.0417
142.886,16.0167
143.262,15.9899
143.626,15.9639
143.991,15.9376
144.367,15.9101
144.731,15.8836
145.108,15.8561
145.484,15.8282
145.848,15.8007
146.225,15.7718
146.589,15.7434
146.956,15.714
147.332,15.6838
147.709,15.653
148.085,15.6215
148.461,15.5897
148.825,15.5585
149.214,15.5245
149.59,15.491
149.966,15.4569
150.342,15.4221
150.718,15.3867
151.081,15.3518
151.469,15.3135
151.845,15.2758
152.221,15.2375
152.596,15.1986
152.934,15.163
153.31,15.123
153.685,15.0825
154.048,15.0427
154.41,15.0024
154.773,14.9618
155.136,14.9211
155.474,14.8824
155.824,14.8429
156.187,14.8021
156.55,14.7616
156.9,14.7227
157.25,14.6837
157.601,14.6451
157.951,14.6064
158.301,14.5676
158.639,14.5303
158.989,14.4917
159.302,14.4573
159.652,14.4187
159.978,14.383
160.303,14.3477
160.628,14.3127
160.954,14.2781
161.279,14.2439
161.579,14.2128
161.893,14.1812
162.193,14.1518
162.506,14.1219
163.08,14.0697
163.381,14.0435
163.945,13.9969
164.485,13.9555
165.012,13.9181
165.515,13.8844
165.967,13.8543
166.419,13.8237
166.846,13.7939
167.235,13.7653
167.624,13.7346
167.985,13.7032
168.36,13.6637
168.747,13.6135
169.145,13.549
169.552,13.4669
169.954,13.3645
170.363,13.2367
170.751,13.0892
171.152,12.9076
171.507,12.7178
171.868,12.4878
172.232,12.2107
172.58,11.9012
172.902,11.5653
173.203,11.1935
173.477,10.7864
173.721,10.3466
173.927,9.88724
174.102,9.38872
174.235,8.87732
174.332,8.34499
174.393,7.80728
174.398,7.27078
174.389,6.69197
174.35,6.13968
174.277,5.56543
174.228,5.26726
174.174,4.97014
174.055,4.4035
173.987,4.10922
173.847,3.5347
173.772,3.2419
173.627,2.68137
173.482,2.12108
173.337,1.56058
173.195,1.00696
173.058,0.457306
172.928,-0.0808105
172.8,-0.619736
172.685,-1.12268
172.575,-1.61407
172.475,-2.0816
172.38,-2.53749
172.291,-2.9819
172.213,-3.40248
172.139,-3.8241
172.081,-4.20285
172.026,-4.60172
171.981,-4.96399
171.945,-5.32718
171.921,-5.66614
171.909,-6.01831
171.911,-6.33292
171.926,-6.64714
171.956,-6.96037
172,-7.27193
172.058,-7.58121
172.129,-7.87352
172.212,-8.16362
172.312,-8.44882
172.432,-8.73961
172.565,-9.01083
172.727,-9.295
172.906,-9.56868
173.111,-9.84001
173.339,-10.1083
173.583,-10.3626
173.851,-10.6101
174.129,-10.8293
174.456,-11.0646
174.807,-11.287
175.191,-11.5014
175.608,-11.7091
176.022,-11.8929
176.468,-12.0659
176.922,-12.2175
177.395,-12.3481
177.898,-12.4602
178.432,-12.5511
178.958,-12.6135
179.521,-12.6688
180.086,-12.7111
180.664,-12.746
181.255,-12.7777
181.858,-12.8094
182.16,-12.826
182.474,-12.8435
182.788,-12.8619
183.403,-12.9005
183.717,-12.9215
184.031,-12.9434
184.345,-12.9661
184.671,-12.9903
184.998,-13.015
185.324,-13.0399
185.943,-13.0877
186.27,-13.113
186.608,-13.1393
186.922,-13.1638
187.248,-13.1895
187.6,-13.2171
187.926,-13.243
188.252,-13.2689
188.591,-13.2961
188.917,-13.3226
189.256,-13.3504
189.582,-13.3773
189.908,-13.4045
190.234,-13.4318
190.585,-13.4614
190.911,-13.4889
191.25,-13.5176
191.576,-13.5453
191.915,-13.5741
192.253,-13.6028
192.579,-13.6303
192.9,-13.6576
193.226,-13.6847
193.552,-13.7115
193.891,-13.739
194.229,-13.7661
194.555,-13.792
194.907,-13.8194
195.233,-13.8445
195.572,-13.8705
195.898,-13.8953
196.225,-13.9199
196.576,-13.9462
196.902,-13.9705
197.254,-13.9965
197.58,-14.0207
197.919,-14.0459
198.27,-14.0721
198.597,-14.0966
198.948,-14.123
199.274,-14.1476
199.613,-14.1733
199.938,-14.198
200.277,-14.2238
200.616,-14.2497
200.955,-14.2756
201.294,-14.3013
201.632,-14.3271
201.971,-14.353
202.285,-14.3769
202.624,-14.4027
202.963,-14.4284
203.289,-14.4532
203.615,-14.4778
203.942,-14.5024
204.281,-14.528
204.607,-14.5525
204.933,-14.5767
205.26,-14.6006
205.598,-14.625
205.925,-14.6481
206.239,-14.6698
206.565,-14.6922
206.892,-14.7144
207.218,-14.7366
207.545,-14.7584
207.872,-14.7801
208.211,-14.8022
208.537,-14.8234
208.851,-14.8435
209.19,-14.865
209.529,-14.8863
209.856,-14.9063
210.183,-14.9261
210.535,-14.9472
210.861,-14.9665
211.188,-14.9857
211.527,-15.0056
211.866,-15.0255
212.193,-15.0445
212.52,-15.0636
212.859,-15.0836
213.198,-15.1036
213.537,-15.1237
213.877,-15.1437
214.203,-15.1631
214.55,-15.1837
214.876,-15.2032
215.203,-15.2226
215.542,-15.2426
215.881,-15.2624
216.22,-15.2821
216.56,-15.3018
216.899,-15.3214
217.238,-15.3409
217.577,-15.3601
217.917,-15.3788
218.256,-15.3974
218.595,-15.4158
218.922,-15.4331
219.262,-15.4509
219.601,-15.4686
219.94,-15.4859
220.292,-15.5037
220.644,-15.5213
220.971,-15.5375
221.323,-15.5547
221.662,-15.571
221.989,-15.5866
222.308,-15.601
222.66,-15.6171
222.987,-15.6321
223.339,-15.6479
223.666,-15.6623
224.005,-15.6771
224.332,-15.6912
224.659,-15.7053
224.986,-15.7194
225.3,-15.7328
225.627,-15.7466
225.929,-15.7594
226.256,-15.7728
226.558,-15.7851
226.86,-15.797
227.162,-15.8084
227.463,-15.8195
228.017,-15.8384
228.57,-15.8546
229.109,-15.8654
229.612,-15.8687
230.09,-15.8642
230.543,-15.8513
231.008,-15.8266
231.46,-15.7907
231.885,-15.7443
232.321,-15.6819
232.755,-15.6038
233.172,-15.5069
233.584,-15.3911
233.992,-15.2543
234.375,-15.0945
234.735,-14.914
235.081,-14.7076
235.4,-14.4831
235.709,-14.2256
236.005,-13.9346
236.278,-13.6212
236.539,-13.2663
236.781,-12.869
236.996,-12.4416
237.179,-11.9886
237.346,-11.514
237.5,-11.0083
237.636,-10.4845
237.754,-9.9433
237.852,-9.38553
237.933,-8.82501
237.971,-8.52533
238.037,-7.93759
238.068,-7.63708
238.098,-7.33646
238.126,-7.03577
238.154,-6.73492
238.181,-6.43411
238.226,-5.854
238.252,-5.55307
238.301,-4.9762
238.326,-4.67514
238.351,-4.37408
238.376,-4.07303
238.423,-3.49606
238.471,-2.9191
238.519,-2.36731
238.569,-1.81589
238.622,-1.28989
238.678,-0.776978
238.737,-0.289703
238.805,0.195038
238.873,0.643005
238.947,1.07712
239.031,1.50964
239.117,1.90311
239.214,2.29401
239.314,2.65805
239.43,3.03046
239.563,3.41043
239.719,3.79559
239.888,4.16107
240.086,4.53192
240.309,4.88263
240.55,5.20456
240.799,5.48853
241.081,5.75769
241.386,6.00156
241.72,6.22598
242.082,6.42944
242.48,6.61792
242.879,6.77322
243.311,6.90793
243.734,6.99713
244.205,7.07755
244.668,7.12994
245.145,7.1622
245.611,7.17709
246.102,7.17886
246.592,7.17102
247.058,7.15787
247.536,7.142
248.014,7.12521
248.492,7.10852
248.953,7.09003
249.418,7.07828
249.871,7.07239
250.312,7.07565
250.764,7.0907
251.179,7.11627
251.617,7.1593
252.053,7.22092
252.462,7.29822
252.841,7.39023
253.238,7.50955
253.6,7.64523
253.943,7.80142
254.275,7.98135
254.585,8.17511
254.897,8.40894
255.191,8.66501
255.464,8.94345
255.739,9.2713
255.997,9.62805
256.252,10.0327
256.484,10.4652
256.692,10.9305
256.874,11.4269
257.036,11.9695
257.174,12.5447
257.283,13.126
257.329,13.4245
257.371,13.7236
257.409,14.0233
257.444,14.336
257.476,14.649
257.506,14.9622
257.534,15.2756
257.563,15.6016
257.591,15.9276
257.618,16.2411
257.646,16.5671
257.674,16.8932
257.701,17.2192
257.72,17.526
257.747,17.8521
257.775,18.1782
257.802,18.5043
257.829,18.8304
257.856,19.1565
257.885,19.5077
257.912,19.8339
257.938,20.1475
257.965,20.4861
257.991,20.8123
258.019,21.151
258.045,21.4772
258.073,21.8286
258.099,22.1547
258.127,22.506
258.153,22.8322
258.181,23.1835
258.208,23.5223
258.235,23.861
258.263,24.2122
258.288,24.5273
258.317,24.8786
258.343,25.2047
258.372,25.556
258.401,25.9072
258.429,26.2458
258.457,26.5719
258.485,26.9105
258.512,27.224
258.542,27.5752
258.57,27.9012
258.599,28.2272
258.627,28.5532
258.653,28.8541
258.682,29.1801
258.707,29.4811
258.734,29.7946
258.76,30.0956
258.785,30.3965
258.835,30.986
258.882,31.563
258.924,32.095
258.964,32.6599
258.991,33.1626
259.007,33.6658
259.012,34.1692
259.002,34.6473
258.975,35.1248
258.932,35.5632
258.869,35.999
258.783,36.4182
258.674,36.819
258.539,37.2063
258.374,37.587
258.18,37.9546
257.961,38.3072
257.707,38.6513
257.435,38.9654
257.122,39.2752
256.786,39.5599
256.4,39.8407
255.981,40.0969
255.523,40.3275
255.037,40.535
254.516,40.721
253.973,40.8812
253.399,41.0241
253.104,41.0887
252.808,41.1485
252.498,41.2064
252.188,41.2596
251.877,41.3087
251.541,41.358
251.217,41.402
250.867,41.4463
250.555,41.4841
250.205,41.525
249.842,41.5656
249.492,41.6035
249.141,41.6398
248.766,41.6768
248.452,41.7002
248.076,41.7338
247.7,41.7664
247.324,41.7983
246.948,41.8296
246.571,41.8604
246.17,41.8933
245.806,41.923
245.417,41.9545
245.028,41.9863
244.627,42.019
244.251,42.0494
243.849,42.0818
243.448,42.1142
243.046,42.1462
242.645,42.178
242.243,42.2097
241.842,42.2413
241.44,42.2726
241.013,42.3056
240.612,42.3364
240.185,42.3691
239.775,42.4004
239.373,42.4309
238.959,42.4621
238.532,42.4942
238.118,42.5252
237.704,42.5562
237.302,42.5861
236.875,42.6177
236.474,42.6471
236.047,42.6784
235.645,42.7079
235.231,42.7382
234.817,42.7688
234.403,42.7996
234.001,42.8299
233.587,42.8618
233.186,42.8932
232.772,42.9261
232.37,42.9585
231.969,42.9914
231.542,43.0268
231.185,43.057
230.784,43.091
230.383,43.1251
229.969,43.1606
229.568,43.1949
229.166,43.2296
228.778,43.2634
228.389,43.2972
227.988,43.3323
227.587,43.3675
227.185,43.4026
226.809,43.4357
226.408,43.4711
226.007,43.5064
225.606,43.5417
225.204,43.5769
224.816,43.6107
224.415,43.6456
224.013,43.6802
223.612,43.7144
223.223,43.7474
222.822,43.7814
222.421,43.8152
222.037,43.8472
221.636,43.8806
221.234,43.9139
220.82,43.9481
220.419,43.9811
220.018,44.0141
219.616,44.0466
219.215,44.0789
218.813,44.1112
218.424,44.1421
218.01,44.1747
217.609,44.2063
217.195,44.2384
216.781,44.2705
216.379,44.3017
215.965,44.3335
215.551,44.3652
215.149,44.3957
214.722,44.4275
214.321,44.4572
213.907,44.4875
213.505,44.5165
213.076,44.5468
212.649,44.577
212.26,44.6044
211.833,44.6344
211.419,44.6633
210.992,44.6931
210.578,44.7218
210.163,44.7504
209.737,44.7797
209.31,44.8086
208.908,44.8357
208.481,44.8644
208.054,44.8928
207.652,44.9194
207.238,44.9466
206.823,44.9739
206.409,45.0011
206.007,45.0273
205.58,45.0549
205.178,45.0808
204.751,45.108
204.349,45.1334
203.973,45.1566
203.571,45.182
203.157,45.2081
202.742,45.234
202.34,45.2588
201.926,45.2844
201.524,45.309
201.122,45.3331
200.72,45.3568
200.317,45.3803
199.915,45.4035
199.513,45.4264
199.136,45.4477
198.734,45.4702
198.332,45.4924
197.93,45.5144
197.528,45.5362
197.151,45.5565
196.749,45.5779
196.359,45.5984
195.969,45.6188
195.569,45.6397
195.192,45.659
194.815,45.6781
194.425,45.6978
194.048,45.7167
193.671,45.7354
193.306,45.7534
192.954,45.7708
192.59,45.7889
192.225,45.8071
191.861,45.8255
191.509,45.8433
191.157,45.8613
190.83,45.8783
190.478,45.8968
190.151,45.9139
189.824,45.9314
189.485,45.9498
189.171,45.9671
188.857,45.9845
188.53,46.0029
187.939,46.0369
187.353,46.0723
186.813,46.1058
186.286,46.1418
185.771,46.182
185.282,46.2263
184.807,46.2771
184.357,46.3342
183.947,46.3974
183.538,46.4719
183.145,46.5572
182.736,46.659
182.362,46.7713
181.97,46.9089
181.633,47.0467
181.268,47.2176
180.924,47.4017
180.581,47.6121
180.253,47.8465
179.935,48.1138
179.628,48.4116
179.346,48.7326
179.073,49.0944
178.823,49.4732
178.604,49.898
178.421,50.3396
178.27,50.8068
178.157,51.2842
178.075,51.7809
178.026,52.2565
177.999,52.7466
177.994,53.2249
178.003,53.6904
178.028,54.1568
178.049,54.6094
178.071,55.0494
178.09,55.4769
178.105,55.9045
178.11,56.3072
178.107,56.6848
178.092,57.0747
178.066,57.4639
178.021,57.864
177.952,58.2609
177.865,58.641
177.751,59.0233
177.611,59.3872
177.432,59.7618
177.228,60.109
176.996,60.4381
176.73,60.7569
176.428,61.0603
176.092,61.344
175.719,61.6018
175.306,61.8414
174.842,62.068
174.366,62.2424
173.82,62.4352
173.265,62.6006
172.961,62.681
172.385,62.8148
172.064,62.8804
171.755,62.9394
171.42,62.9989
171.098,63.0533
170.75,63.1091
170.426,63.1581
170.09,63.2065
169.741,63.2548
169.391,63.3016
169.042,63.347
168.692,63.3913
168.343,63.435
167.98,63.4799
167.645,63.5103
167.295,63.553
166.933,63.5969
166.558,63.6418
166.196,63.685
165.821,63.7295
165.446,63.7736
165.058,63.8187
164.683,63.8618
164.295,63.9056
163.908,63.9489
163.52,63.9913
163.119,64.0341
162.731,64.0745
162.343,64.1139
161.942,64.1536
161.541,64.1921
161.14,64.2293
160.752,64.2646
160.351,64.3006
159.962,64.3345
159.561,64.3689
159.174,64.4033
158.747,64.4386
158.346,64.4711
157.945,64.5034
157.543,64.5357
157.142,64.5683
156.753,64.6002
156.351,64.6335
155.95,64.6671
155.549,64.7014
155.16,64.7355
154.784,64.7694
154.396,64.8053
154.02,64.8408
153.644,64.8765
153.28,64.9113
152.917,64.9465
152.541,64.9832
152.191,65.0175
151.84,65.0519
151.489,65.0862
151.142,65.1202
150.803,65.1531
150.478,65.1846
150.152,65.2159
149.826,65.2472
149.525,65.2759
149.225,65.3047
148.924,65.3335
148.623,65.3621
148.323,65.3909
147.784,65.4424
147.483,65.471
146.944,65.5216
146.644,65.5494
146.067,65.6021
145.766,65.6295
145.202,65.6804
144.889,65.7087
144.588,65.7357
144.27,65.7643
143.957,65.7923
143.656,65.8192
143.355,65.8464
143.029,65.8758
142.716,65.9043
142.403,65.9327
142.089,65.9614
141.776,65.9904
141.45,66.0207
141.124,66.0514
140.811,66.0808
140.485,66.1116
140.159,66.1424
139.834,66.1734
139.495,66.2056
139.157,66.2378
138.831,66.2689
138.493,66.3011
138.155,66.3329
137.816,66.3643
137.51,66.3925
137.159,66.4243
136.821,66.4546
136.482,66.4841
136.131,66.5139
135.78,66.543
135.441,66.5702
135.09,66.5977
134.751,66.6234
134.412,66.6482
134.06,66.6732
133.709,66.6974
133.345,66.7211
132.993,66.7434
132.641,66.7655
132.29,66.7876
131.938,66.8098
131.574,66.8327
131.222,66.8548
130.858,66.8778
130.506,66.9
130.142,66.9231
129.79,66.9453
129.437,66.9678
129.073,66.991
128.721,67.0134
128.369,67.0359
128.03,67.0578
127.666,67.0814
127.314,67.1043
126.962,67.1272
126.611,67.1502
126.259,67.1733
125.908,67.1965
125.556,67.2199
125.204,67.2434
124.853,67.267
124.501,67.2906
124.15,67.3144
123.81,67.3375
123.459,67.3616
123.107,67.3858
122.756,67.4101
122.417,67.4336
122.09,67.4564
121.738,67.4809
121.387,67.5054
121.035,67.53
120.683,67.5547
120.332,67.5794
119.955,67.6059
119.604,67.6308
119.252,67.6558
118.901,67.6807
118.549,67.7058
118.185,67.7319
117.834,67.7571
117.482,67.7823
117.118,67.8086
116.754,67.8347
116.403,67.8601
116.064,67.8845
115.712,67.9097
115.361,67.9348
114.997,67.9607
114.645,67.9855
114.294,68.0103
113.946,68.0347
113.594,68.0594
113.243,68.084
112.891,68.1084
112.54,68.1329
112.188,68.1574
111.824,68.1829
111.473,68.2079
111.121,68.233
110.77,68.2583
110.418,68.284
110.067,68.3099
109.728,68.3352
109.376,68.3618
109.025,68.3889
108.674,68.4162
108.322,68.4441
107.971,68.4723
107.62,68.5009
107.256,68.531
106.905,68.5605
106.554,68.5904
106.213,68.6199
105.849,68.6517
105.486,68.6841
105.135,68.7158
104.771,68.7491
104.42,68.7816
104.044,68.817
103.694,68.8503
103.33,68.8851
102.967,68.9203
102.616,68.9544
102.253,68.9899
101.877,69.0267
101.526,69.0611
101.151,69.0981
100.8,69.1326
100.424,69.1694
100.073,69.2035
99.7102,69.2389
99.3469,69.274
98.9961,69.3076
98.6453,69.3408
98.3074,69.3736
97.9565,69.406
97.593,69.4392
97.2546,69.4699
96.9161,69.5002
96.5651,69.5313
96.2265,69.5609
95.888,69.5902
95.5494,69.6194
95.2108,69.6483
94.8722,69.6769
94.5336,69.7053
94.2075,69.7324
93.8814,69.7591
93.5552,69.7858
93.229,69.8123
92.9029,69.8384
92.5767,69.8644
92.2505,69.8902
91.9493,69.9138
91.6356,69.938
91.3219,69.9622
90.7389,70.0065
90.149,70.0517
89.5718,70.0965
89.2707,70.1199
88.9695,70.1434
88.6433,70.1689
88.3422,70.1925
88.041,70.2161
87.7148,70.2417
87.4137,70.2654
87.0875,70.2911
86.7738,70.3158
86.4476,70.3417
86.1339,70.3665
85.8077,70.3924
85.469,70.4194
85.1428,70.4454
84.8166,70.4715
84.4997,70.4969
84.186,70.5218
83.8598,70.5477
83.5461,70.5726
83.2074,70.5993
82.8811,70.625
82.5549,70.6506
82.2161,70.6773
81.8523,70.7058
81.1999,70.7573
80.8987,70.781
80.5725,70.8068
80.2463,70.8326
79.9201,70.8586
79.5813,70.8855
79.2175,70.9143
78.9038,70.9392
78.5776,70.965
78.2263,70.993
77.8876,71.0199
77.5614,71.0457
77.2275,71.0718
76.8887,71.0987
76.5374,71.1264
76.1861,71.1542
75.8348,71.1819
75.4834,71.2095
75.1321,71.237
74.7683,71.2657
74.417,71.2934
74.0657,71.3213
73.7018,71.3501
73.338,71.3789
72.9867,71.4071
72.6229,71.4364
72.2716,71.4649
71.9078,71.4944
71.5441,71.5242
71.2054,71.5521
70.8542,71.5812
70.4905,71.6115
70.1393,71.6411
69.7756,71.6719
69.4245,71.7019
69.086,71.731
68.7224,71.7626
68.3588,71.7947
68.0078,71.8259
67.6568,71.8573
67.2933,71.8902
66.9423,71.922
66.5913,71.9541
66.2404,71.9865
65.8645,72.0214
65.5262,72.0531
65.1753,72.0863
64.837,72.1185
64.4988,72.1509
64.1605,72.1836
63.8223,72.2165
63.4715,72.2508
63.1459,72.283
62.8078,72.3166
62.4446,72.3528
61.7972,72.4185
61.1461,72.4848
60.5452,72.5468
60.2197,72.5804
59.8691,72.6165
59.2431,72.6805
58.6421,72.7414
58.3415,72.7717
58.0034,72.8055
57.4022,72.8655
56.776,72.9276
56.1999,72.9843
55.8992,73.0138
55.5986,73.0431
55.298,73.0724
54.9848,73.103
54.4261,73.1575
53.8749,73.2108
53.3112,73.2652
52.785,73.3157
52.2839,73.3637
51.7953,73.4105
51.3317,73.4546
50.8556,73.4999
50.4046,73.5432
49.9536,73.5864
49.5448,73.6247
49.106,73.6628
48.6666,73.6943
48.2517,73.712
47.849,73.7141
47.4466,73.6981
47.0457,73.66
46.6611,73.595
46.2957,73.5002
45.9396,73.375
45.5956,73.2197
45.2542,73.0312
44.9084,72.8049
44.594,72.5534
44.2812,72.2614
43.9794,71.9407
43.6891,71.5928
43.4081,71.2215
43.1338,70.8298
42.8736,70.4285
42.6341,70.0292
42.4038,69.6101
42.2001,69.2053
42.0192,68.7871
41.8459,68.3685
41.6872,67.9442
41.5538,67.5508
41.4217,67.1175
41.3137,66.7295
41.2116,66.3399
41.1159,65.9616
41.0304,65.6197
40.9447,65.2779
40.852,64.9249
40.7554,64.5803
40.6466,64.2319
40.5156,63.8645
40.3691,63.5029
40.2041,63.1494
40.0111,62.796
39.7895,62.4448
39.5296,62.0893
39.2446,61.7535
38.9358,61.4396
38.6045,61.1518
38.2137,60.8551
37.8347,60.6069
37.3834,60.3569
36.9269,60.1448
36.4346,59.9525
35.9307,59.7931
35.3941,59.6569
34.8503,59.5522
34.3019,59.4761
33.7253,59.4237
33.4238,59.4063
32.8786,59.404
32.5388,59.4038
32.2242,59.4093
31.8971,59.42
31.5828,59.4343
31.2561,59.4527
30.9296,59.4743
30.6033,59.499
30.3023,59.5244
29.9388,59.558
29.6257,59.5891
29.2502,59.6286
28.95,59.6619
28.5749,59.7049
28.2249,59.7456
27.8748,59.7865
27.5748,59.8217
27.1874,59.8674
26.8749,59.9044
26.4874,59.9503
26.1625,59.9892
25.7626,60.0367
25.4439,60.0783
25.0814,60.121
24.7188,60.1631
24.3687,60.2032
23.9935,60.2456
23.6433,60.2846
23.2679,60.3256
22.9176,60.3637
22.5923,60.3988
22.1918,60.4418
21.8414,60.4794
21.4785,60.5184
21.1782,60.5506
20.7903,60.5924
20.4774,60.6261
20.102,60.6667
19.7517,60.7045
19.4013,60.7425
19.076,60.7778
18.7256,60.8159
18.4003,60.8513
18.0851,60.8848
17.7848,60.9179
17.4346,60.9567
16.7966,61.0275
16.1962,61.0947
15.5959,61.1619
15.0205,61.2267
14.4577,61.2901
13.9075,61.3524
13.3697,61.4135
12.857,61.4716
12.3316,61.5303
11.8563,61.5834
11.3933,61.6345
10.9427,61.6821
10.5166,61.7218
10.1151,61.7532
9.72564,61.7766
9.3609,61.7897
9.00852,61.7923
8.64366,61.7834
8.31721,61.7612
7.96756,61.7177
7.63416,61.6525
7.26917,61.5596
6.92615,61.4352
6.59423,61.2836
6.27542,61.1061
5.95124,60.8892
5.65551,60.6546
5.36287,60.3782
5.1033,60.087
4.85598,59.7535
4.63494,59.3873
4.43833,58.9932
4.27958,58.5634
4.13029,58.1091
4.0014,57.6225
3.89395,57.1179
3.80782,56.6091
3.73631,56.0727
3.68145,55.547
3.63604,55.0077
3.59818,54.4805
3.56342,53.9404
3.5326,53.4127
3.37209,51.1583
3.34483,50.6934
3.31941,50.2789
3.29103,49.8771
2.9966,48.3597
2.92562,47.9761
2.84751,47.6325
2.84213,47.26
2.72348,46.9016
2.57962,46.539
2.41177,46.1869
2.22292,45.8601
2.00097,45.5393
1.72845,45.2096
1.43607,44.9148
1.08849,44.6244
0.704796,44.3608
0.273521,44.1269
-0.110416,43.9399
-0.625767,43.7751
-1.16447,43.6474
-1.72346,43.5568
-2.29926,43.4973
-2.60073,43.4785
-2.90257,43.467
-3.20459,43.4624
-3.51924,43.463
-3.82125,43.4686
-4.42496,43.4905
-4.73922,43.5061
-5.05335,43.524
-5.35481,43.543
-5.66877,43.5639
-5.98266,43.5857
-6.55462,43.6315
-6.8685,43.6534
-7.1699,43.6734
-7.74788,43.7068
-8.33899,43.7289
-8.90531,43.7341
-9.47133,43.7164
-10.0105,43.6704
-10.496,43.5989
-11.0239,43.4805
-11.5291,43.3252
-12.0198,43.1292
-12.4969,42.8911
-12.9537,42.6013
-13.3795,42.2677
-13.771,41.8944
-14.1308,41.4737
-14.4551,41.0097
-14.7256,40.5411
-14.9684,40.0295
-15.1786,39.5037
-15.3586,38.9668
-15.5026,38.4452
-15.6144,37.9104
-15.7174,37.3791
-15.8085,36.8329
-15.8864,36.2974
-15.9557,35.7606
-16.0153,35.2354
-16.0644,34.747
-16.1082,34.2328
-16.1398,33.7556
-16.1595,33.2652
-16.1615,32.7995
-16.1471,32.322
-16.1119,31.8704
-16.0516,31.4087
-15.9623,30.9646
-15.8383,30.529
-15.6702,30.0948
-15.4552,29.6679
-15.1981,29.2648
-14.8834,28.8722
-14.5237,28.5025
-14.1166,28.1658
-13.6687,27.8818
-13.168,27.6175
-12.6589,27.3999
-12.3751,27.2965
-11.8215,27.1275
-11.2584,26.993
-10.9496,26.9328
-10.6393,26.8807
-10.3279,26.8355
-10.0282,26.7981
-9.72789,26.7655
-9.41466,26.7357
-9.08858,26.7082
-8.76227,26.6836
-8.44835,26.6623
-8.12175,26.6417
-7.79508,26.6226
-7.46877,26.6068
-7.14195,26.5904
-6.80252,26.5742
-6.46304,26.5589
-6.13611,26.5448
-5.79659,26.5305
-5.45704,26.5169
-5.13005,26.5042
-4.79048,26.4912
-4.46347,26.4788
-4.11131,26.4657
-3.78429,26.4539
-3.44469,26.4418
-3.0925,26.4293
-2.7529,26.4173
-2.41329,26.4052
-2.07369,26.3931
-1.7215,26.3806
-1.36931,26.3681
-1.01713,26.3557
-0.677521,26.3436
-0.325344,26.3309
0.00687599,26.319
0.359018,26.3053
0.698544,26.2912
1.05061,26.2756
1.39007,26.26
1.74207,26.243
2.09402,26.2251
2.44594,26.2066
2.78526,26.1882
3.13711,26.1683
3.50147,26.1469
3.85324,26.1256
4.20497,26.1038
4.58178,26.0797
4.946,26.056
5.31019,26.0319
5.67438,26.0075
6.0511,25.9821
6.42782,25.9567
6.80454,25.9311
7.18125,25.9056
7.55797,25.8801
7.9047,25.8559
8.29396,25.8293
8.68322,25.8028
9.05993,25.7772
9.44918,25.7506
9.82588,25.7248
10.2277,25.6973
10.6169,25.6706
11.0062,25.6435
11.4079,25.6154
11.8097,25.5871
12.1989,25.5594
12.6006,25.5308
13.0023,25.5019
13.404,25.4727
13.8183,25.4426
14.2074,25.4141
14.609,25.3845
15.0107,25.355
15.4123,25.3254
15.814,25.2958
16.2282,25.2655
16.6026,25.2383
17.0043,25.2093
17.406,25.1805
17.8077,25.1517
18.2094,25.1231
18.6237,25.0938
19.0255,25.0655
19.4273,25.0375
19.829,25.0096
20.2434,24.9806
20.6451,24.9525
21.0469,24.9244
21.4487,24.896
21.8629,24.8666
22.2521,24.8388
22.6664,24.8089
23.0806,24.7788
23.4823,24.7492
23.8965,24.7184
24.3106,24.6873
24.7122,24.6568
25.1264,24.6253
25.5246,24.5946
25.9387,24.5628
26.3403,24.532
26.7544,24.5001
27.156,24.4695
27.5827,24.437
27.9968,24.4055
28.3984,24.3751
28.8251,24.343
29.2393,24.3121
29.6535,24.2814
30.0677,24.2509
30.4945,24.2196
30.9088,24.1893
31.323,24.1591
31.7498,24.128
32.1766,24.0969
32.5908,24.0669
33.0051,24.0371
33.4193,24.0071
33.8336,23.9774
34.2605,23.9469
34.6784,23.9166
35.0801,23.8877
35.4943,23.8578
35.9211,23.8268
36.3479,23.7957
36.7622,23.7656
37.1889,23.7343
37.6032,23.7039
38.0174,23.6734
38.4441,23.6418
38.8583,23.611
39.2725,23.58
39.6741,23.5498
40.0757,23.5195
40.4773,23.489
40.8789,23.4584
41.268,23.4287
41.6695,23.398
42.0711,23.3673
42.4601,23.3376
42.8492,23.3078
43.2382,23.2781
43.6257,23.2485
44.0147,23.2186
44.3912,23.1898
44.7677,23.161
45.1442,23.1324
45.5081,23.1047
45.8595,23.0782
46.236,23.0498
46.5874,23.0233
46.9388,22.9969
47.2902,22.9705
47.6291,22.9452
47.9805,22.9192
48.3194,22.8939
48.6583,22.8687
48.9972,22.8436
49.3235,22.8195
49.6499,22.7954
49.9762,22.7713
50.3026,22.7472
50.6164,22.724
50.9302,22.7008
51.5261,22.6572
51.8273,22.6351
52.1286,22.6132
52.6935,22.5722
53.2458,22.5323
53.7981,22.4923
54.3128,22.4553
54.815,22.4192
55.3171,22.3833
55.8067,22.3484
56.3089,22.3124
56.8361,22.2745
57.4031,22.2332
57.968,22.1917
58.5579,22.1477
59.1352,22.1036
59.4363,22.0802
59.7374,22.0566
60.0386,22.0326
60.3396,22.0083
60.9166,21.9608
61.4935,21.9121
62.0453,21.8643
62.6094,21.8139
63.1609,21.764
63.7267,21.7122
64.2908,21.6617
64.855,21.6122
65.4193,21.5636
65.9711,21.5173
66.5231,21.4722
67.0626,21.4292
67.5896,21.3883
68.0916,21.3503
68.5685,21.3146
69.0455,21.2788
69.4778,21.2462
69.917,21.2126
70.3438,21.1805
70.7454,21.1509
71.1346,21.1238
71.4989,21.1014
71.8759,21.0808
72.2154,21.0647
72.5423,21.0515
72.97,21.0379
73.3664,21.0286
73.7188,21.0242
74.0586,21.0225
74.411,21.0241
74.7632,21.0326
75.1402,21.053
75.5034,21.089
75.8766,21.151
76.2304,21.2405
76.611,21.3718
76.9785,21.536
77.3511,21.7462
77.702,21.9908
77.9352,22.1827
78.1643,22.3983
78.3768,22.6302
78.5659,22.8814
78.7585,23.1612
78.9371,23.465
79.1007,23.7912
79.2517,24.1509
79.3783,24.5065
79.4921,24.8928
79.5846,25.2848
79.6568,25.681
79.7115,26.0799
79.7539,26.4931
79.7686,26.8638
79.7928,27.2658
79.814,27.668
79.8335,28.0577
79.8529,28.4473
79.8725,28.8244
79.8938,29.1761
79.9209,29.5401
79.9506,29.8786
79.9864,30.2292
80.0257,30.554
80.0741,30.8851
80.127,31.1952
80.1897,31.5036
80.2639,31.8094
80.3505,32.1118
80.4501,32.4102
80.5633,32.7038
80.6901,32.9917
80.832,33.2725
80.9952,33.5561
81.1669,33.8196
81.362,34.0853
81.5707,34.3374
81.7949,34.5756
82.0427,34.8081
82.3043,35.0248
82.5897,35.2314
82.8993,35.4246
83.255,35.6133
83.6115,35.7718
83.9898,35.9097
84.4007,36.0288
84.805,36.1077
85.2527,36.1771
85.7032,36.2246
86.1807,36.2506
86.6589,36.258
87.1371,36.2495
87.64,36.2282
88.1551,36.1965
88.6823,36.1585
89.1968,36.1184
89.7487,36.0732
90.2952,36.0198
90.8468,35.9706
91.1476,35.9432
91.7241,35.8896
92.313,35.8341
92.6137,35.8054
93.1774,35.7509
93.478,35.7213
93.7786,35.6914
94.0792,35.6612
94.3797,35.6309
94.6802,35.6004
94.9807,35.5699
95.5692,35.5104
95.8697,35.4799
96.1703,35.4494
96.7655,35.39
97.0661,35.3597
97.3666,35.3295
97.6672,35.2994
97.9677,35.2694
98.2683,35.2395
98.5814,35.2085
98.8945,35.1776
99.1952,35.1479
99.4958,35.1183
99.8089,35.0878
100.122,35.0571
100.435,35.0266
100.748,34.9962
101.074,34.9648
101.375,34.9358
101.688,34.9058
102.014,34.8748
102.314,34.8464
102.64,34.8159
102.966,34.7856
103.295,34.7554
103.621,34.7256
103.947,34.696
104.26,34.6678
104.586,34.6385
104.899,34.6109
105.225,34.5824
105.551,34.5543
105.865,34.5277
106.191,34.5003
106.517,34.4732
106.843,34.4464
107.169,34.42
107.496,34.3939
107.834,34.3672
108.148,34.3429
108.474,34.318
108.801,34.2935
109.14,34.2684
109.466,34.2446
109.792,34.2212
110.119,34.1981
110.433,34.1768
110.759,34.1543
111.086,34.1321
111.425,34.1093
111.751,34.0877
112.09,34.0653
112.404,34.0447
112.731,34.0235
113.07,34.0016
113.409,33.9798
113.736,33.9588
114.062,33.9379
114.389,33.917
114.728,33.8954
115.055,33.8747
115.381,33.8539
115.72,33.8325
116.047,33.812
116.373,33.7914
116.713,33.7702
117.052,33.749
117.378,33.7288
117.695,33.7089
118.022,33.6888
118.374,33.6673
118.688,33.6481
119.014,33.6283
119.354,33.6078
119.68,33.588
120.019,33.5676
120.346,33.5481
120.685,33.5278
120.999,33.5091
121.326,33.4895
121.665,33.4694
122.004,33.4494
122.331,33.4302
122.658,33.4111
122.997,33.3912
123.336,33.3714
123.663,33.3523
124.002,33.3326
124.329,33.3137
124.668,33.2941
124.995,33.2755
125.318,33.2568
125.669,33.2367
125.996,33.218
126.323,33.1993
126.675,33.1793
127.001,33.1607
127.341,33.1413
127.667,33.1223
128.007,33.1026
128.346,33.0829
128.685,33.063
129.024,33.0428
129.363,33.0223
129.703,33.0013
130.029,32.9805
130.381,32.9575
130.707,32.9355
131.046,32.9121
131.373,32.8889
131.712,32.8643
132.063,32.8382
132.379,32.8137
132.73,32.7864
133.069,32.7595
133.407,32.7318
133.733,32.7049
134.085,32.6756
134.423,32.6471
134.762,32.6184
135.113,32.5885
135.452,32.5592
135.803,32.5288
136.141,32.4997
136.48,32.4705
136.831,32.4404
137.157,32.4124
137.508,32.3823
137.847,32.3533
138.173,32.3255
138.499,32.2976
138.85,32.2677
139.176,32.2401
139.502,32.2125
139.806,32.1862
140.119,32.1597
140.445,32.1322
140.759,32.1058
141.072,32.0796
141.386,32.0535
141.7,32.0273
142.013,32.0013
142.314,31.9764
142.615,31.9516
143.192,31.9044
143.757,31.8584
144.296,31.8149
144.836,31.7716
145.337,31.732
145.852,31.6932
146.354,31.6573
146.819,31.6273
147.296,31.6012
147.749,31.5826
148.214,31.5712
148.655,31.5684
149.095,31.576
149.56,31.5983
149.999,31.6349
150.449,31.6935
150.857,31.7672
151.285,31.8734
151.693,32.0016
152.104,32.1588
152.468,32.3302
152.852,32.5469
153.207,32.7854
153.542,33.052
153.85,33.3484
154.128,33.6734
154.382,34.0335
154.614,34.437
154.79,34.8394
154.961,35.2724
155.11,35.7138
155.238,36.1615
155.353,36.6257
155.442,37.0443
155.523,37.4899
155.591,37.9251
155.647,38.3493
155.692,38.7622
155.725,39.1509
155.754,39.5657
155.771,39.9429
155.78,40.3203
155.781,40.6727
155.774,41.0502
155.756,41.4148
155.727,41.7786
155.682,42.1534
155.617,42.5254
155.54,42.8563
155.435,43.2056
155.302,43.5272
155.154,43.847
154.975,44.1651
154.765,44.4781
154.523,44.7842
154.251,45.0813
153.949,45.3668
153.63,45.6324
153.273,45.89
152.9,46.1251
152.492,46.3493
152.063,46.5584
151.633,46.7367
151.148,46.9119
150.667,47.0598
150.155,47.1928
149.627,47.3104
149.108,47.4119
148.55,47.5111
147.979,47.6058
147.408,47.6975
147.109,47.7446
146.811,47.7914
146.238,47.874
145.94,47.919
145.641,47.9632
145.342,48.0063
145.043,48.0486
144.719,48.0927
144.407,48.1333
144.082,48.1736
143.769,48.2102
143.444,48.2461
143.131,48.2788
142.805,48.3107
142.492,48.3398
142.179,48.3678
141.853,48.3961
141.527,48.4236
141.201,48.4507
140.874,48.4775
140.548,48.5039
140.222,48.5301
139.896,48.5561
139.314,48.5965
139.001,48.6209
138.687,48.6452
138.386,48.6683
138.072,48.6925
137.771,48.7156
137.194,48.7601
136.654,48.802
136.115,48.8444
135.6,48.8854
135.111,48.9252
134.659,48.9628
134.221,49.0002
133.81,49.0362
133.434,49.0694
133.083,49.1009
132.782,49.1281
132.369,49.166
132.03,49.1974
131.655,49.2326
131.354,49.261
131.006,49.2938
130.705,49.3226
130.392,49.3528
130.091,49.382
129.77,49.4136
129.445,49.4457
129.144,49.4749
128.818,49.506
128.442,49.5409
128.066,49.5747
127.714,49.6052
127.312,49.6392
126.911,49.6724
126.509,49.7049
126.133,49.7351
125.744,49.7664
125.38,49.7958
125.011,49.825
124.622,49.8564
124.196,49.8949
123.758,49.9392
123.445,49.974
123.12,50.0135
122.796,50.0563
122.484,50.0997
122.16,50.1459
121.837,50.1926
121.525,50.2383
121.189,50.287
120.865,50.3338
120.554,50.3787
120.23,50.4256
119.794,50.4884
119.37,50.549
118.947,50.6092
118.573,50.662
118.266,50.7049
117.917,50.7537
117.606,50.7971
117.294,50.8403
116.988,50.8825
116.653,50.9284
116.329,50.9725
115.992,51.0181
115.641,51.0657
115.342,51.1064
115.043,51.1473
114.718,51.1918
114.419,51.2328
114.115,51.2726
113.79,51.3091
113.477,51.333
113.143,51.3427
112.816,51.3336
112.478,51.3042
112.166,51.2591
111.869,51.2006
