107.563,-9.397,0,107.917,-3.70805,0
107.571,-9.266,0,107.9,-3.98096,0
108.553,-10.0411,1.02818,108.993,-2.97828,1.02818
108.542,-10.2146,1.02818,109.018,-2.57437,1.02818
109.709,-10.1823,2.17349,110.267,-0.240617,2.17349
109.715,-10.0767,2.17349,110.227,-0.948389,2.17349
110.984,-10.323,3.43208,111.329,-3.21379,3.43208
110.982,-10.3701,3.43208,111.349,-2.79592,3.43208
112.37,-10.4012,4.741,112.521,-3.41971,4.741
112.369,-10.4709,4.741,113.5,-3.36386,5.9975
113.838,-10.5065,5.9975,114.149,-3.20299,7.21817
113.835,-10.4378,5.9975,114.485,-2.98298,8.40096
115.475,-10.2559,7.21817,114.538,-3.11338,8.40096
115.478,-10.2714,7.21817,115.275,-3.63297,9.59229
117.534,-10.5361,8.40096,115.311,-3.68399,9.59229
117.592,-10.6795,8.40096,115.919,-3.4422,10.8254
119.956,-10.2508,9.59229,115.96,-3.4785,10.8254
119.504,-9.61123,9.59229,116.205,-2.72168,12.1466
122.229,-9.04342,10.8254,116.083,-2.65458,12.1466
123.08,-9.79877,10.8254,116.121,-1.74333,13.5308
124.629,-7.34549,12.1466,116.067,-1.72574,13.5308
125.588,-4.78354,13.5308,115.76,-0.518376,15.0265
122.774,-3.88006,13.5308,115.871,-0.539031,15.0265
123.177,-1.90368,15.0265,115.813,0.41358,16.0963
126.081,-2.44615,15.0265,115.745,0.423383,16.0963
126.282,-1.09912,16.0963,115.869,1.42715,17.1787
126.434,0.11576,17.1787,116.04,1.40589,17.1787
126.563,1.32733,18.261,115.873,2.44665,18.261
126.667,2.52746,19.3308,115.766,2.45786,18.261
126.749,3.66844,20.374,115.945,3.44466,19.3308
124.116,3.85604,20.374,115.945,3.44466,19.3308
122.436,5.07073,21.4564,116.11,4.42664,20.374
122.561,5.06222,21.4564,116.27,4.41521,20.374
124.516,6.01758,22.5262,116.698,5.45887,21.4564
126.894,5.86447,22.5262,117.774,5.3861,21.4564
126.959,6.92695,23.5709,116.242,6.55031,22.5262
127.021,7.95582,24.5903,115.481,6.59931,22.5262
123.928,9.5146,26.016,117.564,7.5055,23.5709
123.767,9.52652,26.016,116.743,7.55606,23.5709
124.007,10.6918,27.3752,116.804,8.56874,24.5903
124.033,10.6886,27.3752,116.727,8.57338,24.5903
123.872,11.675,28.6589,116.835,10.04,26.016
123.872,11.675,28.6589,117.733,9.97349,26.016
123.884,12.4096,29.867,115.897,11.6724,27.3752
123.884,12.4096,29.867,116.087,11.6495,27.3752
123.957,12.948,30.992,118.183,12.8982,28.6589
123.904,12.9811,30.992,118.037,12.9297,28.6589
124.068,13.5484,32.1747,116.689,15.1212,29.867
123.963,13.6555,32.1747,114.253,16.0392,29.867
124.276,14.6561,33.4834,115.47,18.2491,30.992
124.125,14.8999,33.4834,117.36,20.3811,32.1747
125.334,15.1435,34.9557,119.719,22.0433,33.4834
125.415,14.924,34.9557,123.466,20.1685,34.9557
126.416,13.8756,36.0071,123.496,20.0862,34.9557
126.63,12.792,36.0071,125.287,19.6001,36.0071
127.395,12.8581,37.1272,125.275,19.6596,36.0071
128.532,9.81355,38.2851,126.65,19.8184,37.1272
129.432,9.81717,39.5059,126.71,19.2611,37.1272
130.398,9.88489,40.7519,127.816,22.2833,38.2851
131.429,9.81793,42.0192,127.718,23.9902,38.2851
132.92,12.8227,43.3533,129.26,24.0161,39.5059
133.005,14.0574,43.3533,130.787,23.9795,40.7519
134.181,12.1894,44.6748,132.289,23.8916,42.0192
133.994,9.63568,44.6748,133.441,20.4048,43.3533
135.021,9.56013,45.7069,133.43,20.2496,43.3533
136.039,9.4854,46.7264,134.743,19.87,44.6748
137.084,9.4092,47.771,134.753,20.0079,44.6748
138.143,9.3327,48.8282,136.055,23.6221,45.7069
139.188,9.25843,49.8676,137.071,23.5476,46.7264
140.26,9.18302,50.9374,138.109,23.4719,47.771
140.385,10.9599,50.9374,139.159,23.396,48.8282
141.609,13.0602,52.0072,140.187,23.323,49.8676
141.636,13.4416,52.0072,141.25,23.2483,50.9374
142.574,11.6,53.077,141.122,21.4359,50.9374
142.393,9.03409,53.077,142.009,18.8409,52.0072
143.49,8.95548,54.1846,141.969,18.2612,52.0072
144.599,8.87466,55.3048,143.158,19.8725,53.077
145.698,8.79167,56.4249,143.386,23.0991,53.077
146.778,8.7058,57.5362,144.498,23.0194,54.1846
147.88,8.61393,58.6689,145.624,22.9373,55.3048
148.98,8.51763,59.8016,146.759,22.8517,56.4249
149.249,11.5996,59.8016,147.895,22.7616,57.5362
150.501,13.0405,60.9344,149.051,22.6652,58.6689
150.444,12.4306,60.9344,149.903,19.0773,59.8016
151.334,10.0821,62.0671,149.897,19.0039,59.8016
151.159,8.30943,62.0671,151.051,18.9948,60.9344
152.213,8.20023,63.1621,150.969,18.1048,60.9344
153.296,8.08317,64.2822,152.325,20.16,62.0671
154.358,7.96438,65.3772,152.54,22.3417,62.0671
155.4,7.84652,66.435,153.666,22.2252,63.1621
156.476,7.72674,67.5049,154.81,22.1016,64.2822
157.906,10.9894,68.5621,155.925,21.9771,65.3772
157.928,11.1913,68.5621,156.985,21.8571,66.435
158.93,11.0808,69.5689,158.036,21.7401,67.5049
158.965,11.4039,69.5689,157.583,17.6669,67.5049
159.674,8.60078,70.5758,158.458,15.9855,68.5621
159.541,7.38926,70.5758,158.547,16.7931,68.5621
160.834,7.15213,71.8596,159.558,16.7776,69.5689
162.406,7.0018,73.3669,159.494,16.1973,69.5689
163.91,6.87885,74.7765,160.762,18.5395,70.5758
165.025,6.80125,75.8085,161.064,21.3061,70.5758
165.244,9.96879,75.8085,162.315,21.1741,71.8596
166.703,11.6959,77.1426,163.745,21.0381,73.3669
166.646,10.8578,77.1426,165.052,20.9325,74.7765
167.704,10.1802,78.2856,165.997,20.8677,75.8085
167.667,9.71583,78.2856,165.939,20.026,75.8085
168.618,9.58387,79.456,167.001,16.0777,77.1426
169.369,9.36204,80.7145,167.007,16.1713,77.1426
169.59,10.2248,80.7145,168.174,16.0785,78.2856
170.688,10.9105,81.9728,168.178,16.1252,78.2856
170.674,10.8794,81.9728,169.478,16.052,79.456
171.357,10.2951,83.3237,169.476,16.038,79.456
171.325,10.2527,83.3237,171.057,15.9434,80.7145
170.908,8.71978,84.758,170.952,15.5336,80.7145
170.36,8.27903,84.758,173.738,17.6378,81.9728
170.35,8.09637,85.7645,174.439,19.184,81.9728
170.41,7.70879,86.8214,176.881,17.5504,83.3237
170.435,7.22495,87.9036,179.009,15.237,84.758
170.389,6.70412,89.019,180.186,13.0213,85.7645
170.297,5.96308,90.1516,178.593,12.2238,85.7645
167.081,5.7325,91.3347,176.94,9.70351,86.8214
166.874,4.92295,92.5303,177.484,9.86966,86.8214
169.93,4.17824,92.5303,177.48,8.26154,87.9036
171.342,2.67606,93.6882,177.622,8.28247,87.9036
170.772,2.82375,93.6882,177.358,6.68295,89.019
167.975,2.35096,94.8387,177.296,6.68314,89.019
166.319,2.77724,94.8387,177.264,5.26704,90.1516
166.033,1.6136,95.9588,177.198,5.27356,90.1516
165.77,0.488536,97.0286,176.94,3.85395,91.3347
169.582,-0.399623,97.0286,177.004,3.84166,91.3347
170.842,-2.20568,98.476,176.966,2.46352,92.5303
169.931,-2.0093,98.476,176.894,2.48128,92.5303
169.862,-3.39879,99.7849,176.77,1.26841,93.6882
169.931,-3.41159,99.7849,176.849,1.24801,93.6882
169.756,-4.65543,100.936,176.84,0.0684416,94.8387
169.756,-4.65543,100.936,176.887,0.0564375,94.8387
169.667,-5.86454,101.993,176.724,-1.01373,95.9588
169.6,-5.85995,101.993,175.856,-0.800486,95.9588
169.598,-7.44616,103.251,177.65,-2.27968,97.0286
169.686,-7.4398,103.251,179.6,-2.7339,97.0286
169.304,-9.2462,104.471,179.32,-4.03475,98.476
169.787,-9.11827,104.471,179.119,-5.1276,99.7849
169.778,-10.7414,105.415,178.463,-5.00511,99.7849
169.015,-11.1158,105.415,175.618,-5.46824,100.936
169.078,-13.3152,106.434,175.943,-5.5133,100.936
168.785,-13.536,106.434,175.9,-6.29207,101.993
170.556,-14.744,107.505,175.989,-6.98246,103.251
173.587,-14.0366,108.764,176.178,-7.42382,104.471
173.751,-13.7775,108.764,176.318,-7.53342,105.415
175.619,-13.9872,110.16,175.316,-8.02499,105.415
175.694,-13.8165,110.16,174.69,-9.09162,106.434
177.333,-14.5088,111.645,174.807,-9.00377,106.434
177.227,-14.8944,111.645,175.111,-9.7536,107.505
178.596,-15.1125,112.716,175.112,-9.75274,107.505
178.599,-15.0924,112.716,175.971,-10.2697,108.764
179.878,-15.1128,113.849,175.841,-10.4747,108.764
179.873,-15.1712,113.849,176.945,-10.9874,110.16
181.109,-15.3408,115.019,177.051,-10.7481,110.16
181.111,-15.294,115.019,178.469,-10.391,111.645
182.338,-15.3601,116.24,178.482,-10.3445,111.645
182.338,-15.3648,116.24,179.272,-10.4415,112.716
183.571,-15.2513,117.486,179.272,-10.439,112.716
183.632,-14.2811,117.486,180.275,-10.5221,113.849
184.812,-15.561,118.77,180.279,-10.4841,113.849
184.799,-15.7363,118.77,181.382,-10.5461,115.019
186.158,-14.5696,120.046,181.38,-10.5829,115.019
186.072,-15.6804,120.046,182.592,-10.6482,116.24
187.399,-15.7843,121.38,182.592,-10.6482,116.24
187.397,-15.8092,121.38,183.855,-10.7274,117.486
188.709,-15.9143,122.701,183.854,-10.7464,117.486
188.715,-15.8396,122.701,185.143,-11.0224,118.77
190.018,-16.0432,124.023,185.133,-11.1552,118.77
190.022,-15.9902,124.023,186.431,-11.0186,120.046
191.042,-15.9838,125.042,186.442,-10.8768,120.046
191.039,-16.0196,125.042,187.775,-10.9812,121.38
192.041,-16.1047,126.049,187.775,-10.9771,121.38
192.041,-16.1016,126.049,189.089,-11.1717,122.701
193.366,-15.9288,127.353,189.095,-11.097,122.701
193.363,-15.9642,127.353,190.426,-11.1122,124.023
194.351,-16.3354,128.359,190.422,-11.164,124.023
194.354,-16.3042,128.359,191.441,-11.2501,125.042
195.385,-16.2886,129.379,191.445,-11.2065,125.042
195.379,-16.3631,129.379,192.457,-11.1979,126.049
196.38,-16.5388,130.386,192.443,-11.3686,126.049
196.383,-16.503,130.386,193.718,-11.7246,127.353
197.397,-16.4802,131.393,193.724,-11.6511,127.353
197.401,-16.4393,131.393,194.735,-11.5536,128.359
198.409,-16.6099,132.412,194.746,-11.4228,128.359
198.413,-16.5647,132.412,195.755,-11.5008,129.379
199.427,-16.6413,133.432,195.754,-11.5171,129.379
199.427,-16.6413,133.432,196.761,-11.4956,130.386
200.428,-16.7175,134.437,196.755,-11.5701,130.386
200.428,-16.7175,134.437,197.756,-11.6444,131.393
201.466,-16.5192,135.457,197.756,-11.6444,131.393
201.469,-16.4787,135.457,198.774,-11.7204,132.412
202.785,-16.7576,136.791,198.777,-11.678,132.412
202.78,-16.8292,136.791,199.796,-11.7549,133.432
204.099,-16.9289,138.112,199.793,-11.7973,133.432
204.097,-16.9508,138.112,200.797,-11.8737,134.437
205.42,-17.0481,139.434,200.793,-11.9205,134.437
205.417,-17.0847,139.434,201.79,-12.2643,135.457
206.722,-17.1748,140.73,201.791,-12.2444,135.457
206.727,-17.0915,140.73,203.121,-12.3458,136.791
208.046,-17.2718,142.052,203.114,-12.444,136.791
208.044,-17.3014,142.052,204.449,-12.2966,138.112
209.382,-17.1982,143.373,204.456,-12.2031,138.112
209.389,-17.0849,143.373,205.77,-12.2998,139.434
210.401,-17.1463,144.38,205.773,-12.2486,139.434
210.393,-17.2773,144.38,207.056,-12.3373,140.73
211.724,-17.451,145.714,207.056,-12.3373,140.73
211.727,-17.4042,145.714,208.369,-12.4247,142.052
213.053,-17.5744,147.049,208.359,-12.5752,142.052
213.056,-17.5245,147.049,209.661,-12.8228,143.373
214.081,-17.2283,148.055,209.672,-12.6517,143.373
214.086,-17.1499,148.055,210.687,-12.4268,144.38
215.094,-17.0445,149.057,210.651,-13.0257,144.38
215.089,-17.1411,149.057,212.132,-10.5067,145.714
216.103,-17.2927,150.076,212.283,-7.93772,145.714
216.102,-17.311,150.076,213.614,-8.01584,147.049
217.126,-17.2761,151.096,214.623,-8.07556,148.055
217.132,-17.1884,151.096,215.624,-8.13508,149.057
218.149,-17.33,152.115,216.635,-8.19423,150.076
218.153,-17.255,152.115,217.648,-8.2527,151.096
219.15,-17.5431,153.122,217.484,-11.0776,151.096
219.138,-17.7751,153.122,218.383,-13.1142,152.115
220.163,-18.0176,154.154,218.424,-12.3747,152.115
220.163,-18.0254,154.154,219.413,-12.5965,153.122
221.193,-18.1718,155.186,219.399,-12.8712,153.122
221.194,-18.1602,155.186,220.564,-10.1923,154.154
222.538,-18.2229,156.524,220.473,-11.977,154.154
222.538,-18.2263,156.524,221.497,-12.0277,155.186
223.544,-18.3664,157.531,221.669,-8.56321,155.186
223.544,-18.3594,157.531,222.986,-8.62472,156.524
224.869,-18.4167,158.853,223.98,-8.66939,157.531
224.869,-18.4325,158.853,225.288,-8.72596,158.853
226.154,-18.2004,160.124,226.55,-8.77901,160.124
226.157,-18.1316,160.124,227.734,-8.82471,161.332
227.362,-18.4505,161.332,228.792,-8.8581,162.44
227.357,-18.5805,161.332,229.707,-8.86939,163.482
228.48,-18.7142,162.44,230.888,-11.8284,164.879
228.482,-18.6548,162.44,231.883,-11.706,166.2
229.573,-18.765,163.482,232.685,-11.4932,167.496
229.574,-18.6497,163.482,233.204,-11.2186,168.745
231.095,-18.6956,164.879,233.401,-10.9588,169.94
231.095,-18.6956,164.879,235.026,-11.9583,171.211
232.646,-18.6235,166.2,235.232,-12.1365,171.211
232.65,-18.6641,166.2,235.83,-11.3123,172.643
234.359,-18.7576,167.496,235.845,-11.32,172.643
234.386,-18.8732,167.496,235.748,-10.4341,173.675
236.322,-18.7436,168.745,235.748,-10.4341,173.675
236.282,-18.6483,168.745,235.139,-9.32134,174.77
239.478,-19.5597,169.94,234.517,-9.17326,174.77
239.749,-19.9425,169.94,235.317,-8.40633,175.903
241.91,-17.9098,171.211,235.555,-8.44438,175.903
243.526,-15.1701,172.643,235.758,-7.37333,177.098
244.247,-13.2191,173.675,235.56,-7.35065,177.098
244.661,-11.5864,174.77,235.667,-6.19878,178.307
244.943,-9.94739,175.903,235.678,-6.1998,178.307
245.122,-8.44252,177.098,235.701,-4.76172,179.77
245.25,-7.09585,178.307,235.69,-4.76077,179.77
241.59,-5.24751,179.77,236.097,-3.30429,181.255
245.499,-4.07935,181.255,236.271,-3.31867,181.255
245.593,-2.96524,182.388,236.037,-2.15756,182.388
245.689,-1.96742,183.47,235.869,-2.14335,182.388
245.79,-1.10404,184.477,236.158,-1.0537,183.47
242.901,0.47005,185.86,236.108,-1.04893,183.47
243.121,1.43863,187.106,236.134,0.0108346,184.477
243.38,2.21416,188.276,236.192,0.00417015,184.477
242.709,2.42445,188.276,236.596,1.43808,185.86
242.034,3.62418,189.515,236.689,1.42386,185.86
241.779,3.74302,189.515,237.065,2.76426,187.106
242.992,3.85462,190.71,236.869,2.80723,187.106
241.829,4.72118,190.71,237.273,4.12819,188.276
242.523,5.22361,191.893,237.461,4.06931,188.276
244.22,3.10375,191.893,237.466,5.75324,189.515
243.904,4.60309,193.176,237.186,5.88395,189.515
243.651,5.13714,193.176,235.106,9.73107,190.71
244.52,5.70841,194.54,237.282,11.7679,191.893
244.544,5.60181,194.54,237.509,11.4843,191.893
245.738,5.3738,195.949,240.966,10.8238,193.176
245.709,5.78527,195.949,240.995,10.7617,193.176
247.015,3.96596,197.396,243.405,10.5681,194.54
246.963,0.058498,197.396,243.464,10.3123,194.54
248.416,4.90982,198.831,245.411,9.99191,195.949
248.448,5.82803,198.831,245.398,10.1784,195.949
249.808,4.64353,200.211,247.094,9.89249,197.396
249.685,-0.0251747,200.211,247.096,10.0261,197.396
251.417,0.0202695,201.52,248.59,9.97528,198.831
251.36,1.71707,201.52,248.586,9.85846,198.831
252.774,5.09344,202.816,249.943,9.82301,200.211
252.739,5.33999,202.816,249.941,9.73954,200.211
254.915,3.33249,204.008,251.11,9.16863,201.52
254.864,3.49774,204.008,251.108,9.24359,201.52
256.043,5.46452,205.128,252.11,9.77808,202.816
256.859,3.94823,205.128,252.117,9.72548,202.816
260.069,3.67178,206.298,252.964,9.72991,204.008
261.924,5.93008,207.644,252.982,9.67041,204.008
262.977,7.84707,208.645,253.744,9.7368,205.128
263.682,9.7713,209.74,253.881,9.48216,205.128
262.085,10.2994,209.74,254.381,10.1828,206.298
259.88,12.5718,210.923,254.078,10.5297,206.298
259.669,12.6168,210.923,254.172,11.5372,207.644
262.22,13.6998,212.143,254.064,11.6151,207.644
264.482,13.3985,212.143,254.089,12.2079,208.645
264.632,14.9372,213.415,254.093,12.943,209.74
264.151,14.9823,213.415,254.13,12.9307,209.74
260.505,16.6501,214.711,254.193,13.7853,210.923
260.424,16.6571,214.711,254.273,13.7683,210.923
260.526,17.9624,216,254.3,14.7548,212.143
260.61,17.9558,216,254.28,14.7574,212.143
260.719,19.2726,217.334,254.29,15.9092,213.415
260.532,19.2881,217.334,254.246,15.9134,213.415
260.639,20.5963,218.643,254.741,17.1449,214.711
259.767,20.6675,218.643,254.807,17.1392,214.711
261.445,21.5576,219.662,255.094,18.3885,216
265.15,21.2598,219.662,255.067,18.3906,216
265.231,22.2689,220.669,255.274,19.7243,217.334
265.313,23.2962,221.701,255.327,19.72,217.334
265.394,24.3092,222.722,255.433,21.0211,218.643
265.477,25.328,223.754,255.38,21.0254,218.643
265.561,26.3157,224.761,255.176,22.0614,219.662
265.673,27.6184,226.083,255.688,22.0202,219.662
262.129,27.9234,226.083,252.922,23.2486,220.669
260.618,29.3156,227.341,251.075,23.3956,220.669
261.793,29.2138,227.341,251.158,24.4258,221.701
261.92,30.7252,228.852,251.24,25.448,222.722
261.92,30.7252,228.852,251.325,26.4865,223.754
261.916,31.854,229.964,251.41,27.5053,224.761
261.963,31.8502,229.964,251.525,28.836,226.083
262.131,32.9654,231.034,254.368,28.5913,226.083
262.082,32.9684,231.034,256.333,29.6868,227.341
262.108,34.105,232.041,255.728,29.7392,227.341
262.108,34.105,232.041,253.184,31.4634,228.852
262.215,35.7501,233.438,254.704,31.335,228.852
262.259,35.7526,233.438,256.642,32.2788,229.964
262.318,37.5688,234.721,255.584,32.364,229.964
262.249,37.5545,234.721,255.646,33.3728,231.034
262.395,39.7869,235.962,255.615,33.3747,231.034
262.582,39.8683,235.962,255.63,34.2393,232.041
263.151,43.1774,237.22,255.63,34.2393,232.041
260.982,45.2641,238.579,255.65,35.3763,233.438
258.972,46.5338,239.582,255.592,35.373,233.438
256.299,45.2852,240.664,255.684,36.2037,234.721
255.833,44.0932,240.664,255.74,36.2153,234.721
254.733,45.9447,241.822,255.695,36.874,235.962
255.258,47.8764,241.822,255.69,36.8719,235.962
253.544,48.2289,243.055,255.786,37.7502,237.22
251.861,48.4764,244.39,256.178,38.0389,237.22
250.663,48.618,245.422,255.326,38.5696,238.579
249.495,48.7392,246.504,254.965,38.1429,238.579
248.295,48.8414,247.573,254.261,38.0558,239.582
248.031,45.7071,247.573,254.289,38.1051,239.582
246.9,45.8015,248.706,253.492,38.0995,240.664
246.868,45.4156,248.706,253.461,38.0194,240.664
245.707,45.5102,249.864,252.614,38.1331,241.822
245.994,49.031,249.864,252.613,38.1272,241.822
244.826,49.126,251.034,251.579,38.1261,243.055
243.615,49.2234,252.243,251.582,38.1415,243.055
242.4,49.3193,253.451,250.423,38.3011,244.39
241.16,49.4153,254.684,250.41,38.2144,244.39
239.913,49.5103,255.927,249.453,38.2257,245.422
239.659,46.184,255.927,249.456,38.2466,245.422
238.4,46.2787,257.185,248.422,38.353,246.504
238.65,49.6053,257.185,248.422,38.353,246.504
237.402,49.6981,258.431,247.428,38.5339,247.573
236.164,49.7889,259.665,247.428,38.525,247.573
234.925,49.8803,260.911,246.301,38.6189,248.706
233.73,49.9723,262.132,246.342,39.109,248.706
232.532,49.9688,263.352,245.124,38.3633,249.864
232.449,48.9408,263.352,245.159,38.7869,249.864
231.027,45.9855,264.541,243.853,37.1577,251.034
231.051,46.272,264.541,243.675,34.9728,251.034
229.831,46.2806,265.762,242.477,35.0691,252.243
229.835,46.3298,265.762,241.283,35.1633,253.451
228.661,46.4317,266.945,240.064,35.2576,254.684
228.66,46.4232,266.945,239.092,38.7416,255.927
227.451,46.4316,268.153,239.114,39.036,255.927
227.446,46.3785,268.153,237.883,39.3966,257.185
226.269,46.4821,269.336,237.941,40.1748,257.185
226.178,45.4505,269.336,236.545,38.1809,258.431
225.14,47.3153,270.532,236.349,35.5373,258.431
225.426,50.5841,270.532,235.126,35.6268,259.665
224.212,50.6886,271.74,233.88,35.7189,260.911
223.958,47.7288,271.74,232.641,35.8142,262.132
222.577,45.6669,272.936,231.398,35.9144,263.352
222.637,46.3732,272.936,231.5,37.1792,263.352
221.447,46.4723,274.126,230.534,40.1215,264.541
221.389,45.7757,274.126,230.509,39.8247,264.541
220.351,48.0648,275.347,229.289,39.929,265.762
220.592,50.9905,275.347,229.3,40.0579,265.762
219.376,51.0885,276.555,227.849,37.0784,266.945
218.16,51.1845,277.764,227.775,36.2238,266.945
216.92,51.2807,278.997,226.566,36.3297,268.153
215.683,51.3753,280.23,225.384,36.4338,269.336
215.586,50.1075,280.23,224.196,36.5378,270.532
214.149,47.764,281.476,223.003,36.6406,271.74
214.124,47.4279,281.476,223.224,39.2045,271.74
213.007,49.5955,282.737,222.239,41.6666,272.936
213.146,51.5593,282.737,222.187,41.0536,272.936
211.909,51.6461,283.97,220.99,40.9754,274.126
210.648,51.7336,285.229,221.025,41.3994,274.126
209.382,51.8196,286.487,219.799,41.3614,275.347
208.117,51.9039,287.746,219.772,41.0367,275.347
207.945,49.3139,287.746,218.327,38.0792,276.555
206.538,46.9614,288.992,218.243,37.0341,276.555
206.577,47.5628,288.992,217.05,37.1283,277.764
205.332,47.4586,290.225,215.83,37.2229,278.997
205.331,47.4542,290.225,214.608,37.3163,280.23
204.128,47.622,291.432,214.732,38.9319,280.23
204.128,47.6267,291.432,213.698,41.6593,281.476
202.897,47.7041,292.666,213.665,41.2235,281.476
202.904,47.8039,292.666,212.398,41.0402,282.737
201.676,47.7808,293.887,212.423,41.3948,282.737
201.673,47.7341,293.887,211.015,38.9059,283.97
200.467,47.9009,295.095,210.922,37.5807,283.97
200.464,47.851,295.095,209.679,37.7671,285.229
199.277,47.9187,296.278,208.433,37.8518,286.487
199.28,47.9608,296.278,207.186,37.9349,287.746
198.069,48.0277,297.486,205.949,38.0162,288.992
198.064,47.931,297.486,206.14,40.9162,288.992
197.088,51.8949,298.669,205.033,42.8479,290.225
197.124,52.5678,298.669,205.019,42.6234,290.225
195.935,52.6301,299.851,203.681,40.5095,291.432
194.78,52.6888,300.996,203.533,38.1704,291.432
193.653,52.7448,302.116,202.303,38.2478,292.666
192.573,52.7985,303.199,201.094,38.3222,293.887
191.511,52.8523,304.268,199.904,38.3925,295.095
190.517,52.9044,305.275,198.738,38.459,296.278
189.243,53.074,306.572,197.543,38.525,297.486
187.767,53.1602,308.078,197.704,41.4268,297.486
186.747,53.2268,309.148,196.631,43.3951,298.669
185.879,53.3013,310.154,196.614,43.0654,298.669
184.455,50.365,311.501,195.309,40.6914,299.851
183.581,50.5688,312.74,195.202,38.6493,299.851
182.959,50.8205,313.911,194.07,38.7069,300.996
182.474,51.1354,315.106,192.959,38.762,302.116
181.429,50.5561,316.352,191.877,38.8158,303.199
181.285,50.3851,316.352,190.802,38.8703,304.268
180.597,50.8185,317.686,189.785,38.9235,305.275
180.571,50.7987,317.686,189.899,41.0943,305.275
180.612,51.7774,319.133,188.726,43.5852,306.572
180.779,51.8467,319.133,188.744,43.9219,306.572
181.832,52.8984,320.606,187.126,42.1726,308.078
181.97,52.9218,320.606,186.945,39.0841,308.078
182.002,53.7544,322.04,185.831,39.1566,309.148
185.162,54.6965,323.401,184.694,39.2511,310.154
185.207,56.0841,324.66,183.058,39.4541,311.501
185.161,57.735,325.817,181.258,39.8168,312.74
184.685,57.7168,325.817,181.412,40.5328,312.74
181.122,59.1979,327.013,180.544,43.9497,313.911
180.429,59.0794,327.013,180.641,44.2252,313.911
182.01,61.5302,328.217,177.896,42.6176,315.106
184.055,62.3201,328.217,177.219,41.3583,315.106
182.532,64.8492,329.437,175.063,42.974,316.352
180.898,66.5697,330.305,173.166,45.1831,317.686
178.402,68.2113,331.752,171.712,48.0879,319.133
176.22,69.1173,332.839,173.884,51.558,320.606
175.285,66.5159,332.839,175.117,51.7659,320.606
173.102,65.5262,334.324,173.286,53.615,322.04
173.418,66.7226,334.324,170.904,53.577,322.04
171.818,66.9371,335.633,173.976,55.2532,323.401
171.635,65.9539,335.633,174.314,55.2363,323.401
170.396,65.2193,336.652,174.529,56.4198,324.66
170.426,65.4179,336.652,174.362,56.4251,324.66
169.349,65.6361,337.709,174.508,57.328,325.817
169.339,65.5664,337.709,174.519,57.3284,325.817
168.276,65.8384,338.779,174.459,58.0588,327.013
168.318,66.1776,338.779,174.454,58.0579,327.013
167.235,66.2989,339.833,174.557,58.6514,328.217
167.249,66.4231,339.833,174.489,58.625,328.217
166.168,66.6448,340.953,174.472,59.1643,329.437
166.153,66.5145,340.953,174.511,59.1916,329.437
165.047,66.9892,342.099,174.511,59.6258,330.305
165.064,67.1371,342.099,175.082,60.2467,330.305
163.864,67.0858,343.269,174.235,61.0208,331.752
163.873,67.1639,343.269,174.105,60.7957,331.752
162.674,67.2889,344.452,173.137,60.5347,332.839
162.664,67.1929,344.452,173.053,60.3005,332.839
161.427,67.2201,345.661,171.605,59.8674,334.324
161.443,67.3805,345.661,171.684,60.1668,334.324
160.235,67.3896,346.844,170.689,60.8487,335.633
160.229,67.3242,346.844,170.642,60.5952,335.633
159.02,67.6191,348.063,169.699,60.6361,336.652
159.019,67.6124,348.063,169.706,60.6809,336.652
157.86,68.4685,349.271,168.703,60.8149,337.709
157.789,67.5814,349.271,168.72,60.9434,337.709
156.764,69.6614,350.466,167.657,60.897,338.779
156.932,71.7097,350.466,167.651,60.8464,338.779
155.766,71.8096,351.662,166.659,61.1419,339.833
155.659,70.5573,351.662,166.653,61.0875,339.833
154.316,68.0502,352.807,165.533,61.3169,340.953
154.346,68.3769,352.807,165.544,61.41,340.953
153.221,68.1186,353.915,164.32,60.7453,342.099
153.238,68.2936,353.915,164.303,60.5963,342.099
152.158,68.3004,354.997,163.145,60.6293,343.269
152.151,68.2289,354.997,163.145,60.6293,343.269
151.114,68.3302,356.039,161.983,60.6545,344.452
151.005,67.2236,356.039,162.01,60.9147,344.452
149.891,69.0768,357.323,160.866,61.3669,345.661
150.195,72.2438,357.323,160.864,61.3519,345.661
148.989,72.3591,358.531,159.674,61.113,346.844
147.605,72.4903,359.915,159.646,60.7918,346.844
146.405,72.6003,361.098,158.444,60.8947,348.063
146.157,69.8929,361.098,158.444,60.8998,348.063
144.815,68.2567,362.281,157.25,60.8976,349.271
144.87,68.8668,362.281,157.354,62.1907,349.271
143.855,71.4177,363.519,156.02,60.5911,350.466
143.981,72.8184,363.519,155.771,57.5572,350.466
142.723,72.9327,364.791,154.554,57.6614,351.662
141.462,73.0505,366.074,153.698,61.3556,352.807
140.156,73.1743,367.396,153.723,61.6279,352.807
139.167,73.3691,368.403,152.618,61.8233,353.915
139.049,72.1356,368.403,152.683,62.5069,353.915
137.427,69.3245,369.742,151.383,60.3867,354.997
137.468,69.7656,369.742,151.148,57.9856,354.997
136.422,69.8567,370.774,150.113,58.0867,356.039
136.416,69.789,370.774,148.846,58.2085,357.323
135.361,69.9696,371.819,147.647,58.3231,358.531
135.364,70.011,371.819,146.274,58.4533,359.915
134.304,69.9916,372.851,145.456,62.2436,361.098
134.304,69.9916,372.851,145.488,62.5914,361.098
133.211,70.0636,373.921,144.368,63.293,362.281
133.216,70.1361,373.921,144.353,63.126,362.281
132.151,70.2031,374.978,143.121,63.2365,363.519
132.149,70.1587,374.978,143.126,63.2944,363.519
131.075,70.3246,376.06,141.849,63.3182,364.791
131.07,70.254,376.06,141.844,63.2692,364.791
130.003,70.3214,377.13,140.568,63.4834,366.074
130.008,70.3993,377.13,140.567,63.4719,366.074
128.935,70.3691,378.201,139.239,63.5021,367.396
128.935,70.3691,378.201,139.24,63.5108,367.396
127.888,70.5352,379.259,138.236,63.6065,368.403
127.883,70.4572,379.259,138.235,63.5978,368.403
126.831,70.5258,380.316,136.901,63.6253,369.742
126.831,70.5234,380.316,136.906,63.6844,369.742
125.773,70.4979,381.373,135.892,63.7727,370.774
125.777,70.5634,381.373,135.887,63.7136,370.774
124.732,70.7316,382.43,134.857,63.7008,371.819
124.727,70.6634,382.43,134.862,63.7631,371.819
123.695,70.8292,383.475,133.866,64.021,372.851
123.693,70.8039,383.475,133.862,63.9649,372.851
122.648,70.7816,384.519,132.815,64.0336,373.921
122.65,70.8084,384.519,132.82,64.1091,373.921
121.628,70.9751,385.552,131.766,64.0841,374.978
121.631,71.0181,385.552,131.817,64.8933,374.978
120.572,70.9953,386.609,130.609,62.9309,376.06
120.569,70.9539,386.609,130.412,59.7918,376.06
119.491,71.0302,387.692,129.342,59.8594,377.13
119.491,71.0302,387.692,129.45,61.5657,377.13
118.426,71.1062,388.762,128.529,64.0043,378.201
118.337,69.8594,388.762,128.495,63.464,378.201
117.388,71.563,389.831,127.443,63.6233,379.259
117.627,74.8903,389.831,127.428,63.3891,379.259
116.574,74.9662,390.889,126.149,60.0652,380.316
115.502,75.0427,391.958,125.088,60.1353,381.373
114.445,75.1171,393.012,124.026,60.2066,382.43
113.386,75.1911,394.069,122.976,60.2781,383.475
113.127,71.483,394.069,121.928,60.3504,384.519
111.94,69.843,395.139,120.893,60.4226,385.552
111.992,70.5849,395.139,120.979,61.6586,385.552
111.006,71.5686,396.196,120.122,64.5945,386.609
111.03,71.9041,396.196,120.106,64.3607,386.609
110.227,75.1011,397.241,119.012,64.2596,387.692
110.25,75.4159,397.241,119.024,64.4279,387.692
109.218,75.4954,398.298,117.755,61.6957,388.762
108.188,75.5781,399.355,117.68,60.6499,388.762
107.148,75.6655,400.425,116.61,60.7268,389.831
106.106,75.7569,401.497,115.554,60.8029,390.889
105.067,75.852,402.567,114.491,60.8787,391.958
104.798,72.9037,402.567,113.447,60.9523,393.012
103.551,71.2127,403.662,112.396,61.0257,394.069
103.543,71.1217,403.662,112.604,64.0029,394.069
102.633,72.8963,404.744,111.69,66.2683,395.139
102.94,76.0565,404.744,111.644,65.6054,395.139
101.844,76.1641,405.852,110.579,65.5934,396.196
101.518,72.8441,405.852,110.578,65.5823,396.196
100.281,71.3262,406.934,109.452,64.5996,397.241
100.308,71.6007,406.934,109.444,64.4878,397.241
99.4228,73.7243,408.016,108.272,63.191,398.298
99.6789,76.3747,408.016,108.261,63.0522,398.298
98.6256,76.4744,409.061,107.075,61.7146,399.355
97.5563,76.5713,410.105,107.052,61.4236,399.355
96.2194,73.3757,411.137,105.96,61.5153,400.425
96.2044,73.2041,411.137,104.865,61.6113,401.497
95.1727,73.198,412.157,103.773,61.7112,402.567
95.1301,72.6988,412.157,104.042,64.6535,402.567
94.0161,75.3596,413.478,103.109,66.5549,403.662
94.1403,76.8616,413.478,103.002,65.4225,403.662
92.8168,76.9676,414.787,101.907,65.4332,404.744
91.2833,77.0856,416.303,101.907,65.4332,404.744
90.1181,77.1755,417.474,100.792,65.4468,405.852
88.8944,77.271,418.707,100.787,65.3951,405.852
88.6053,73.565,418.707,99.7109,65.5005,406.934
87.2239,72.0279,419.966,99.8183,66.5972,406.934
87.3017,73.0175,419.966,98.5608,64.802,408.016
86.067,73.6649,421.25,98.5637,64.8317,408.016
86.0732,73.7428,421.25,97.7164,66.8696,409.061
84.7522,73.6588,422.562,97.6125,65.7723,409.061
84.7538,73.679,422.562,96.587,65.8652,410.105
83.4972,74.2566,423.858,96.5939,65.9413,410.105
83.4248,73.3435,423.858,95.5514,65.7455,411.137
82.2299,75.5095,425.217,95.5514,65.7455,411.137
82.1323,74.2683,425.217,94.5522,65.9265,412.157
80.8534,74.3691,426.501,94.6138,66.6488,412.157
81.1306,77.8848,426.501,93.1194,64.5147,413.478
79.4945,74.4034,427.86,92.9701,62.7099,413.478
79.4852,74.2865,427.86,91.6841,62.8128,414.787
78.1553,74.3921,429.194,90.1944,62.9274,416.303
78.1182,73.9248,429.194,89.0255,63.0176,417.474
77.3347,76.7514,430.197,87.7899,63.114,418.707
77.4471,78.1767,430.197,88.0494,66.4398,418.707
76.3939,78.2599,431.254,86.9346,68.3455,419.966
75.3242,78.3439,432.323,86.9193,68.1513,419.966
74.2617,78.4279,433.393,85.4657,66.076,421.25
73.1895,78.5138,434.476,85.2469,63.3146,421.25
72.1196,78.6008,435.558,83.9343,63.4195,422.562
71.9105,76.0299,435.558,82.6465,63.5215,423.858
70.6828,73.931,436.615,81.2959,63.6277,425.217
70.6624,73.6848,436.615,80.0144,63.7287,426.501
69.7511,75.5534,437.685,78.9009,66.9269,427.86
70.0244,78.7765,437.685,78.9195,67.1605,427.86
68.9746,78.868,438.755,77.6042,67.4499,429.194
67.9266,78.9618,439.825,77.5869,67.2318,429.194
66.8876,79.057,440.882,76.3303,64.0207,430.197
65.8375,79.1553,441.952,75.2757,64.104,431.254
64.8382,79.2512,442.971,74.2124,64.1875,432.323
63.8383,79.3492,443.991,73.1419,64.2722,433.393
63.4915,75.8098,443.991,72.0563,64.3591,434.476
61.9848,74.2848,445.346,70.9685,64.4476,435.558
62.0303,74.7378,445.346,71.1617,66.8225,435.558
61.0411,77.3876,446.605,70.3021,69.3397,436.615
61.2688,79.6098,446.605,70.2487,68.6959,436.615
59.9686,79.7434,447.914,69.1695,68.6953,437.685
58.7155,79.8697,449.16,69.1803,68.8216,437.685
58.4688,77.4219,449.16,67.8174,65.576,438.755
56.9812,74.9914,450.393,67.743,64.7215,438.755
56.9989,75.1698,450.393,66.6599,64.8185,439.825
56.1045,78.1961,451.576,65.5933,64.9161,440.882
55.9785,76.9132,451.576,64.5132,65.0172,441.952
54.5887,74.8237,452.754,63.4828,65.116,442.971
54.6358,75.3067,452.754,62.4535,65.2169,443.991
53.5346,75.5794,453.874,62.6493,67.2148,443.991
53.5432,75.6681,453.874,61.496,69.4209,445.346
52.8856,79.6376,454.906,61.3973,68.4386,445.346
52.9522,80.3317,454.906,59.8216,65.4838,446.605
51.5203,80.4683,456.341,58.5176,65.6177,447.914
49.9237,77.6067,457.658,57.2912,65.7413,449.16
48.5213,77.7029,458.954,56.0736,65.8624,450.393
47.8699,77.7141,459.357,56.2981,68.1209,450.393
46.3417,76.779,460.552,55.3291,70.2981,451.576
46.4275,75.9239,460.552,55.2402,69.3919,451.576
44.0284,77.6689,461.685,54.0976,69.7907,452.754
43.5474,79.0342,461.685,54.1002,69.8174,452.754
42.1645,76.2059,462.89,52.9978,70.0185,453.874
42.0671,76.3523,462.89,53.0036,70.0792,453.874
39.0067,76.0037,464.212,51.6544,66.8002,454.906
38.521,76.4612,464.212,51.6061,66.2961,454.906
37.0581,74.5016,465.634,50.1814,66.432,456.341
35.9806,72.63,467.031,48.8724,66.5566,457.658
35.1103,70.619,468.393,47.7731,66.6282,458.954
37.8473,69.5059,468.393,47.3697,66.5304,460.552
37.3514,67.9478,469.664,46.9246,69.4469,461.685
36.4404,68.2279,469.664,46.8093,69.2229,462.89
37.9783,66.3988,470.809,46.6007,68.8501,464.212
36.9609,66.6584,470.809,45.7477,69.6536,464.212
36.9851,65.578,471.884,44.4414,69.3305,465.634
37.0289,65.5664,471.884,44.5794,69.2338,465.634
37.0185,64.7042,473.03,44.9726,67.6787,467.031
37.3245,64.5945,473.03,45.704,67.2759,467.031
37.3297,63.7922,474.238,45.3924,66.4372,468.393
37.166,63.8819,474.238,48.1001,64.6428,469.664
36.5835,63.4373,475.559,47.9099,63.8638,470.809
36.4967,63.511,475.559,47.6191,62.764,471.884
35.422,63.7973,476.941,47.0525,61.1067,473.03
35.1123,63.7095,477.961,45.6338,61.6153,473.03
34.599,63.5649,479.018,42.8457,60.7707,474.238
33.3051,66.482,480.125,43.5608,60.379,474.238
32.9197,66.4778,481.258,44.3475,56.8436,475.559
32.4197,66.5028,482.445,42.1172,54.9439,476.941
31.5268,66.5475,483.728,40.1479,53.8174,477.961
30.5044,66.6354,485.05,38.2946,53.0981,479.018
29.3354,66.7641,486.422,37.6282,54.9855,479.018
28.3985,66.8738,487.429,35.3897,57.1334,480.125
27.321,67.0012,488.524,35.3747,57.2005,480.125
26.3086,67.1255,489.575,34.0569,56.5207,481.258
25.1876,67.2558,490.657,34.1792,55.4495,481.258
24.8908,64.6995,490.657,32.6059,55.4043,482.445
23.4807,62.2388,491.765,31.1036,55.4556,483.728
23.5521,62.8801,491.765,29.3732,52.4806,485.05
22.4678,62.9973,492.847,27.8144,52.6458,486.422
22.4671,62.9911,492.847,26.7512,52.7697,487.429
21.4518,63.1,493.867,27.237,56.9292,487.429
21.4402,62.9913,493.867,26.3112,58.4591,488.524
20.3652,63.1072,494.949,26.2741,58.1457,488.524
20.3728,63.1771,494.949,24.9426,55.9934,489.575
19.3375,63.1933,495.981,24.5791,53.0312,489.575
19.3374,63.1919,495.981,23.5498,53.1505,490.657
18.0366,63.2373,497.28,22.4831,53.2691,491.765
17.9848,62.7602,497.28,21.4295,53.3829,492.847
16.7179,65.783,498.878,20.4204,53.4912,493.867
16.9814,68.1511,498.878,19.3408,53.6076,494.949
15.8129,68.2824,500.062,18.3116,53.719,495.981
14.7041,68.4076,501.182,18.6913,57.2251,495.981
13.6571,68.5263,502.239,17.6086,59.2947,497.28
13.4672,66.8512,502.239,17.6154,59.3573,497.28
12.2728,65.31,503.246,15.8294,57.7978,498.878
12.3894,66.3537,503.246,15.411,54.0382,498.878
10.9278,65.7006,504.593,14.2282,54.1711,500.062
9.59562,65.7829,505.751,13.1108,54.2972,501.182
9.03701,65.7922,506.103,12.0568,54.4168,502.239
7.68183,65.7075,507.147,11.0678,54.5273,503.246
5.06698,68.2874,508.229,9.78684,54.6594,504.593
2.48213,67.084,509.348,9.95339,56.2712,504.593
0.223864,65.2446,510.519,9.20743,59.1786,505.751
-1.26527,63.3366,511.362,9.17313,58.5953,505.751
-2.47359,60.7166,512.738,8.98573,58.5923,506.103
0.629247,59.4915,512.738,8.98695,58.7642,506.103
1.81929,57.6125,513.758,8.18388,58.6973,507.147
1.01422,57.8045,513.758,8.16316,58.9866,507.147
-1.9825,56.9353,514.815,7.80863,58.1826,508.229
-3.28428,57.1316,514.815,7.97356,57.5747,508.229
-3.4327,55.6732,515.885,7.90567,57.3992,509.348
-3.5202,54.4224,516.954,7.85228,57.1813,510.519
-0.292998,54.2028,516.954,7.8508,56.6402,512.738
1.39034,51.2946,519.743,7.78489,56.1902,513.758
0.27939,51.371,519.743,7.69157,55.4761,514.815
0.297017,50.0665,521.027,10.7048,54.3422,515.885
0.577706,50.0488,521.027,10.647,53.4584,516.954
0.580726,48.8285,522.573,10.4554,50.6712,519.743
0.429158,48.8579,522.573,10.2771,49.4351,521.027
-0.218255,47.6899,523.688,9.9666,47.0073,522.573
-0.32676,47.7052,523.688,9.8731,46.2724,523.688
-0.465478,47.3408,524.845,9.00161,43.5442,524.845
-0.162834,47.2194,524.845,7.54719,41.1412,526.041
0.00892891,46.4119,526.041,5.81242,39.4587,526.909
-0.0732654,46.4694,526.041,3.36033,37.8609,528.292
-0.208478,46.0426,526.909,-0.0948853,39.793,529.387
0.032068,45.7796,526.909,-1.77477,39.5318,530.532
-0.99873,45.4957,528.292,-1.79897,39.7148,530.532
-1.18108,45.8151,528.292,-3.05769,39.6498,531.438
-1.87475,46.2069,529.387,-3.05059,39.4654,531.438
-1.95048,46.4798,529.387,-4.51706,39.4916,532.659
-2.76099,46.9882,530.532,-6.08689,36.4762,533.905
-2.75366,46.9328,530.532,-7.39705,36.5731,535.108
-3.33436,46.8305,531.438,-8.70299,36.6383,536.58
-3.33699,46.8988,531.438,-8.97078,36.6345,537.147
-4.34577,46.9286,532.659,-9.60179,36.5822,538.254
-4.34712,46.87,532.659,-9.78799,39.8115,538.254
-5.4753,46.8433,533.905,-10.6321,41.3896,539.286
-5.47958,46.7708,533.905,-10.4068,40.1871,539.286
-6.58817,47.4086,535.108,-10.9701,40.154,540.343
-6.63703,46.7542,535.108,-10.993,40.2189,540.343
-8.21562,46.132,536.58,-11.5284,40.0797,541.417
-8.19089,46.6138,536.58,-11.4775,39.9896,541.417
-8.87954,46.5283,537.147,-11.1541,38.8691,542.499
-8.88486,45.9512,537.147,-11.2909,38.5627,543.619
-10.1492,46.0758,538.254,-11.425,38.1737,544.726
-10.1769,46.5563,538.254,-11.6036,37.5883,545.858
-11.5563,46.3217,539.286,-11.7267,36.9691,546.946
-11.5266,46.1633,539.286,-11.8719,36.1236,548.041
-13.1373,46.2962,540.343,-8.92158,34.7954,549.123
-13.2727,46.6802,540.343,-12.0872,34.3204,550.143
-16.2128,48.3674,541.417,-13.4709,34.4688,550.143
-16.4473,48.7823,541.417,-13.5564,33.0982,551.628
-18.4159,47.2642,542.499,-12.1677,33.0091,551.628
-19.9926,45.2918,543.619,-12.1142,32.0067,553.024
-19.0238,44.5427,543.619,-11.919,31.3285,554.396
-18.2515,41.749,544.726,-11.8005,31.2938,555.339
-18.725,41.997,544.726,-11.6351,31.2065,556.32
-18.5342,40.1326,545.858,-11.4063,31.1076,557.365
-18.5342,40.1326,545.858,-11.1664,31.0807,558.461
-18.5316,38.6168,546.946,-11.2998,30.8499,558.461
-18.5316,38.6168,546.946,-10.6382,30.379,559.896
-18.4811,37.3145,548.041,-10.5995,30.4855,559.896
-18.5641,37.3295,548.041,-9.8506,30.6586,561.104
-18.8287,36.1549,549.123,-9.82187,30.7963,561.104
-18.7754,36.1476,549.123,-8.57955,33.7864,562.337
-18.8943,35.0506,550.143,-7.60718,33.723,563.634
-18.8316,35.0438,550.143,-6.4394,33.6649,564.955
-18.9369,33.4434,551.628,-5.489,33.6239,565.961
-18.7869,33.4338,551.628,-4.51316,33.5858,566.968
-19.0008,31.7718,553.024,-3.52114,33.549,567.975
-19.1876,31.7654,553.024,-2.50091,33.5128,569.007
-19.3163,29.8195,554.396,-2.59901,30.7505,569.007
-19.4042,29.8016,554.396,-1.6355,28.801,570.039
-19.4055,27.9104,555.339,-1.6355,28.801,570.039
-19.0172,28.0832,555.339,-0.523919,30.6768,571.084
-19.8493,25.3036,556.32,-0.426002,33.4392,571.084
-20.1634,25.0779,556.32,0.617668,33.3005,572.121
-16.4718,25.6094,557.365,1.69735,33.2532,573.153
-16.1377,25.972,557.365,2.79927,33.1977,574.21
-15.9099,22.8732,558.461,3.89679,33.1357,575.268
-15.9099,22.8732,558.461,5.01627,33.0662,576.35
-12.9922,23.9105,559.896,6.13632,32.9922,577.445
-12.6748,24.7826,559.896,6.01877,31.2148,577.445
-11.0752,24.7929,561.104,6.99042,28.6827,578.578
-11.2987,23.7223,561.104,6.95208,28.1151,578.578
-9.75226,23.8853,562.337,8.16755,29.7004,579.68
-9.71367,24.2111,562.337,8.38217,32.8396,579.68
-8.31664,23.9597,563.634,9.53582,32.761,580.838
-8.34269,23.6013,563.634,10.7052,32.681,582.009
-6.96753,23.3518,564.955,11.8926,32.5986,583.192
-6.97016,23.3006,564.955,13.0963,32.5132,584.388
-5.94253,23.1648,565.961,14.3238,32.4243,585.608
-5.94693,23.0633,565.961,15.5232,32.3363,586.804
-4.92603,23.0234,566.968,15.3177,29.5371,586.804
-4.88825,23.99,566.968,16.3953,27.5367,588.025
-3.8535,24.588,567.975,16.4473,28.2449,588.025
-3.85176,24.6348,567.975,17.8357,31.1338,589.206
-2.83885,23.9969,569.007,17.9099,32.1623,589.206
-2.87607,22.9489,569.007,19.1209,32.0761,590.427
-1.84136,23.0073,570.039,20.3171,31.9925,591.635
-1.84362,22.9438,570.039,21.5353,31.9073,592.856
-0.802803,22.8093,571.084,22.748,31.8212,594.064
-0.792099,23.1113,571.084,23.9904,31.7308,595.297
0.233158,22.9014,572.121,23.8203,29.3932,595.297
0.223963,22.6527,572.121,24.9014,27.1731,596.531
1.23379,22.7032,573.153,24.8939,27.0733,596.531
1.23379,22.7032,573.153,26.276,28.9659,597.761
2.26145,22.5562,574.21,26.4733,31.5424,597.761
2.25786,22.4852,574.21,27.6912,31.449,598.982
3.29654,22.5239,575.268,28.9287,31.355,600.228
3.29714,22.5344,575.268,30.1747,31.262,601.486
4.35719,22.4684,576.35,31.421,31.1705,602.745
4.35621,22.4527,576.35,32.6851,31.0785,604.016
5.42812,22.284,577.445,32.542,29.1149,604.016
5.49001,23.2198,577.445,33.6029,26.5458,605.262
6.66805,23.9107,578.578,33.5718,26.1157,605.262
6.63435,23.4119,578.578,34.9584,27.8128,606.524
7.73897,23.4319,579.68,35.1801,30.8986,606.524
7.73897,23.4319,579.68,36.4256,30.8086,607.77
8.89475,23.3531,580.838,37.6986,30.7157,609.042
8.89564,23.3663,580.838,38.9588,30.6228,610.3
10.0564,23.1922,582.009,40.1959,30.5304,611.534
10.0564,23.1922,582.009,41.4086,30.4383,612.742
11.2341,23.1105,583.192,42.3379,26.8571,613.938
11.2343,23.1136,583.192,42.3217,26.6453,613.938
12.423,23.0292,584.388,43.4888,26.5561,615.108
12.4218,23.0121,584.388,43.4722,26.3394,615.108
13.6359,22.9242,585.608,44.847,29.1411,616.264
13.6359,22.9242,585.608,44.9257,30.1693,616.264
14.8258,22.8368,586.804,46.0394,30.0845,617.385
14.8259,22.8384,586.804,47.1138,30.0035,618.467
16.0431,22.7489,588.025,48.1526,29.9256,619.512
16.0443,22.7644,588.025,49.1848,29.9491,620.544
17.2255,22.6792,589.206,49.1212,29.0937,620.544
17.2259,22.6854,589.206,50.1639,25.3112,621.865
18.4461,22.5985,590.427,50.1537,25.1728,621.865
18.4515,22.6749,590.427,51.7028,25.0587,623.419
19.66,22.5905,591.635,51.7254,25.3655,623.419
19.6566,22.5421,591.635,52.8907,25.2807,624.59
20.8743,22.457,592.856,52.8903,25.2754,624.59
20.8742,22.4554,592.856,53.9937,25.1956,625.697
22.0768,22.37,594.064,53.9941,25.2009,625.697
22.0733,22.3201,594.064,55.0097,25.1279,626.717
23.299,22.2309,595.297,55.0157,25.212,626.717
23.2969,22.2013,595.297,56.5014,25.0056,628.214
24.5207,22.1093,596.531,56.4995,24.9791,628.214
24.5173,22.0641,596.531,57.6032,24.9979,629.311
25.7402,21.9704,597.761,57.5951,24.8857,629.311
25.7459,22.0452,597.761,58.7475,24.7079,630.469
26.9629,21.9519,598.982,58.7573,24.8403,630.469
26.96,21.9129,598.982,59.9453,24.7486,631.652
28.2042,21.8184,600.228,61.4917,29.0375,632.836
28.2042,21.8184,600.228,62.6502,28.9385,633.968
29.4626,21.7244,601.486,63.7965,28.8355,635.088
29.4656,21.7634,601.486,64.9309,28.7328,636.223
30.724,21.6711,602.745,66.0341,28.637,637.356
30.7276,21.7209,602.745,66.8202,25.06,638.463
31.9901,21.5365,604.016,66.8149,24.9967,638.463
31.9901,21.5365,604.016,67.8518,24.7194,639.533
33.2343,21.4466,605.262,67.804,24.1119,639.533
33.2356,21.4648,605.262,69.4504,26.6659,640.993
34.4957,21.3743,606.524,69.5776,28.3589,640.993
34.4945,21.3577,606.524,70.8798,28.2603,642.295
35.7363,21.268,607.77,71.9845,28.1847,643.453
35.7361,21.2663,607.77,72.8813,28.1434,644.498
37.0021,21.1739,609.042,73.8115,25.0231,645.674
36.9982,21.1209,609.042,74.7311,25.0325,646.719
38.2585,21.1236,610.3,74.7405,23.8606,646.719
38.2563,21.094,610.3,75.687,22.9332,647.84
39.4837,21.0022,611.534,75.6579,23.2071,647.84
39.4877,21.0552,611.534,76.3507,23.3329,649.01
40.6825,20.8704,612.742,76.2859,23.5185,649.01
40.6746,20.7661,612.742,76.3717,24.1074,649.865
41.9034,21.1737,613.938,76.3865,24.0838,649.865
41.9077,21.2298,613.938,76.4064,24.7097,650.796
43.0602,20.9505,615.108,76.4039,24.7124,650.796
43.0712,21.0936,615.108,76.392,25.173,651.803
44.2174,20.9205,616.264,76.4124,25.1593,651.803
44.2286,21.0666,616.264,76.3997,25.7684,652.936
45.3179,20.6061,617.385,76.4701,25.7386,652.936
45.297,20.3315,617.385,75.9443,26.5612,654.144
46.3983,20.5164,618.467,75.7647,26.6038,654.144
46.4279,20.9087,618.467,72.7001,27.5318,655.333
47.5001,21.2249,619.512,72.744,28.4435,656.528
47.4786,20.9379,619.512,72.8041,29.5582,657.648
48.5022,20.7694,620.544,75.5642,29.4094,657.648
48.5105,20.8804,620.544,77.4649,30.4509,658.706
49.8232,20.7004,621.865,76.419,30.5429,658.706
49.8082,20.4978,621.865,77.4725,31.937,659.997
51.3371,20.0892,623.419,77.9104,31.8671,659.997
51.3444,20.1889,623.419,77.6364,33.6149,661.255
52.5137,20.1038,624.59,76.7441,33.8927,661.255
52.5079,20.0243,624.59,74.922,37.1976,662.526
53.6138,19.9443,625.697,76.3336,39.1125,663.51
53.6199,20.0284,625.697,78.1348,40.6308,664.542
54.6313,19.8636,626.717,80.292,42.048,665.7
54.6322,19.8769,626.717,82.8815,42.9422,666.942
56.1271,19.77,628.214,83.703,40.0234,666.942
56.1264,19.7601,628.214,85.9787,38.1957,668.326
57.2184,19.681,629.311,85.9272,38.6921,668.326
57.2194,19.6943,629.311,87.727,41.8978,669.786
58.3765,19.6997,630.469,87.7489,43.3273,669.786
58.375,19.6795,630.469,89.1562,43.2426,670.831
59.5469,19.589,631.652,90.3146,43.1506,671.901
59.5469,19.589,631.652,91.5073,43.0398,673.004
60.7162,19.4939,632.836,92.9712,42.9035,674.476
60.7082,19.3958,632.836,92.678,39.7539,674.476
61.8344,19.3982,633.968,93.7089,38.1064,675.647
61.8422,19.4901,633.968,93.7874,38.9182,675.647
62.9393,19.2989,635.088,95.2457,41.2245,676.855
62.9398,19.3036,635.088,95.3905,42.6648,676.855
64.0681,19.2015,636.223,96.5858,42.5437,678.05
64.0587,19.0972,636.223,97.7754,42.4242,679.253
65.2134,19.1944,637.356,98.9747,42.3043,680.461
65.2172,19.238,637.356,100.184,42.0845,681.694
66.3304,19.1458,638.463,101.427,41.9632,682.953
66.3413,19.2766,638.463,101.236,40.0038,682.953
67.4032,19.0206,639.533,102.302,37.8766,684.224
67.3876,18.8228,639.533,102.32,38.0632,684.224
68.8526,18.7126,640.993,103.796,40.1383,685.511
68.8524,18.7111,640.993,103.944,41.7252,685.511
70.1494,18.6129,642.295,105.217,41.61,686.807
70.1535,18.6674,642.295,106.469,41.5016,688.091
71.3331,18.6817,643.453,107.746,41.3962,689.4
71.3914,19.5323,643.453,109.019,41.2968,690.709
72.4271,18.6415,644.498,110.313,41.3021,692.03
72.318,16.3568,644.498,111.573,41.2154,693.327
73.5542,13.9261,645.674,112.562,41.1496,694.334
74.8203,13.9328,646.719,113.869,41.0649,695.655
76.6276,14.0909,647.84,115.181,40.9809,696.977
79.3204,14.8334,649.01,116.495,40.8978,698.298
81.427,16.0642,649.865,117.495,40.8352,699.305
83.1915,17.5489,650.796,118.812,40.7537,700.63
84.7495,19.5643,651.803,120.11,40.675,701.938
85.9159,21.7369,652.936,121.11,40.6151,702.945
84.8901,22.1715,652.936,122.426,40.5369,704.267
82.7772,24.9411,654.144,123.751,40.4592,705.601
82.3128,25.0512,654.144,125.079,40.3822,706.935
84.6546,26.4021,655.333,124.951,38.1639,706.935
84.6131,26.406,655.333,125.792,35.3775,707.938
82.0345,27.9379,656.528,125.818,35.8197,707.938
82.2568,27.9258,656.528,126.822,35.7624,708.945
82.6171,29.0294,657.648,126.771,34.8709,708.945
83.0791,29.0045,657.648,128.199,36.4501,710.279
82.9744,29.9663,658.706,128.415,40.1909,710.279
82.9111,29.9719,658.706,129.441,40.1306,711.298
82.7249,31.0992,659.997,130.469,40.0669,712.305
82.856,31.0783,659.997,131.523,39.9961,713.325
83.2368,31.8715,661.255,132.578,39.9195,714.344
83.1562,31.8966,661.255,133.623,39.8378,715.353
83.2202,32.709,662.526,134.414,36.6621,716.372
83.2069,32.7162,662.526,134.399,36.4898,716.372
83.289,33.3344,663.51,135.42,36.2141,717.404
83.2725,33.3481,663.51,135.318,35.0098,717.404
83.8709,33.6787,664.542,136.495,36.6,718.436
83.8278,33.7309,664.542,136.752,39.5734,718.436
84.6817,33.7483,665.7,137.764,39.4864,719.456
84.7693,33.5825,665.7,138.779,39.3996,720.475
85.6893,32.9657,666.942,139.778,39.3145,721.482
85.699,32.9311,666.942,141.046,39.2067,722.756
86.5939,32.272,668.326,140.904,37.5269,722.756
87.5312,29.129,669.786,141.964,35.1872,724.015
88.2085,29.0743,670.831,142.019,35.8411,724.015
89.1827,28.9958,671.901,143.499,35.6247,725.512
90.1956,29.0009,673.004,143.397,34.3885,725.512
91.664,28.8642,674.476,144.631,35.9407,726.62
91.9161,31.5713,674.476,144.87,38.8916,726.62
93.2553,33.4196,675.647,145.901,38.8097,727.665
93.2553,33.4196,675.647,146.874,38.7383,728.684
94.2519,31.3407,676.855,148.129,38.6724,730.081
93.9799,28.6356,676.855,149.115,35.5759,731.428
95.1638,28.5155,678.05,150.103,35.6785,732.787
96.3667,28.3948,679.253,150.899,35.2048,734.07
97.5719,28.2743,680.461,151.012,34.7513,734.07
98.808,28.1522,681.694,151.782,34.8218,735.353
100.069,28.0293,682.953,151.706,34.983,735.353
100.351,30.9218,682.953,152.499,35.0309,736.637
101.805,32.6988,684.224,152.608,34.8953,736.637
101.785,32.4954,684.224,152.575,35.4354,737.505
102.866,30.1484,685.511,152.395,35.5748,737.505
102.645,27.7856,685.511,152.2,36.5641,738.875
103.955,27.667,686.807,151.972,36.6707,738.875
105.261,27.5538,688.091,151.51,37.7375,740.285
106.593,27.4437,689.4,151.657,38.6474,741.606
107.929,27.3393,690.709,152.625,38.4696,741.606
108.112,29.6759,690.709,153.863,39.3544,742.84
109.616,31.8261,692.03,153.665,39.376,742.84
109.56,31.0667,692.03,153.545,40.4252,744.011
110.888,31.2581,693.327,153.328,40.4353,744.011
110.88,31.1392,693.327,153.011,41.3548,745.106
111.871,30.7726,694.334,153.041,41.3554,745.106
111.909,31.3351,694.334,152.828,42.176,746.226
113.046,28.3867,695.655,152.771,42.1689,746.226
113.017,27.9409,695.655,152.566,42.667,747.278
114.542,30.9966,696.977,152.81,42.7438,747.278
114.521,30.6626,696.977,152.417,43.1507,748.373
115.842,30.5791,698.298,152.468,43.1795,748.373
115.845,30.6261,698.298,152.79,44.3031,749.581
116.846,30.468,699.305,152.995,44.4911,749.581
116.844,30.4282,699.305,152.092,45.0071,750.877
118.174,30.4431,700.63,151.927,44.7792,750.877
118.221,31.1986,700.63,150.241,43.8519,752.286
119.383,28.6892,701.938,149.895,43.1342,752.286
119.25,26.5011,701.938,149.398,43.2662,753.305
120.261,26.4405,702.945,148.69,43.4217,754.375
121.583,26.3619,704.267,147.249,40.5314,755.47
122.921,26.2835,705.601,146.265,40.6901,756.628
124.257,26.206,706.935,145.179,40.8535,757.81
124.267,26.3785,706.935,144.017,41.0231,759.018
125.484,30.0071,707.938,144.565,44.7779,759.018
125.507,30.4108,707.938,143.543,46.4308,760.302
126.55,30.989,708.945,143.5,46.085,760.302
126.587,31.6428,708.945,142.056,44.0438,761.586
127.823,29.9157,710.279,141.775,41.2761,761.586
127.598,26.0144,710.279,140.593,41.3767,762.882
128.608,25.9551,711.298,139.324,41.4792,764.191
129.59,25.8941,712.305,138.165,41.5644,765.403
130.57,25.8281,713.325,136.649,41.681,766.901
131.548,25.7569,714.344,136.722,42.6254,766.901
132.514,25.6811,715.353,135.898,46.0789,767.983
133.501,25.5997,716.372,135.876,45.7968,767.983
133.767,28.8234,716.372,134.881,46.0734,768.99
134.929,30.4219,717.404,134.93,46.68,768.99
134.908,30.164,717.404,133.383,44.0335,770.296
135.754,28.0196,718.436,133.206,41.962,770.296
135.531,25.426,718.436,132.15,42.0563,771.328
136.549,25.3385,719.456,131,42.1628,772.46
137.567,25.2514,720.475,129.719,42.2847,773.729
138.574,25.1657,721.482,128.452,42.4087,774.983
139.844,25.0577,722.756,127.762,46.2888,776.065
141.108,24.952,724.015,127.832,47.0402,776.065
141.261,26.7863,724.015,126.747,47.7386,777.224
142.967,29.1681,725.512,126.781,48.131,777.224
142.998,29.5452,725.512,125.473,46.3945,778.395
143.946,27.4931,726.62,125.174,42.6893,778.395
143.722,24.7381,726.62,124.054,42.7792,779.52
144.774,24.6544,727.665,122.74,42.9091,780.703
145.834,24.5764,728.684,121.219,43.1086,782
147.369,24.4928,730.081,119.846,43.3074,783.308
149.061,24.4761,731.428,120.226,45.9308,783.308
149.062,24.762,731.428,119.457,48.1555,784.391
150.766,28.0385,732.787,119.506,48.4965,784.391
150.758,28.1257,732.787,118.07,47.1241,785.624
152.775,27.6305,734.07,117.574,43.6326,785.624
152.847,27.3423,734.07,116.313,43.8083,786.916
155.874,26.1223,735.353,115.031,43.9834,788.23
155.577,26.7529,735.353,113.759,44.157,789.515
157.859,28.3558,736.637,112.675,44.2784,790.765
158.295,27.8124,736.637,0,0,0
159.596,29.987,737.505,0,0,0
159.349,30.1782,737.505,0,0,0
159.545,33.1281,738.875,0,0,0
159.762,33.0267,738.875,0,0,0
159.387,35.4582,740.285,0,0,0
159.306,35.4817,740.285,0,0,0
159.161,37.2698,741.606,0,0,0
159.231,37.257,741.606,0,0,0
158.807,38.8143,742.84,0,0,0
158.617,38.835,742.84,0,0,0
158.595,40.1883,744.011,0,0,0
158.096,40.2117,744.011,0,0,0
158.403,41.4727,745.106,0,0,0
158.904,41.4836,745.106,0,0,0
159.509,43.0128,746.226,0,0,0
158.876,42.9335,746.226,0,0,0
160.166,45.0562,747.278,0,0,0
162.075,45.6565,747.278,0,0,0
160.945,47.9724,748.373,0,0,0
159.181,50.1663,749.581,0,0,0
157.061,51.8787,750.877,0,0,0
154.719,53.1311,752.286,0,0,0
153.577,50.7652,752.286,0,0,0
151.489,49.5201,753.305,0,0,0
151.663,50.0414,753.305,0,0,0
150.955,52.8229,754.375,0,0,0
151.29,54.2128,754.375,0,0,0
149.852,54.4908,755.47,0,0,0
148.551,54.7049,756.628,0,0,0
147.298,54.8944,757.81,0,0,0
146.069,55.074,759.018,0,0,0
145.917,54.0366,759.018,0,0,0
144.135,51.0918,760.302,0,0,0
144.162,51.3057,760.302,0,0,0
142.789,51.2608,761.586,0,0,0
142.795,51.326,761.586,0,0,0
141.465,51.5362,762.882,0,0,0
141.471,51.5983,762.882,0,0,0
140.15,51.705,764.191,0,0,0
140.145,51.6429,764.191,0,0,0
138.914,51.7337,765.403,0,0,0
138.914,51.7273,765.403,0,0,0
137.431,51.8414,766.901,0,0,0
137.429,51.8157,766.901,0,0,0
136.353,51.8997,767.983,0,0,0
136.35,51.8633,767.983,0,0,0
135.354,51.9435,768.99,0,0,0
135.337,51.7379,768.99,0,0,0
134.325,55.0659,770.296,0,0,0
134.414,56.1105,770.296,0,0,0
133.414,56.1999,771.328,0,0,0
132.309,56.3023,772.46,0,0,0
131.065,56.4208,773.729,0,0,0
129.836,56.5412,774.983,0,0,0
128.426,53.4581,776.065,0,0,0
128.396,53.1423,776.065,0,0,0
127.19,52.9762,777.224,0,0,0
127.147,52.4677,777.224,0,0,0
126.165,54.9849,778.395,0,0,0
126.314,56.8434,778.395,0,0,0
125.191,56.9336,779.52,0,0,0
124.151,57.0388,780.703,0,0,0
123.102,57.1832,782,0,0,0
121.885,57.3602,783.308,0,0,0
120.808,57.5156,784.391,0,0,0
120.468,55.1572,784.391,0,0,0
118.954,53.3413,785.624,0,0,0
119.089,54.2915,785.624,0,0,0
118.234,57.5832,786.916,0,0,0
118.274,57.8723,786.916,0,0,0
116.952,58.0528,788.23,0,0,0
115.259,55.1551,789.515,0,0,0
113.928,55.3074,790.765,0,0,0
113.261,55.341,791.098,0,0,0
113.253,55.0862,791.098,0,0,0
111.454,54.9226,792.383,0,0,0
