92.3716,5.02174,92.3276,-4.07815,93.391,5.01682,92.328,-3.99905,94.5106,5.00624,93.3475,-4.00397,95.7376,4.98497,93.3476,-3.97369,97.0262,4.95695,94.4258,-3.89492,98.3531,4.92697,94.4277,-3.69805,98.3462,4.62324,95.5887,-3.51685,95.5852,-3.71369,96.8279,-4.14088,96.8303,-4.03153,98.152,-3.97231,98.1509,-4.02064,
94.3498,-2.0923,0
92.3716,5.02174,92.3276,-4.07815,93.391,5.01682,92.328,-3.99905,94.5106,5.00624,93.3475,-4.00397,95.7376,4.98497,93.3476,-3.97369,97.0262,4.95695,94.4258,-3.89492,98.3531,4.92697,94.4277,-3.69805,98.3462,4.62324,95.5887,-3.51685,99.6381,1.93193,95.5852,-3.71369,99.6375,1.90615,96.8279,-4.14088,101.028,1.59069,96.8303,-4.03153,101.029,1.62291,98.152,-3.97231,98.1509,-4.02064,99.5077,-3.67437,99.5134,-3.42883,100.912,-3.37103,100.91,-3.47413,
96.3621,-2.13009,2.01259
92.3716,5.02174,92.3276,-4.07815,93.391,5.01682,92.328,-3.99905,94.5106,5.00624,93.3475,-4.00397,95.7376,4.98497,93.3476,-3.97369,97.0262,4.95695,94.4258,-3.89492,98.3531,4.92697,94.4277,-3.69805,98.3462,4.62324,95.5887,-3.51685,99.6381,1.93193,95.5852,-3.71369,99.6375,1.90615,96.8279,-4.14088,101.028,1.59069,96.8303,-4.03153,101.029,1.62291,98.152,-3.97231,102.396,1.40007,98.1509,-4.02064,102.396,1.40007,99.5077,-3.67437,99.5134,-3.42883,100.912,-3.37103,100.91,-3.47413,102.281,-3.50638,102.282,-3.46889,
98.3741,-2.17536,4.02518
92.3716,5.02174,92.3276,-4.07815,93.391,5.01682,92.328,-3.99905,94.5106,5.00624,93.3475,-4.00397,95.7376,4.98497,93.3476,-3.97369,97.0262,4.95695,94.4258,-3.89492,98.3531,4.92697,94.4277,-3.69805,98.3462,4.62324,95.5887,-3.51685,99.6381,1.93193,95.5852,-3.71369,99.6375,1.90615,96.8279,-4.14088,101.028,1.59069,96.8303,-4.03153,101.029,1.62291,98.152,-3.97231,102.396,1.40007,98.1509,-4.02064,102.396,1.40007,99.5077,-3.67437,103.777,1.27256,99.5134,-3.42883,103.771,1.01159,100.912,-3.37103,105.115,1.66743,100.91,-3.47413,105.115,1.67768,102.281,-3.50638,102.282,-3.46889,103.666,-3.50115,103.669,-3.39366,104.999,-3.61098,104.986,-4.17862,
100.386,-2.22246,6.03778
94.5106,5.00624,95.7376,4.98497,97.0262,4.95695,94.4258,-3.89492,98.3531,4.92697,94.4277,-3.69805,98.3462,4.62324,95.5887,-3.51685,99.6381,1.93193,95.5852,-3.71369,99.6375,1.90615,96.8279,-4.14088,101.028,1.59069,96.8303,-4.03153,101.029,1.62291,98.152,-3.97231,102.396,1.40007,98.1509,-4.02064,102.396,1.40007,99.5077,-3.67437,103.777,1.27256,99.5134,-3.42883,103.771,1.01159,100.912,-3.37103,105.115,1.66743,100.91,-3.47413,105.115,1.67768,102.281,-3.50638,106.53,3.88272,102.282,-3.46889,106.522,3.50155,103.666,-3.50115,103.669,-3.39366,104.999,-3.61098,104.986,-4.17862,106.359,-4.20757,106.36,-4.18297,
102.398,-2.26973,8.05037
95.7376,4.98497,97.0262,4.95695,98.3531,4.92697,98.3462,4.62324,95.5887,-3.51685,99.6381,1.93193,95.5852,-3.71369,99.6375,1.90615,96.8279,-4.14088,101.028,1.59069,96.8303,-4.03153,101.029,1.62291,98.152,-3.97231,102.396,1.40007,98.1509,-4.02064,102.396,1.40007,99.5077,-3.67437,103.777,1.27256,99.5134,-3.42883,103.771,1.01159,100.912,-3.37103,105.115,1.66743,100.91,-3.47413,105.115,1.67768,102.281,-3.50638,106.53,3.88272,102.282,-3.46889,106.522,3.50155,103.666,-3.50115,107.817,1.64539,103.669,-3.39366,107.831,2.41714,104.999,-3.61098,108.963,1.65299,104.986,-4.17862,106.359,-4.20757,106.36,-4.18297,107.712,-4.2071,107.713,-4.18337,109.125,-4.2354,109.122,-4.11044,
104.41,-2.31567,10.063
98.3531,4.92697,98.3462,4.62324,99.6381,1.93193,99.6375,1.90615,101.028,1.59069,101.029,1.62291,98.152,-3.97231,102.396,1.40007,98.1509,-4.02064,102.396,1.40007,99.5077,-3.67437,103.777,1.27256,99.5134,-3.42883,103.771,1.01159,100.912,-3.37103,105.115,1.66743,100.91,-3.47413,105.115,1.67768,102.281,-3.50638,106.53,3.88272,102.282,-3.46889,106.522,3.50155,103.666,-3.50115,107.817,1.64539,103.669,-3.39366,107.831,2.41714,104.999,-3.61098,108.963,1.65299,104.986,-4.17862,109.783,1.78704,106.359,-4.20757,106.36,-4.18297,107.712,-4.2071,107.713,-4.18337,109.125,-4.2354,109.122,-4.11044,110.577,-4.07825,110.585,-4.13748,
106.422,-2.35862,12.0756
99.6381,1.93193,99.6375,1.90615,101.028,1.59069,101.029,1.62291,102.396,1.40007,102.396,1.40007,99.5077,-3.67437,103.777,1.27256,99.5134,-3.42883,103.771,1.01159,100.912,-3.37103,105.115,1.66743,100.91,-3.47413,105.115,1.67768,102.281,-3.50638,106.53,3.88272,102.282,-3.46889,106.522,3.50155,103.666,-3.50115,107.817,1.64539,103.669,-3.39366,107.831,2.41714,104.999,-3.61098,108.963,1.65299,104.986,-4.17862,109.783,1.78704,106.359,-4.20757,110.352,1.99749,106.36,-4.18297,110.656,2.22927,107.712,-4.2071,107.713,-4.18337,109.125,-4.2354,109.122,-4.11044,110.577,-4.07825,110.585,-4.13748,112.063,-3.90115,112.117,-4.0863,113.864,-4.10141,113.832,-4.04008,
108.435,-2.37549,14.0879
102.396,1.40007,102.396,1.40007,103.777,1.27256,103.771,1.01159,105.115,1.66743,105.115,1.67768,102.281,-3.50638,106.53,3.88272,102.282,-3.46889,106.522,3.50155,103.666,-3.50115,107.817,1.64539,103.669,-3.39366,107.831,2.41714,104.999,-3.61098,108.963,1.65299,104.986,-4.17862,109.783,1.78704,106.359,-4.20757,110.352,1.99749,106.36,-4.18297,110.656,2.22927,107.712,-4.2071,111.226,1.93146,107.713,-4.18337,111.295,1.84892,109.125,-4.2354,112.061,1.89537,109.122,-4.11044,112.221,1.77529,110.577,-4.07825,110.585,-4.13748,112.063,-3.90115,112.117,-4.0863,113.864,-4.10141,113.832,-4.04008,116.543,-4.39496,116.111,-3.88062,118.615,-3.02498,119.759,-3.88335,
110.431,-2.15089,16.0972
103.777,1.27256,103.771,1.01159,105.115,1.66743,105.115,1.67768,106.53,3.88272,106.522,3.50155,103.666,-3.50115,107.817,1.64539,103.669,-3.39366,107.831,2.41714,104.999,-3.61098,108.963,1.65299,104.986,-4.17862,109.783,1.78704,106.359,-4.20757,110.352,1.99749,106.36,-4.18297,110.656,2.22927,107.712,-4.2071,111.226,1.93146,107.713,-4.18337,111.295,1.84892,109.125,-4.2354,112.061,1.89537,109.122,-4.11044,112.221,1.77529,110.577,-4.07825,112.431,2.56653,110.585,-4.13748,112.334,2.61056,112.063,-3.90115,112.117,-4.0863,113.864,-4.10141,113.832,-4.04008,116.543,-4.39496,116.111,-3.88062,118.615,-3.02498,119.759,-3.88335,120.993,-1.33209,
112.302,-1.43518,18.1005
106.53,3.88272,106.522,3.50155,107.817,1.64539,107.831,2.41714,108.963,1.65299,109.783,1.78704,106.359,-4.20757,110.352,1.99749,106.36,-4.18297,110.656,2.22927,107.712,-4.2071,111.226,1.93146,107.713,-4.18337,111.295,1.84892,109.125,-4.2354,112.061,1.89537,109.122,-4.11044,112.221,1.77529,110.577,-4.07825,112.431,2.56653,110.585,-4.13748,112.334,2.61056,112.063,-3.90115,112.472,3.56024,112.117,-4.0863,112.418,3.57525,113.864,-4.10141,112.398,4.67633,113.832,-4.04008,112.244,4.70178,116.543,-4.39496,116.111,-3.88062,118.615,-3.02498,119.759,-3.88335,120.993,-1.33209,121.824,0.971367,119.625,1.5801,118.228,3.71363,118.887,3.60495,
113.773,-0.081666,20.0989
107.817,1.64539,107.831,2.41714,108.963,1.65299,109.783,1.78704,110.352,1.99749,110.656,2.22927,107.712,-4.2071,111.226,1.93146,107.713,-4.18337,111.295,1.84892,109.125,-4.2354,112.061,1.89537,109.122,-4.11044,112.221,1.77529,110.577,-4.07825,112.431,2.56653,110.585,-4.13748,112.334,2.61056,112.063,-3.90115,112.472,3.56024,112.117,-4.0863,112.418,3.57525,113.864,-4.10141,112.398,4.67633,113.832,-4.04008,112.244,4.70178,116.543,-4.39496,111.877,5.98354,116.111,-3.88062,118.615,-3.02498,119.759,-3.88335,120.993,-1.33209,121.824,0.971367,119.625,1.5801,118.228,3.71363,118.887,3.60495,121.372,4.94137,122.414,4.82697,
114.668,1.7107,22.1025
109.783,1.78704,110.352,1.99749,110.656,2.22927,111.226,1.93146,111.295,1.84892,112.061,1.89537,112.221,1.77529,110.577,-4.07825,112.431,2.56653,110.585,-4.13748,112.334,2.61056,112.063,-3.90115,112.472,3.56024,112.117,-4.0863,112.418,3.57525,113.864,-4.10141,112.398,4.67633,113.832,-4.04008,112.244,4.70178,116.543,-4.39496,111.877,5.98354,116.111,-3.88062,111.893,7.34005,118.615,-3.02498,111.971,7.33329,119.759,-3.88335,111.869,8.69182,120.993,-1.33209,111.828,8.69461,121.824,0.971367,119.625,1.5801,118.228,3.71363,118.887,3.60495,121.372,4.94137,122.414,4.82697,122.553,6.42183,122.659,7.95597,
115.123,3.66853,24.1125
110.352,1.99749,110.656,2.22927,111.226,1.93146,111.295,1.84892,112.061,1.89537,112.221,1.77529,112.431,2.56653,112.334,2.61056,112.063,-3.90115,112.472,3.56024,112.117,-4.0863,112.418,3.57525,113.864,-4.10141,112.398,4.67633,113.832,-4.04008,112.244,4.70178,116.543,-4.39496,111.877,5.98354,116.111,-3.88062,111.893,7.34005,118.615,-3.02498,111.971,7.33329,119.759,-3.88335,111.869,8.69182,120.993,-1.33209,111.828,8.69461,121.824,0.971367,111.91,10.0923,119.625,1.5801,112.098,10.0812,118.228,3.71363,118.887,3.60495,121.372,4.94137,122.414,4.82697,122.553,6.42183,122.659,7.95597,122.747,9.45369,119.798,9.6275,
115.362,5.66648,26.1247
111.226,1.93146,111.295,1.84892,112.061,1.89537,112.221,1.77529,112.431,2.56653,112.334,2.61056,112.472,3.56024,112.418,3.57525,112.398,4.67633,112.244,4.70178,116.543,-4.39496,111.877,5.98354,116.111,-3.88062,111.893,7.34005,118.615,-3.02498,111.971,7.33329,119.759,-3.88335,111.869,8.69182,120.993,-1.33209,111.828,8.69461,121.824,0.971367,111.91,10.0923,119.625,1.5801,112.098,10.0812,118.228,3.71363,112.438,11.4026,118.887,3.60495,112.426,11.4032,121.372,4.94137,112.394,12.7289,122.414,4.82697,112.394,12.7289,122.553,6.42183,122.659,7.95597,122.747,9.45369,119.798,9.6275,118.219,11.1195,118.211,11.1199,119.911,12.3864,122.88,12.2511,
115.527,7.67223,28.1372
112.431,2.56653,112.334,2.61056,112.472,3.56024,112.418,3.57525,112.398,4.67633,112.244,4.70178,111.877,5.98354,111.893,7.34005,111.971,7.33329,111.869,8.69182,120.993,-1.33209,111.828,8.69461,121.824,0.971367,111.91,10.0923,119.625,1.5801,112.098,10.0812,118.228,3.71363,112.438,11.4026,118.887,3.60495,112.426,11.4032,121.372,4.94137,112.394,12.7289,122.414,4.82697,112.394,12.7289,122.553,6.42183,112.45,14.0164,122.659,7.95597,112.532,14.0129,122.747,9.45369,119.798,9.6275,118.219,11.1195,118.211,11.1199,119.911,12.3864,122.88,12.2511,122.937,13.5582,
115.649,9.68111,30.1498
112.472,3.56024,112.418,3.57525,112.398,4.67633,112.244,4.70178,111.877,5.98354,111.893,7.34005,111.971,7.33329,111.869,8.69182,111.828,8.69461,121.824,0.971367,111.91,10.0923,119.625,1.5801,112.098,10.0812,118.228,3.71363,112.438,11.4026,118.887,3.60495,112.426,11.4032,121.372,4.94137,112.394,12.7289,122.414,4.82697,112.394,12.7289,122.553,6.42183,112.45,14.0164,122.659,7.95597,112.532,14.0129,122.747,9.45369,112.405,15.2345,119.798,9.6275,112.579,15.2272,118.219,11.1195,112.631,16.315,118.211,11.1199,112.569,16.318,119.911,12.3864,122.88,12.2511,122.937,13.5582,119.892,14.9201,119.52,14.9357,119.483,15.9873,119.616,15.981,
115.748,11.6913,32.1624
111.877,5.98354,111.893,7.34005,111.971,7.33329,111.869,8.69182,111.828,8.69461,111.91,10.0923,112.098,10.0812,112.438,11.4026,112.426,11.4032,121.372,4.94137,112.394,12.7289,122.414,4.82697,112.394,12.7289,122.553,6.42183,112.45,14.0164,122.659,7.95597,112.532,14.0129,122.747,9.45369,112.405,15.2345,119.798,9.6275,112.579,15.2272,118.219,11.1195,112.631,16.315,118.211,11.1199,112.569,16.318,119.911,12.3864,112.755,17.4673,122.88,12.2511,112.479,17.4921,122.937,13.5582,112.709,18.8239,119.892,14.9201,113.29,18.7167,119.52,14.9357,119.483,15.9873,119.616,15.981,119.421,16.8669,119.421,16.8669,119.292,17.6097,119.417,17.5864,
115.837,13.7019,34.175
111.893,7.34005,111.971,7.33329,111.869,8.69182,111.828,8.69461,111.91,10.0923,112.098,10.0812,112.438,11.4026,112.426,11.4032,112.394,12.7289,112.394,12.7289,122.553,6.42183,112.45,14.0164,122.659,7.95597,112.532,14.0129,122.747,9.45369,112.405,15.2345,119.798,9.6275,112.579,15.2272,118.219,11.1195,112.631,16.315,118.211,11.1199,112.569,16.318,119.911,12.3864,112.755,17.4673,122.88,12.2511,112.479,17.4921,122.937,13.5582,112.709,18.8239,119.892,14.9201,113.29,18.7167,119.52,14.9357,112.604,20.8727,119.483,15.9873,111.475,21.2659,119.616,15.981,119.421,16.8669,119.421,16.8669,119.292,17.6097,119.417,17.5864,119.368,18.5168,119.354,18.5216,
115.923,15.7126,36.1876
111.91,10.0923,112.098,10.0812,112.438,11.4026,112.426,11.4032,112.394,12.7289,112.394,12.7289,112.45,14.0164,112.532,14.0129,122.747,9.45369,112.405,15.2345,119.798,9.6275,112.579,15.2272,118.219,11.1195,112.631,16.315,118.211,11.1199,112.569,16.318,119.911,12.3864,112.755,17.4673,122.88,12.2511,112.479,17.4921,122.937,13.5582,112.709,18.8239,119.892,14.9201,113.29,18.7167,119.52,14.9357,112.604,20.8727,119.483,15.9873,111.475,21.2659,119.616,15.981,111.289,24.2308,119.421,16.8669,113.187,26.3483,119.421,16.8669,119.292,17.6097,119.417,17.5864,119.368,18.5168,119.354,18.5216,119.441,19.0632,119.401,19.0883,119.494,19.8714,119.132,20.2429,
116.126,17.7131,38.1983
112.438,11.4026,112.426,11.4032,112.394,12.7289,112.394,12.7289,112.45,14.0164,112.532,14.0129,112.405,15.2345,112.579,15.2272,118.219,11.1195,112.631,16.315,118.211,11.1199,112.569,16.318,119.911,12.3864,112.755,17.4673,122.88,12.2511,112.479,17.4921,122.937,13.5582,112.709,18.8239,119.892,14.9201,113.29,18.7167,119.52,14.9357,112.604,20.8727,119.483,15.9873,111.475,21.2659,119.616,15.981,111.289,24.2308,119.421,16.8669,113.187,26.3483,119.421,16.8669,116.57,26.0418,119.292,17.6097,116.919,25.4692,119.417,17.5864,119.221,25.4203,119.368,18.5168,119.349,25.0627,119.354,18.5216,119.441,19.0632,119.401,19.0883,119.494,19.8714,119.132,20.2429,119.703,20.8933,119.755,20.807,120.761,21.1426,120.698,21.3171,
116.754,19.6162,40.2024
112.45,14.0164,112.532,14.0129,112.405,15.2345,112.579,15.2272,112.631,16.315,112.569,16.318,112.755,17.4673,112.479,17.4921,122.937,13.5582,112.709,18.8239,119.892,14.9201,113.29,18.7167,119.52,14.9357,112.604,20.8727,119.483,15.9873,111.475,21.2659,119.616,15.981,111.289,24.2308,119.421,16.8669,113.187,26.3483,119.421,16.8669,116.57,26.0418,119.292,17.6097,116.919,25.4692,119.417,17.5864,119.221,25.4203,119.368,18.5168,119.349,25.0627,119.354,18.5216,120.948,24.9268,119.441,19.0632,121.039,24.4809,119.401,19.0883,119.494,19.8714,119.132,20.2429,119.703,20.8933,119.755,20.807,120.761,21.1426,120.698,21.3171,121.728,21.1302,122.246,18.6049,
118.021,21.1618,42.2005
112.405,15.2345,112.579,15.2272,112.631,16.315,112.569,16.318,112.755,17.4673,112.479,17.4921,112.709,18.8239,119.892,14.9201,113.29,18.7167,119.52,14.9357,112.604,20.8727,119.483,15.9873,111.475,21.2659,119.616,15.981,111.289,24.2308,119.421,16.8669,113.187,26.3483,119.421,16.8669,116.57,26.0418,119.292,17.6097,116.919,25.4692,119.417,17.5864,119.221,25.4203,119.368,18.5168,119.349,25.0627,119.354,18.5216,120.948,24.9268,119.441,19.0632,121.039,24.4809,119.401,19.0883,122.272,26.5213,119.494,19.8714,122.34,25.8097,119.132,20.2429,123.907,25.8268,119.703,20.8933,123.907,25.7673,119.755,20.807,120.761,21.1426,120.698,21.3171,121.728,21.1302,122.246,18.6049,123.024,18.6561,123.928,15.5406,
119.776,22.1228,44.202
112.755,17.4673,112.479,17.4921,112.709,18.8239,113.29,18.7167,112.604,20.8727,111.475,21.2659,111.289,24.2308,119.421,16.8669,113.187,26.3483,119.421,16.8669,116.57,26.0418,119.292,17.6097,116.919,25.4692,119.417,17.5864,119.221,25.4203,119.368,18.5168,119.349,25.0627,119.354,18.5216,120.948,24.9268,119.441,19.0632,121.039,24.4809,119.401,19.0883,122.272,26.5213,119.494,19.8714,122.34,25.8097,119.132,20.2429,123.907,25.8268,119.703,20.8933,123.907,25.7673,119.755,20.807,125.387,25.7148,120.761,21.1426,125.445,27.2626,120.698,21.3171,121.728,21.1302,122.246,18.6049,123.024,18.6561,123.928,15.5406,125.009,15.4952,
121.737,22.5618,46.2108
112.604,20.8727,111.475,21.2659,111.289,24.2308,113.187,26.3483,116.57,26.0418,116.919,25.4692,119.221,25.4203,119.368,18.5168,119.349,25.0627,119.354,18.5216,120.948,24.9268,119.441,19.0632,121.039,24.4809,119.401,19.0883,122.272,26.5213,119.494,19.8714,122.34,25.8097,119.132,20.2429,123.907,25.8268,119.703,20.8933,123.907,25.7673,119.755,20.807,125.387,25.7148,120.761,21.1426,125.445,27.2626,120.698,21.3171,126.747,24.7354,121.728,21.1302,126.761,25.0613,122.246,18.6049,128.294,26.6813,123.024,18.6561,128.283,26.4191,123.928,15.5406,125.009,15.4952,126.357,15.4385,128.01,20.0718,128.041,20.793,
123.745,22.645,48.2214
111.289,24.2308,113.187,26.3483,116.57,26.0418,116.919,25.4692,119.221,25.4203,119.349,25.0627,120.948,24.9268,119.441,19.0632,121.039,24.4809,119.401,19.0883,122.272,26.5213,119.494,19.8714,122.34,25.8097,119.132,20.2429,123.907,25.8268,119.703,20.8933,123.907,25.7673,119.755,20.807,125.387,25.7148,120.761,21.1426,125.445,27.2626,120.698,21.3171,126.747,24.7354,121.728,21.1302,126.761,25.0613,122.246,18.6049,128.294,26.6813,123.024,18.6561,128.283,26.4191,123.928,15.5406,129.679,25.4467,125.009,15.4952,129.714,26.3069,126.357,15.4385,128.01,20.0718,128.041,20.793,129.457,20.056,129.397,18.6134,
125.757,22.5699,50.234
116.57,26.0418,116.919,25.4692,119.221,25.4203,119.349,25.0627,120.948,24.9268,121.039,24.4809,122.272,26.5213,122.34,25.8097,123.907,25.8268,119.703,20.8933,123.907,25.7673,119.755,20.807,125.387,25.7148,120.761,21.1426,125.445,27.2626,120.698,21.3171,126.747,24.7354,121.728,21.1302,126.761,25.0613,122.246,18.6049,128.294,26.6813,123.024,18.6561,128.283,26.4191,123.928,15.5406,129.679,25.4467,125.009,15.4952,129.714,26.3069,126.357,15.4385,131.264,29.454,128.01,20.0718,132.732,29.408,128.041,20.793,129.457,20.056,129.397,18.6134,130.761,15.2629,132.287,15.215,
127.767,22.4844,52.2465
120.948,24.9268,121.039,24.4809,122.272,26.5213,122.34,25.8097,123.907,25.8268,123.907,25.7673,125.387,25.7148,125.445,27.2626,126.747,24.7354,121.728,21.1302,126.761,25.0613,122.246,18.6049,128.294,26.6813,123.024,18.6561,128.283,26.4191,123.928,15.5406,129.679,25.4467,125.009,15.4952,129.714,26.3069,126.357,15.4385,131.264,29.454,128.01,20.0718,132.732,29.408,128.041,20.793,133.71,29.3814,129.457,20.056,134.708,29.3578,129.397,18.6134,130.761,15.2629,132.287,15.215,133.322,15.1867,134.371,15.1618,
129.778,22.402,54.2591
123.907,25.8268,123.907,25.7673,125.387,25.7148,125.445,27.2626,126.747,24.7354,126.761,25.0613,128.294,26.6813,128.283,26.4191,123.928,15.5406,129.679,25.4467,125.009,15.4952,129.714,26.3069,126.357,15.4385,131.264,29.454,128.01,20.0718,132.732,29.408,128.041,20.793,133.71,29.3814,129.457,20.056,134.708,29.3578,129.397,18.6134,135.711,29.3381,130.761,15.2629,135.636,25.5561,132.287,15.215,136.63,23.9065,133.322,15.1867,136.648,25.0226,134.371,15.1618,135.432,15.1409,135.472,17.1957,136.573,20.3611,136.57,20.1466,
131.79,22.3333,56.2717
125.387,25.7148,125.445,27.2626,126.747,24.7354,126.761,25.0613,128.294,26.6813,128.283,26.4191,129.679,25.4467,125.009,15.4952,129.714,26.3069,126.357,15.4385,131.264,29.454,128.01,20.0718,132.732,29.408,128.041,20.793,133.71,29.3814,129.457,20.056,134.708,29.3578,129.397,18.6134,135.711,29.3381,130.761,15.2629,135.636,25.5561,132.287,15.215,136.63,23.9065,133.322,15.1867,136.648,25.0226,134.371,15.1618,137.691,26.0073,135.432,15.1409,137.683,25.4386,135.472,17.1957,138.761,28.0536,136.573,20.3611,138.778,29.2925,136.57,20.1466,137.603,20.0486,137.612,20.6651,138.633,18.8286,138.581,15.0939,
133.801,22.277,58.2843
128.294,26.6813,128.283,26.4191,129.679,25.4467,129.714,26.3069,131.264,29.454,128.01,20.0718,132.732,29.408,128.041,20.793,133.71,29.3814,129.457,20.056,134.708,29.3578,129.397,18.6134,135.711,29.3381,130.761,15.2629,135.636,25.5561,132.287,15.215,136.63,23.9065,133.322,15.1867,136.648,25.0226,134.371,15.1618,137.691,26.0073,135.432,15.1409,137.683,25.4386,135.472,17.1957,138.761,28.0536,136.573,20.3611,138.778,29.2925,136.57,20.1466,139.809,29.2784,137.603,20.0486,137.612,20.6651,138.633,18.8286,138.581,15.0939,139.614,15.0797,
135.814,22.2354,60.2969
129.679,25.4467,129.714,26.3069,131.264,29.454,132.732,29.408,133.71,29.3814,129.457,20.056,134.708,29.3578,129.397,18.6134,135.711,29.3381,130.761,15.2629,135.636,25.5561,132.287,15.215,136.63,23.9065,133.322,15.1867,136.648,25.0226,134.371,15.1618,137.691,26.0073,135.432,15.1409,137.683,25.4386,135.472,17.1957,138.761,28.0536,136.573,20.3611,138.778,29.2925,136.57,20.1466,139.809,29.2784,137.603,20.0486,140.846,29.2649,137.612,20.6651,141.874,29.2523,138.633,18.8286,138.581,15.0939,139.614,15.0797,140.663,15.0661,141.699,15.0534,
137.826,22.205,62.3095
131.264,29.454,132.732,29.408,133.71,29.3814,134.708,29.3578,135.711,29.3381,130.761,15.2629,135.636,25.5561,132.287,15.215,136.63,23.9065,133.322,15.1867,136.648,25.0226,134.371,15.1618,137.691,26.0073,135.432,15.1409,137.683,25.4386,135.472,17.1957,138.761,28.0536,136.573,20.3611,138.778,29.2925,136.57,20.1466,139.809,29.2784,137.603,20.0486,140.846,29.2649,137.612,20.6651,141.874,29.2523,138.633,18.8286,142.92,29.2391,138.581,15.0939,142.878,25.9035,139.614,15.0797,144.409,25.8758,140.663,15.0661,144.44,27.5911,141.699,15.0534,142.742,15.0403,144.212,15.0135,144.276,18.5395,
139.838,22.1774,64.3221
133.71,29.3814,134.708,29.3578,135.711,29.3381,135.636,25.5561,136.63,23.9065,133.322,15.1867,136.648,25.0226,134.371,15.1618,137.691,26.0073,135.432,15.1409,137.683,25.4386,135.472,17.1957,138.761,28.0536,136.573,20.3611,138.778,29.2925,136.57,20.1466,139.809,29.2784,137.603,20.0486,140.846,29.2649,137.612,20.6651,141.874,29.2523,138.633,18.8286,142.92,29.2391,138.581,15.0939,142.878,25.9035,139.614,15.0797,144.409,25.8758,140.663,15.0661,144.44,27.5911,141.699,15.0534,145.43,25.2142,142.742,15.0403,145.445,25.7578,144.212,15.0135,146.486,25.537,144.276,18.5395,146.477,25.284,145.309,20.6221,145.295,20.1099,146.286,19.8087,146.28,19.6515,
141.851,22.1521,66.3347
135.711,29.3381,135.636,25.5561,136.63,23.9065,136.648,25.0226,137.691,26.0073,135.432,15.1409,137.683,25.4386,135.472,17.1957,138.761,28.0536,136.573,20.3611,138.778,29.2925,136.57,20.1466,139.809,29.2784,137.603,20.0486,140.846,29.2649,137.612,20.6651,141.874,29.2523,138.633,18.8286,142.92,29.2391,138.581,15.0939,142.878,25.9035,139.614,15.0797,144.409,25.8758,140.663,15.0661,144.44,27.5911,141.699,15.0534,145.43,25.2142,142.742,15.0403,145.445,25.7578,144.212,15.0135,146.486,25.537,144.276,18.5395,146.477,25.284,145.309,20.6221,147.648,28.051,145.295,20.1099,147.695,29.0984,146.286,19.8087,148.75,29.0448,146.28,19.6515,147.07,14.9121,148.027,14.8632,
143.863,22.1224,68.3473
137.691,26.0073,137.683,25.4386,138.761,28.0536,138.778,29.2925,139.809,29.2784,137.603,20.0486,140.846,29.2649,137.612,20.6651,141.874,29.2523,138.633,18.8286,142.92,29.2391,138.581,15.0939,142.878,25.9035,139.614,15.0797,144.409,25.8758,140.663,15.0661,144.44,27.5911,141.699,15.0534,145.43,25.2142,142.742,15.0403,145.445,25.7578,144.212,15.0135,146.486,25.537,144.276,18.5395,146.477,25.284,145.309,20.6221,147.648,28.051,145.295,20.1099,147.695,29.0984,146.286,19.8087,148.75,29.0448,146.28,19.6515,149.815,28.9833,147.07,14.9121,148.027,14.8632,148.996,14.807,
145.875,22.0684,70.3599
139.809,29.2784,140.846,29.2649,141.874,29.2523,142.92,29.2391,142.878,25.9035,139.614,15.0797,144.409,25.8758,140.663,15.0661,144.44,27.5911,141.699,15.0534,145.43,25.2142,142.742,15.0403,145.445,25.7578,144.212,15.0135,146.486,25.537,144.276,18.5395,146.477,25.284,145.309,20.6221,147.648,28.051,145.295,20.1099,147.695,29.0984,146.286,19.8087,148.75,29.0448,146.28,19.6515,149.815,28.9833,147.07,14.9121,151.356,28.8843,148.027,14.8632,152.384,28.8163,148.996,14.807,150.445,14.7136,151.447,14.6473,
147.886,21.9803,72.3724
141.874,29.2523,142.92,29.2391,142.878,25.9035,144.409,25.8758,144.44,27.5911,141.699,15.0534,145.43,25.2142,142.742,15.0403,145.445,25.7578,144.212,15.0135,146.486,25.537,144.276,18.5395,146.477,25.284,145.309,20.6221,147.648,28.051,145.295,20.1099,147.695,29.0984,146.286,19.8087,148.75,29.0448,146.28,19.6515,149.815,28.9833,147.07,14.9121,151.356,28.8843,148.027,14.8632,152.384,28.8163,148.996,14.807,153.182,25.6574,150.445,14.7136,153.093,24.301,151.447,14.6473,154.022,23.0895,152.456,14.5812,154.042,23.3982,152.763,19.2712,153.846,20.3965,153.815,19.915,
149.895,21.8642,74.385
142.92,29.2391,142.878,25.9035,144.409,25.8758,144.44,27.5911,145.43,25.2142,142.742,15.0403,145.445,25.7578,144.212,15.0135,146.486,25.537,144.276,18.5395,146.477,25.284,145.309,20.6221,147.648,28.051,145.295,20.1099,147.695,29.0984,146.286,19.8087,148.75,29.0448,146.28,19.6515,149.815,28.9833,147.07,14.9121,151.356,28.8843,148.027,14.8632,152.384,28.8163,148.996,14.807,153.182,25.6574,150.445,14.7136,153.093,24.301,151.447,14.6473,154.022,23.0895,152.456,14.5812,154.042,23.3982,152.763,19.2712,155.051,23.4223,153.846,20.3965,155.013,22.8289,153.815,19.915,156.111,24.2717,154.811,19.6973,156.382,28.5582,154.794,19.44,155.488,14.3863,
151.903,21.7326,76.3976
145.43,25.2142,145.445,25.7578,146.486,25.537,146.477,25.284,145.309,20.6221,147.648,28.051,145.295,20.1099,147.695,29.0984,146.286,19.8087,148.75,29.0448,146.28,19.6515,149.815,28.9833,147.07,14.9121,151.356,28.8843,148.027,14.8632,152.384,28.8163,148.996,14.807,153.182,25.6574,150.445,14.7136,153.093,24.301,151.447,14.6473,154.022,23.0895,152.456,14.5812,154.042,23.3982,152.763,19.2712,155.051,23.4223,153.846,20.3965,155.013,22.8289,153.815,19.915,156.111,24.2717,154.811,19.6973,156.382,28.5582,154.794,19.44,157.819,28.4709,155.488,14.3863,156.958,14.297,
153.912,21.6013,78.4102
147.648,28.051,147.695,29.0984,148.75,29.0448,149.815,28.9833,147.07,14.9121,151.356,28.8843,148.027,14.8632,152.384,28.8163,148.996,14.807,153.182,25.6574,150.445,14.7136,153.093,24.301,151.447,14.6473,154.022,23.0895,152.456,14.5812,154.042,23.3982,152.763,19.2712,155.051,23.4223,153.846,20.3965,155.013,22.8289,153.815,19.915,156.111,24.2717,154.811,19.6973,156.382,28.5582,154.794,19.44,157.819,28.4709,155.488,14.3863,159.222,28.3915,156.958,14.297,160.489,28.3295,158.419,14.2142,159.793,14.1466,159.998,18.3293,
155.92,21.4732,80.4228
149.815,28.9833,151.356,28.8843,152.384,28.8163,148.996,14.807,153.182,25.6574,150.445,14.7136,153.093,24.301,151.447,14.6473,154.022,23.0895,152.456,14.5812,154.042,23.3982,152.763,19.2712,155.051,23.4223,153.846,20.3965,155.013,22.8289,153.815,19.915,156.111,24.2717,154.811,19.6973,156.382,28.5582,154.794,19.44,157.819,28.4709,155.488,14.3863,159.222,28.3915,156.958,14.297,160.489,28.3295,158.419,14.2142,161.618,28.2848,159.793,14.1466,161.483,24.886,159.998,18.3293,162.457,22.9533,161.27,19.5334,162.484,23.816,161.266,19.4371,162.367,19.9787,162.37,20.1041,
157.929,21.3524,82.4354
151.356,28.8843,152.384,28.8163,153.182,25.6574,150.445,14.7136,153.093,24.301,151.447,14.6473,154.022,23.0895,152.456,14.5812,154.042,23.3982,152.763,19.2712,155.051,23.4223,153.846,20.3965,155.013,22.8289,153.815,19.915,156.111,24.2717,154.811,19.6973,156.382,28.5582,154.794,19.44,157.819,28.4709,155.488,14.3863,159.222,28.3915,156.958,14.297,160.489,28.3295,158.419,14.2142,161.618,28.2848,159.793,14.1466,161.483,24.886,159.998,18.3293,162.457,22.9533,161.27,19.5334,162.484,23.816,161.266,19.4371,163.464,23.6101,162.367,19.9787,163.465,23.6867,162.37,20.1041,164.579,23.7629,163.373,19.4749,164.578,23.733,163.253,14.0374,164.397,14.016,164.471,17.9887,
159.939,21.2474,84.448
153.182,25.6574,153.093,24.301,154.022,23.0895,152.456,14.5812,154.042,23.3982,152.763,19.2712,155.051,23.4223,153.846,20.3965,155.013,22.8289,153.815,19.915,156.111,24.2717,154.811,19.6973,156.382,28.5582,154.794,19.44,157.819,28.4709,155.488,14.3863,159.222,28.3915,156.958,14.297,160.489,28.3295,158.419,14.2142,161.618,28.2848,159.793,14.1466,161.483,24.886,159.998,18.3293,162.457,22.9533,161.27,19.5334,162.484,23.816,161.266,19.4371,163.464,23.6101,162.367,19.9787,163.465,23.6867,162.37,20.1041,164.579,23.7629,163.373,19.4749,164.578,23.733,163.253,14.0374,165.871,23.8056,164.397,14.016,165.869,23.6948,164.471,17.9887,165.804,19.9877,165.806,20.0688,
161.95,21.1706,86.4605
155.051,23.4223,155.013,22.8289,156.111,24.2717,154.811,19.6973,156.382,28.5582,154.794,19.44,157.819,28.4709,155.488,14.3863,159.222,28.3915,156.958,14.297,160.489,28.3295,158.419,14.2142,161.618,28.2848,159.793,14.1466,161.483,24.886,159.998,18.3293,162.457,22.9533,161.27,19.5334,162.484,23.816,161.266,19.4371,163.464,23.6101,162.367,19.9787,163.465,23.6867,162.37,20.1041,164.579,23.7629,163.373,19.4749,164.578,23.733,163.253,14.0374,165.871,23.8056,164.397,14.016,165.869,23.6948,164.471,17.9887,167.277,23.8507,165.804,19.9877,167.281,24.0694,165.806,20.0688,168.819,28.148,167.21,19.5934,167.121,13.9707,168.618,13.9495,
163.962,21.125,88.4731
157.819,28.4709,159.222,28.3915,156.958,14.297,160.489,28.3295,158.419,14.2142,161.618,28.2848,159.793,14.1466,161.483,24.886,159.998,18.3293,162.457,22.9533,161.27,19.5334,162.484,23.816,161.266,19.4371,163.464,23.6101,162.367,19.9787,163.465,23.6867,162.37,20.1041,164.579,23.7629,163.373,19.4749,164.578,23.733,163.253,14.0374,165.871,23.8056,164.397,14.016,165.869,23.6948,164.471,17.9887,167.277,23.8507,165.804,19.9877,167.281,24.0694,165.806,20.0688,168.819,28.148,167.21,19.5934,170.33,28.1291,167.121,13.9707,168.618,13.9495,170.152,13.9302,
165.974,21.0896,90.4857
160.489,28.3295,161.618,28.2848,159.793,14.1466,161.483,24.886,159.998,18.3293,162.457,22.9533,161.27,19.5334,162.484,23.816,161.266,19.4371,163.464,23.6101,162.367,19.9787,163.465,23.6867,162.37,20.1041,164.579,23.7629,163.373,19.4749,164.578,23.733,163.253,14.0374,165.871,23.8056,164.397,14.016,165.869,23.6948,164.471,17.9887,167.277,23.8507,165.804,19.9877,167.281,24.0694,165.806,20.0688,168.819,28.148,167.21,19.5934,170.33,28.1291,167.121,13.9707,171.351,28.1178,168.618,13.9495,172.429,28.1067,170.152,13.9302,172.415,26.7902,171.195,13.9187,172.281,13.9074,172.322,17.8151,
167.987,21.0588,92.4983
161.618,28.2848,161.483,24.886,162.457,22.9533,161.27,19.5334,162.484,23.816,161.266,19.4371,163.464,23.6101,162.367,19.9787,163.465,23.6867,162.37,20.1041,164.579,23.7629,163.373,19.4749,164.578,23.733,163.253,14.0374,165.871,23.8056,164.397,14.016,165.869,23.6948,164.471,17.9887,167.277,23.8507,165.804,19.9877,167.281,24.0694,165.806,20.0688,168.819,28.148,167.21,19.5934,170.33,28.1291,167.121,13.9707,171.351,28.1178,168.618,13.9495,172.429,28.1067,170.152,13.9302,172.415,26.7902,171.195,13.9187,173.485,24.2691,172.281,13.9074,173.491,24.8242,172.322,17.8151,174.589,24.5177,173.436,19.6718,174.582,23.9718,173.437,19.8151,174.53,19.7813,174.521,19.0607,
169.999,21.0325,94.5109
163.464,23.6101,163.465,23.6867,164.579,23.7629,163.373,19.4749,164.578,23.733,163.253,14.0374,165.871,23.8056,164.397,14.016,165.869,23.6948,164.471,17.9887,167.277,23.8507,165.804,19.9877,167.281,24.0694,165.806,20.0688,168.819,28.148,167.21,19.5934,170.33,28.1291,167.121,13.9707,171.351,28.1178,168.618,13.9495,172.429,28.1067,170.152,13.9302,172.415,26.7902,171.195,13.9187,173.485,24.2691,172.281,13.9074,173.491,24.8242,172.322,17.8151,174.589,24.5177,173.436,19.6718,174.582,23.9718,173.437,19.8151,175.708,26.6358,174.53,19.7813,175.728,28.0653,174.521,19.0607,176.86,28.0473,175.594,18.677,175.607,19.5601,176.73,19.8613,176.729,19.8221,
172.012,21.0107,96.5235
165.871,23.8056,165.869,23.6948,167.277,23.8507,165.804,19.9877,167.281,24.0694,165.806,20.0688,168.819,28.148,167.21,19.5934,170.33,28.1291,167.121,13.9707,171.351,28.1178,168.618,13.9495,172.429,28.1067,170.152,13.9302,172.415,26.7902,171.195,13.9187,173.485,24.2691,172.281,13.9074,173.491,24.8242,172.322,17.8151,174.589,24.5177,173.436,19.6718,174.582,23.9718,173.437,19.8151,175.708,26.6358,174.53,19.7813,175.728,28.0653,174.521,19.0607,176.86,28.0473,175.594,18.677,177.997,28.0268,175.607,19.5601,176.73,19.8613,176.729,19.8221,177.847,19.6757,177.844,19.4876,
174.024,20.9882,98.5361
167.277,23.8507,167.281,24.0694,168.819,28.148,167.21,19.5934,170.33,28.1291,167.121,13.9707,171.351,28.1178,168.618,13.9495,172.429,28.1067,170.152,13.9302,172.415,26.7902,171.195,13.9187,173.485,24.2691,172.281,13.9074,173.491,24.8242,172.322,17.8151,174.589,24.5177,173.436,19.6718,174.582,23.9718,173.437,19.8151,175.708,26.6358,174.53,19.7813,175.728,28.0653,174.521,19.0607,176.86,28.0473,175.594,18.677,177.997,28.0268,175.607,19.5601,179.182,28.0032,176.73,19.8613,180.378,27.8767,176.729,19.8221,177.847,19.6757,177.844,19.4876,179.005,19.1706,179.002,18.9978,180.182,19.0623,180.182,19.0254,
176.036,20.9597,100.549
170.33,28.1291,171.351,28.1178,172.429,28.1067,170.152,13.9302,172.415,26.7902,171.195,13.9187,173.485,24.2691,172.281,13.9074,173.491,24.8242,172.322,17.8151,174.589,24.5177,173.436,19.6718,174.582,23.9718,173.437,19.8151,175.708,26.6358,174.53,19.7813,175.728,28.0653,174.521,19.0607,176.86,28.0473,175.594,18.677,177.997,28.0268,175.607,19.5601,179.182,28.0032,176.73,19.8613,180.378,27.8767,176.729,19.8221,181.593,27.8484,177.847,19.6757,182.786,27.8211,177.844,19.4876,179.005,19.1706,179.002,18.9978,180.182,19.0623,180.182,19.0254,181.387,18.9974,181.391,19.1336,182.587,19.1062,182.587,19.1062,
178.049,20.9246,102.561
171.351,28.1178,172.429,28.1067,172.415,26.7902,171.195,13.9187,173.485,24.2691,172.281,13.9074,173.491,24.8242,172.322,17.8151,174.589,24.5177,173.436,19.6718,174.582,23.9718,173.437,19.8151,175.708,26.6358,174.53,19.7813,175.728,28.0653,174.521,19.0607,176.86,28.0473,175.594,18.677,177.997,28.0268,175.607,19.5601,179.182,28.0032,176.73,19.8613,180.378,27.8767,176.729,19.8221,181.593,27.8484,177.847,19.6757,182.786,27.8211,177.844,19.4876,184.002,27.7938,179.005,19.1706,179.002,18.9978,180.182,19.0623,180.182,19.0254,181.387,18.9974,181.391,19.1336,182.587,19.1062,182.587,19.1062,183.809,19.1584,183.806,19.0186,
180.061,20.8821,104.574
173.485,24.2691,173.491,24.8242,174.589,24.5177,173.436,19.6718,174.582,23.9718,173.437,19.8151,175.708,26.6358,174.53,19.7813,175.728,28.0653,174.521,19.0607,176.86,28.0473,175.594,18.677,177.997,28.0268,175.607,19.5601,179.182,28.0032,176.73,19.8613,180.378,27.8767,176.729,19.8221,181.593,27.8484,177.847,19.6757,182.786,27.8211,177.844,19.4876,184.002,27.7938,179.005,19.1706,185.206,27.7675,179.002,18.9978,186.447,27.7412,180.182,19.0623,180.182,19.0254,181.387,18.9974,181.391,19.1336,182.587,19.1062,182.587,19.1062,183.809,19.1584,183.806,19.0186,185.015,18.9922,185.016,19.0344,186.26,18.9161,186.277,19.7008,
182.073,20.8355,106.586
175.708,26.6358,175.728,28.0653,176.86,28.0473,175.594,18.677,177.997,28.0268,175.607,19.5601,179.182,28.0032,176.73,19.8613,180.378,27.8767,176.729,19.8221,181.593,27.8484,177.847,19.6757,182.786,27.8211,177.844,19.4876,184.002,27.7938,179.005,19.1706,185.206,27.7675,179.002,18.9978,186.447,27.7412,180.182,19.0623,187.652,27.7163,180.182,19.0254,188.856,27.6921,181.387,18.9974,181.391,19.1336,182.587,19.1062,182.587,19.1062,183.809,19.1584,183.806,19.0186,185.015,18.9922,185.016,19.0344,186.26,18.9161,186.277,19.7008,187.486,19.7133,187.486,19.7142,188.695,19.6937,188.695,19.6937,
184.085,20.7902,108.599
177.997,28.0268,179.182,28.0032,180.378,27.8767,181.593,27.8484,177.847,19.6757,182.786,27.8211,177.844,19.4876,184.002,27.7938,179.005,19.1706,185.206,27.7675,179.002,18.9978,186.447,27.7412,180.182,19.0623,187.652,27.7163,180.182,19.0254,188.856,27.6921,181.387,18.9974,190.073,27.6683,181.391,19.1336,182.587,19.1062,182.587,19.1062,183.809,19.1584,183.806,19.0186,185.015,18.9922,185.016,19.0344,186.26,18.9161,186.277,19.7008,187.486,19.7133,187.486,19.7142,188.695,19.6937,188.695,19.6937,189.916,19.6693,189.916,19.6557,
186.097,20.747,110.612
179.182,28.0032,180.378,27.8767,181.593,27.8484,182.786,27.8211,184.002,27.7938,179.005,19.1706,185.206,27.7675,179.002,18.9978,186.447,27.7412,180.182,19.0623,187.652,27.7163,180.182,19.0254,188.856,27.6921,181.387,18.9974,190.073,27.6683,181.391,19.1336,191.288,27.7421,182.587,19.1062,192.523,27.7131,182.587,19.1062,183.809,19.1584,183.806,19.0186,185.015,18.9922,185.016,19.0344,186.26,18.9161,186.277,19.7008,187.486,19.7133,187.486,19.7142,188.695,19.6937,188.695,19.6937,189.916,19.6693,189.916,19.6557,191.108,19.3628,191.106,19.3003,192.331,19.5638,192.327,19.3971,
188.109,20.7056,112.624
181.593,27.8484,182.786,27.8211,184.002,27.7938,185.206,27.7675,186.447,27.7412,187.652,27.7163,188.856,27.6921,181.387,18.9974,190.073,27.6683,181.391,19.1336,191.288,27.7421,182.587,19.1062,192.523,27.7131,182.587,19.1062,193.752,27.6806,183.809,19.1584,194.946,27.6448,183.806,19.0186,185.015,18.9922,185.016,19.0344,186.26,18.9161,186.277,19.7008,187.486,19.7133,187.486,19.7142,188.695,19.6937,188.695,19.6937,189.916,19.6693,189.916,19.6557,191.108,19.3628,191.106,19.3003,192.331,19.5638,192.327,19.3971,193.533,19.438,193.536,19.5383,194.693,19.1877,194.664,18.2319,
190.121,20.6658,114.637
184.002,27.7938,185.206,27.7675,186.447,27.7412,187.652,27.7163,188.856,27.6921,190.073,27.6683,191.288,27.7421,192.523,27.7131,193.752,27.6806,183.809,19.1584,194.946,27.6448,183.806,19.0186,196.179,27.6013,185.015,18.9922,185.016,19.0344,186.26,18.9161,186.277,19.7008,187.486,19.7133,187.486,19.7142,188.695,19.6937,188.695,19.6937,189.916,19.6693,189.916,19.6557,191.108,19.3628,191.106,19.3003,192.331,19.5638,192.327,19.3971,193.533,19.438,193.536,19.5383,194.693,19.1877,194.664,18.2319,195.838,17.9432,195.829,17.6966,
192.134,20.6205,116.649
186.447,27.7412,187.652,27.7163,188.856,27.6921,190.073,27.6683,191.288,27.7421,192.523,27.7131,193.752,27.6806,194.946,27.6448,196.179,27.6013,197.366,27.5547,198.503,27.5093,186.26,18.9161,186.277,19.7008,187.486,19.7133,187.486,19.7142,188.695,19.6937,188.695,19.6937,189.916,19.6693,189.916,19.6557,191.108,19.3628,191.106,19.3003,192.331,19.5638,192.327,19.3971,193.533,19.438,193.536,19.5383,194.693,19.1877,194.664,18.2319,195.838,17.9432,195.829,17.6966,196.977,17.6514,196.977,17.6514,198.103,17.511,198.102,17.4739,
194.145,20.5664,118.662
187.652,27.7163,188.856,27.6921,190.073,27.6683,191.288,27.7421,192.523,27.7131,193.752,27.6806,194.946,27.6448,196.179,27.6013,197.366,27.5547,198.503,27.5093,199.589,27.4652,200.635,27.4224,187.486,19.7133,187.486,19.7142,188.695,19.6937,188.695,19.6937,189.916,19.6693,189.916,19.6557,191.108,19.3628,191.106,19.3003,192.331,19.5638,192.327,19.3971,193.533,19.438,193.536,19.5383,194.693,19.1877,194.664,18.2319,195.838,17.9432,195.829,17.6966,196.977,17.6514,196.977,17.6514,198.103,17.511,198.102,17.4739,199.185,17.5272,199.185,17.5309,200.228,17.4882,200.228,17.4845,
196.157,20.4969,120.675
190.073,27.6683,191.288,27.7421,192.523,27.7131,193.752,27.6806,194.946,27.6448,196.179,27.6013,197.366,27.5547,198.503,27.5093,199.589,27.4652,200.635,27.4224,201.644,27.3807,203.101,27.3197,189.916,19.6693,189.916,19.6557,191.108,19.3628,191.106,19.3003,192.331,19.5638,192.327,19.3971,193.533,19.438,193.536,19.5383,194.693,19.1877,194.664,18.2319,195.838,17.9432,195.829,17.6966,196.977,17.6514,196.977,17.6514,198.103,17.511,198.102,17.4739,199.185,17.5272,199.185,17.5309,200.228,17.4882,200.228,17.4845,201.237,17.5401,201.24,17.5998,202.683,17.3515,202.687,17.4471,
198.168,20.417,122.687
191.288,27.7421,192.523,27.7131,193.752,27.6806,194.946,27.6448,196.179,27.6013,197.366,27.5547,198.503,27.5093,199.589,27.4652,200.635,27.4224,201.644,27.3807,203.101,27.3197,204.513,27.2598,191.108,19.3628,191.106,19.3003,192.331,19.5638,192.327,19.3971,193.533,19.438,193.536,19.5383,194.693,19.1877,194.664,18.2319,195.838,17.9432,195.829,17.6966,196.977,17.6514,196.977,17.6514,198.103,17.511,198.102,17.4739,199.185,17.5272,199.185,17.5309,200.228,17.4882,200.228,17.4845,201.237,17.5401,201.24,17.5998,202.683,17.3515,202.687,17.4471,204.102,17.5654,204.098,17.4723,
200.179,20.3351,124.7
193.752,27.6806,194.946,27.6448,196.179,27.6013,197.366,27.5547,198.503,27.5093,199.589,27.4652,200.635,27.4224,201.644,27.3807,203.101,27.3197,204.513,27.2598,205.897,27.2008,207.165,24.4445,207.134,23.718,193.533,19.438,193.536,19.5383,194.693,19.1877,194.664,18.2319,195.838,17.9432,195.829,17.6966,196.977,17.6514,196.977,17.6514,198.103,17.511,198.102,17.4739,199.185,17.5272,199.185,17.5309,200.228,17.4882,200.228,17.4845,201.237,17.5401,201.24,17.5998,202.683,17.3515,202.687,17.4471,204.102,17.5654,204.098,17.4723,205.48,17.4134,205.482,17.4503,206.865,17.3915,206.92,18.6841,
202.19,20.2518,126.712
196.179,27.6013,197.366,27.5547,198.503,27.5093,199.589,27.4652,200.635,27.4224,201.644,27.3807,203.101,27.3197,204.513,27.2598,205.897,27.2008,207.165,24.4445,207.134,23.718,208.55,23.7372,208.575,24.3212,195.838,17.9432,195.829,17.6966,196.977,17.6514,196.977,17.6514,198.103,17.511,198.102,17.4739,199.185,17.5272,199.185,17.5309,200.228,17.4882,200.228,17.4845,201.237,17.5401,201.24,17.5998,202.683,17.3515,202.687,17.4471,204.102,17.5654,204.098,17.4723,205.48,17.4134,205.482,17.4503,206.865,17.3915,206.92,18.6841,208.347,18.8885,208.347,18.8885,
204.2,20.1666,128.725
198.503,27.5093,199.589,27.4652,200.635,27.4224,201.644,27.3807,203.101,27.3197,204.513,27.2598,205.897,27.2008,207.165,24.4445,207.134,23.718,208.55,23.7372,208.575,24.3212,210.051,24.4511,210.058,24.6244,211.154,26.9826,198.103,17.511,198.102,17.4739,199.185,17.5272,199.185,17.5309,200.228,17.4882,200.228,17.4845,201.237,17.5401,201.24,17.5998,202.683,17.3515,202.687,17.4471,204.102,17.5654,204.098,17.4723,205.48,17.4134,205.482,17.4503,206.865,17.3915,206.92,18.6841,208.347,18.8885,208.347,18.8885,209.772,17.6913,209.572,12.8344,210.587,12.7939,
206.211,20.081,130.738
199.589,27.4652,200.635,27.4224,201.644,27.3807,203.101,27.3197,204.513,27.2598,205.897,27.2008,207.165,24.4445,207.134,23.718,208.55,23.7372,208.575,24.3212,210.051,24.4511,210.058,24.6244,211.154,26.9826,212.156,26.9431,212.084,25.1336,213.111,25.0941,213.022,22.7904,199.185,17.5272,199.185,17.5309,200.228,17.4882,200.228,17.4845,201.237,17.5401,201.24,17.5998,202.683,17.3515,202.687,17.4471,204.102,17.5654,204.098,17.4723,205.48,17.4134,205.482,17.4503,206.865,17.3915,206.92,18.6841,208.347,18.8885,208.347,18.8885,209.772,17.6913,209.572,12.8344,210.587,12.7939,211.597,12.7541,212.635,12.7142,
208.222,19.9962,132.75
201.644,27.3807,203.101,27.3197,204.513,27.2598,205.897,27.2008,207.165,24.4445,207.134,23.718,208.55,23.7372,208.575,24.3212,210.051,24.4511,210.058,24.6244,211.154,26.9826,212.156,26.9431,212.084,25.1336,213.111,25.0941,213.022,22.7904,213.981,21.0949,214,21.5975,215.08,21.6427,215.074,21.4709,201.237,17.5401,201.24,17.5998,202.683,17.3515,202.687,17.4471,204.102,17.5654,204.098,17.4723,205.48,17.4134,205.482,17.4503,206.865,17.3915,206.92,18.6841,208.347,18.8885,208.347,18.8885,209.772,17.6913,209.572,12.8344,210.587,12.7939,211.597,12.7541,212.635,12.7142,213.666,12.6756,213.857,17.7891,214.977,18.6852,214.97,18.4946,
210.233,19.9136,134.763
204.513,27.2598,205.897,27.2008,207.165,24.4445,207.134,23.718,208.55,23.7372,208.575,24.3212,210.051,24.4511,210.058,24.6244,211.154,26.9826,212.156,26.9431,212.084,25.1336,213.111,25.0941,213.022,22.7904,213.981,21.0949,214,21.5975,215.08,21.6427,215.074,21.4709,216.191,21.9054,216.193,21.9616,204.102,17.5654,204.098,17.4723,205.48,17.4134,205.482,17.4503,206.865,17.3915,206.92,18.6841,208.347,18.8885,208.347,18.8885,209.772,17.6913,209.572,12.8344,210.587,12.7939,211.597,12.7541,212.635,12.7142,213.666,12.6756,213.857,17.7891,214.977,18.6852,214.97,18.4946,216.083,18.5384,216.087,18.6526,
212.244,19.8344,136.775
205.897,27.2008,207.165,24.4445,207.134,23.718,208.55,23.7372,208.575,24.3212,210.051,24.4511,210.058,24.6244,211.154,26.9826,212.156,26.9431,212.084,25.1336,213.111,25.0941,213.022,22.7904,213.981,21.0949,214,21.5975,215.08,21.6427,215.074,21.4709,216.191,21.9054,216.193,21.9616,217.286,21.6476,217.268,21.0354,218.418,22.253,218.54,26.731,205.48,17.4134,205.482,17.4503,206.865,17.3915,206.92,18.6841,208.347,18.8885,208.347,18.8885,209.772,17.6913,209.572,12.8344,210.587,12.7939,211.597,12.7541,212.635,12.7142,213.666,12.6756,213.857,17.7891,214.977,18.6852,214.97,18.4946,216.083,18.5384,216.087,18.6526,217.156,17.2891,217.015,12.5673,218.154,12.5363,
214.255,19.7592,138.788
208.55,23.7372,208.575,24.3212,210.051,24.4511,210.058,24.6244,211.154,26.9826,212.156,26.9431,212.084,25.1336,213.111,25.0941,213.022,22.7904,213.981,21.0949,214,21.5975,215.08,21.6427,215.074,21.4709,216.191,21.9054,216.193,21.9616,217.286,21.6476,217.268,21.0354,218.418,22.253,218.54,26.731,219.623,26.7045,220.759,26.6739,208.347,18.8885,208.347,18.8885,209.772,17.6913,209.572,12.8344,210.587,12.7939,211.597,12.7541,212.635,12.7142,213.666,12.6756,213.857,17.7891,214.977,18.6852,214.97,18.4946,216.083,18.5384,216.087,18.6526,217.156,17.2891,217.015,12.5673,218.154,12.5363,219.274,12.5088,220.377,12.4791,
216.267,19.6927,140.801
210.051,24.4511,210.058,24.6244,211.154,26.9826,212.156,26.9431,212.084,25.1336,213.111,25.0941,213.022,22.7904,213.981,21.0949,214,21.5975,215.08,21.6427,215.074,21.4709,216.191,21.9054,216.193,21.9616,217.286,21.6476,217.268,21.0354,218.418,22.253,218.54,26.731,219.623,26.7045,220.759,26.6739,221.933,26.6375,223.411,26.5878,209.772,17.6913,209.572,12.8344,210.587,12.7939,211.597,12.7541,212.635,12.7142,213.666,12.6756,213.857,17.7891,214.977,18.6852,214.97,18.4946,216.083,18.5384,216.087,18.6526,217.156,17.2891,217.015,12.5673,218.154,12.5363,219.274,12.5088,220.377,12.4791,221.492,12.4444,221.603,15.999,223.107,17.5755,223.075,16.6028,
218.278,19.6355,142.813
212.156,26.9431,212.084,25.1336,213.111,25.0941,213.022,22.7904,213.981,21.0949,214,21.5975,215.08,21.6427,215.074,21.4709,216.191,21.9054,216.193,21.9616,217.286,21.6476,217.268,21.0354,218.418,22.253,218.54,26.731,219.623,26.7045,220.759,26.6739,221.933,26.6375,223.411,26.5878,224.874,26.5377,211.597,12.7541,212.635,12.7142,213.666,12.6756,213.857,17.7891,214.977,18.6852,214.97,18.4946,216.083,18.5384,216.087,18.6526,217.156,17.2891,217.015,12.5673,218.154,12.5363,219.274,12.5088,220.377,12.4791,221.492,12.4444,221.603,15.999,223.107,17.5755,223.075,16.6028,224.55,17.0682,224.571,17.6913,
220.29,19.5842,144.826
213.981,21.0949,214,21.5975,215.08,21.6427,215.074,21.4709,216.191,21.9054,216.193,21.9616,217.286,21.6476,217.268,21.0354,218.418,22.253,218.54,26.731,219.623,26.7045,220.759,26.6739,221.933,26.6375,223.411,26.5878,224.874,26.5377,226.334,26.4884,213.666,12.6756,213.857,17.7891,214.977,18.6852,214.97,18.4946,216.083,18.5384,216.087,18.6526,217.156,17.2891,217.015,12.5673,218.154,12.5363,219.274,12.5088,220.377,12.4791,221.492,12.4444,221.603,15.999,223.107,17.5755,223.075,16.6028,224.55,17.0682,224.571,17.6913,225.964,15.5294,225.855,12.2965,
222.302,19.5214,146.838
216.191,21.9054,216.193,21.9616,217.286,21.6476,217.268,21.0354,218.418,22.253,218.54,26.731,219.623,26.7045,220.759,26.6739,221.933,26.6375,223.411,26.5878,224.874,26.5377,226.334,26.4884,227.622,22.0411,227.612,21.7491,228.795,21.8703,228.797,21.9296,216.083,18.5384,216.087,18.6526,217.156,17.2891,217.015,12.5673,218.154,12.5363,219.274,12.5088,220.377,12.4791,221.492,12.4444,221.603,15.999,223.107,17.5755,223.075,16.6028,224.55,17.0682,224.571,17.6913,225.964,15.5294,225.855,12.2965,227.442,16.8442,227.446,16.9774,228.616,17.1158,228.637,17.6701,
224.313,19.4527,148.851
218.418,22.253,218.54,26.731,219.623,26.7045,220.759,26.6739,221.933,26.6375,223.411,26.5878,224.874,26.5377,226.334,26.4884,227.622,22.0411,227.612,21.7491,228.795,21.8703,228.797,21.9296,229.976,21.7991,229.984,22.0081,231.139,21.9654,231.125,21.5877,218.154,12.5363,219.274,12.5088,220.377,12.4791,221.492,12.4444,221.603,15.999,223.107,17.5755,223.075,16.6028,224.55,17.0682,224.571,17.6913,225.964,15.5294,225.855,12.2965,227.442,16.8442,227.446,16.9774,228.616,17.1158,228.637,17.6701,229.731,15.3021,229.612,12.1591,230.963,17.2125,230.993,18.0118,
226.325,19.3847,150.864
219.623,26.7045,220.759,26.6739,221.933,26.6375,223.411,26.5878,224.874,26.5377,226.334,26.4884,227.622,22.0411,227.612,21.7491,228.795,21.8703,228.797,21.9296,229.976,21.7991,229.984,22.0081,231.139,21.9654,231.125,21.5877,232.3,21.6217,232.312,21.9536,219.274,12.5088,220.377,12.4791,221.492,12.4444,221.603,15.999,223.107,17.5755,223.075,16.6028,224.55,17.0682,224.571,17.6913,225.964,15.5294,225.855,12.2965,227.442,16.8442,227.446,16.9774,228.616,17.1158,228.637,17.6701,229.731,15.3021,229.612,12.1591,230.963,17.2125,230.993,18.0118,232.168,17.9892,232.169,18.0147,
228.336,19.3126,152.876
221.933,26.6375,223.411,26.5878,224.874,26.5377,226.334,26.4884,227.622,22.0411,227.612,21.7491,228.795,21.8703,228.797,21.9296,229.976,21.7991,229.984,22.0081,231.139,21.9654,231.125,21.5877,232.3,21.6217,232.312,21.9536,233.438,21.8198,233.439,21.8427,234.844,21.7951,234.844,21.7951,221.492,12.4444,221.603,15.999,223.107,17.5755,223.075,16.6028,224.55,17.0682,224.571,17.6913,225.964,15.5294,225.855,12.2965,227.442,16.8442,227.446,16.9774,228.616,17.1158,228.637,17.6701,229.731,15.3021,229.612,12.1591,230.963,17.2125,230.993,18.0118,232.168,17.9892,232.169,18.0147,233.285,17.4938,233.177,14.4316,234.512,11.9851,
230.347,19.2367,154.889
224.874,26.5377,226.334,26.4884,227.622,22.0411,227.612,21.7491,228.795,21.8703,228.797,21.9296,229.976,21.7991,229.984,22.0081,231.139,21.9654,231.125,21.5877,232.3,21.6217,232.312,21.9536,233.438,21.8198,233.439,21.8427,234.844,21.7951,234.844,21.7951,235.973,21.7582,235.974,21.8145,237.097,21.7766,237.095,21.7204,224.55,17.0682,224.571,17.6913,225.964,15.5294,225.855,12.2965,227.442,16.8442,227.446,16.9774,228.616,17.1158,228.637,17.6701,229.731,15.3021,229.612,12.1591,230.963,17.2125,230.993,18.0118,232.168,17.9892,232.169,18.0147,233.285,17.4938,233.177,14.4316,234.512,11.9851,235.652,11.9479,236.764,11.9104,
232.359,19.1634,156.901
226.334,26.4884,227.622,22.0411,227.612,21.7491,228.795,21.8703,228.797,21.9296,229.976,21.7991,229.984,22.0081,231.139,21.9654,231.125,21.5877,232.3,21.6217,232.312,21.9536,233.438,21.8198,233.439,21.8427,234.844,21.7951,234.844,21.7951,235.973,21.7582,235.974,21.8145,237.097,21.7766,237.095,21.7204,238.201,21.6785,238.2,21.6591,239.276,21.5144,239.276,21.5144,225.964,15.5294,225.855,12.2965,227.442,16.8442,227.446,16.9774,228.616,17.1158,228.637,17.6701,229.731,15.3021,229.612,12.1591,230.963,17.2125,230.993,18.0118,232.168,17.9892,232.169,18.0147,233.285,17.4938,233.177,14.4316,234.512,11.9851,235.652,11.9479,236.764,11.9104,237.828,11.8699,238.821,11.8231,238.924,14.0128,
234.37,19.0938,158.914
227.622,22.0411,227.612,21.7491,228.795,21.8703,228.797,21.9296,229.976,21.7991,229.984,22.0081,231.139,21.9654,231.125,21.5877,232.3,21.6217,232.312,21.9536,233.438,21.8198,233.439,21.8427,234.844,21.7951,234.844,21.7951,235.973,21.7582,235.974,21.8145,237.097,21.7766,237.095,21.7204,238.201,21.6785,238.2,21.6591,239.276,21.5144,239.276,21.5144,240.357,21.362,240.355,21.3292,241.398,21.1788,241.395,21.132,227.442,16.8442,227.446,16.9774,228.616,17.1158,228.637,17.6701,229.731,15.3021,229.612,12.1591,230.963,17.2125,230.993,18.0118,232.168,17.9892,232.169,18.0147,233.285,17.4938,233.177,14.4316,234.512,11.9851,235.652,11.9479,236.764,11.9104,237.828,11.8699,238.821,11.8231,238.924,14.0128,240.11,16.7718,240.085,16.3159,241.118,16.1672,241.162,16.9535,
236.381,19.0275,160.927
229.976,21.7991,229.984,22.0081,231.139,21.9654,231.125,21.5877,232.3,21.6217,232.312,21.9536,233.438,21.8198,233.439,21.8427,234.844,21.7951,234.844,21.7951,235.973,21.7582,235.974,21.8145,237.097,21.7766,237.095,21.7204,238.201,21.6785,238.2,21.6591,239.276,21.5144,239.276,21.5144,240.357,21.362,240.355,21.3292,241.398,21.1788,241.395,21.132,242.427,21.0735,242.433,21.1671,229.731,15.3021,229.612,12.1591,230.963,17.2125,230.993,18.0118,232.168,17.9892,232.169,18.0147,233.285,17.4938,233.177,14.4316,234.512,11.9851,235.652,11.9479,236.764,11.9104,237.828,11.8699,238.821,11.8231,238.924,14.0128,240.11,16.7718,240.085,16.3159,241.118,16.1672,241.162,16.9535,242.076,14.8703,241.894,11.6527,
238.393,18.9517,162.939
232.3,21.6217,232.312,21.9536,233.438,21.8198,233.439,21.8427,234.844,21.7951,234.844,21.7951,235.973,21.7582,235.974,21.8145,237.097,21.7766,237.095,21.7204,238.201,21.6785,238.2,21.6591,239.276,21.5144,239.276,21.5144,240.357,21.362,240.355,21.3292,241.398,21.1788,241.395,21.132,242.427,21.0735,242.433,21.1671,243.869,21.0835,243.869,21.082,245.193,21.1009,245.19,21.0526,232.168,17.9892,232.169,18.0147,233.285,17.4938,233.177,14.4316,234.512,11.9851,235.652,11.9479,236.764,11.9104,237.828,11.8699,238.821,11.8231,238.924,14.0128,240.11,16.7718,240.085,16.3159,241.118,16.1672,241.162,16.9535,242.076,14.8703,241.894,11.6527,243.315,11.5699,243.448,13.8476,244.939,16.7085,244.915,16.2949,
240.402,18.8478,164.952
233.438,21.8198,233.439,21.8427,234.844,21.7951,234.844,21.7951,235.973,21.7582,235.974,21.8145,237.097,21.7766,237.095,21.7204,238.201,21.6785,238.2,21.6591,239.276,21.5144,239.276,21.5144,240.357,21.362,240.355,21.3292,241.398,21.1788,241.395,21.132,242.427,21.0735,242.433,21.1671,243.869,21.0835,243.869,21.082,245.193,21.1009,245.19,21.0526,246.339,21.108,246.339,21.108,233.285,17.4938,233.177,14.4316,234.512,11.9851,235.652,11.9479,236.764,11.9104,237.828,11.8699,238.821,11.8231,238.924,14.0128,240.11,16.7718,240.085,16.3159,241.118,16.1672,241.162,16.9535,242.076,14.8703,241.894,11.6527,243.315,11.5699,243.448,13.8476,244.939,16.7085,244.915,16.2949,246.168,15.8842,246.163,15.7436,
242.412,18.7346,166.964
235.973,21.7582,235.974,21.8145,237.097,21.7766,237.095,21.7204,238.201,21.6785,238.2,21.6591,239.276,21.5144,239.276,21.5144,240.357,21.362,240.355,21.3292,241.398,21.1788,241.395,21.132,242.427,21.0735,242.433,21.1671,243.869,21.0835,243.869,21.082,245.193,21.1009,245.19,21.0526,246.339,21.108,246.339,21.108,247.361,21.0643,247.359,21.1033,248.192,21.0918,248.193,21.0837,235.652,11.9479,236.764,11.9104,237.828,11.8699,238.821,11.8231,238.924,14.0128,240.11,16.7718,240.085,16.3159,241.118,16.1672,241.162,16.9535,242.076,14.8703,241.894,11.6527,243.315,11.5699,243.448,13.8476,244.939,16.7085,244.915,16.2949,246.168,15.8842,246.163,15.7436,247.751,11.4973,247.615,14.8364,248.924,17.1562,248.913,17.2138,
244.421,18.6171,168.977
238.201,21.6785,238.2,21.6591,239.276,21.5144,239.276,21.5144,240.357,21.362,240.355,21.3292,241.398,21.1788,241.395,21.132,242.427,21.0735,242.433,21.1671,243.869,21.0835,243.869,21.082,245.193,21.1009,245.19,21.0526,246.339,21.108,246.339,21.108,247.361,21.0643,247.359,21.1033,248.192,21.0918,248.193,21.0837,248.914,21.1146,249.003,20.8891,249.711,21.1779,249.679,21.2241,237.828,11.8699,238.821,11.8231,238.924,14.0128,240.11,16.7718,240.085,16.3159,241.118,16.1672,241.162,16.9535,242.076,14.8703,241.894,11.6527,243.315,11.5699,243.448,13.8476,244.939,16.7085,244.915,16.2949,246.168,15.8842,246.163,15.7436,247.751,11.4973,247.615,14.8364,248.924,17.1562,248.913,17.2138,250.496,17.1446,250.565,16.9704,251.486,18.6376,251.563,18.5266,
246.432,18.5434,170.989
240.357,21.362,240.355,21.3292,241.398,21.1788,241.395,21.132,242.427,21.0735,242.433,21.1671,243.869,21.0835,243.869,21.082,245.193,21.1009,245.19,21.0526,246.339,21.108,246.339,21.108,247.361,21.0643,247.359,21.1033,248.192,21.0918,248.193,21.0837,248.914,21.1146,249.003,20.8891,249.711,21.1779,249.679,21.2241,249.703,22.2968,249.599,22.3866,240.11,16.7718,240.085,16.3159,241.118,16.1672,241.162,16.9535,242.076,14.8703,241.894,11.6527,243.315,11.5699,243.448,13.8476,244.939,16.7085,244.915,16.2949,246.168,15.8842,246.163,15.7436,247.751,11.4973,247.615,14.8364,248.924,17.1562,248.913,17.2138,250.496,17.1446,250.565,16.9704,251.486,18.6376,251.563,18.5266,254.939,17.7782,256.792,16.1785,
248.428,18.7602,172.996
242.427,21.0735,242.433,21.1671,243.869,21.0835,243.869,21.082,245.193,21.1009,245.19,21.0526,246.339,21.108,246.339,21.108,247.361,21.0643,247.359,21.1033,248.192,21.0918,248.193,21.0837,248.914,21.1146,249.003,20.8891,249.711,21.1779,249.679,21.2241,249.703,22.2968,249.599,22.3866,249.568,23.2191,249.495,23.2571,249.654,24.1587,249.582,24.1824,242.076,14.8703,241.894,11.6527,243.315,11.5699,243.448,13.8476,244.939,16.7085,244.915,16.2949,246.168,15.8842,246.163,15.7436,247.751,11.4973,247.615,14.8364,248.924,17.1562,248.913,17.2138,250.496,17.1446,250.565,16.9704,251.486,18.6376,251.563,18.5266,254.939,17.7782,256.792,16.1785,258.298,18.6536,259.18,21.0317,258.133,21.3754,
250.246,19.5905,174.995
243.869,21.0835,243.869,21.082,245.193,21.1009,245.19,21.0526,246.339,21.108,246.339,21.108,247.361,21.0643,247.359,21.1033,248.192,21.0918,248.193,21.0837,248.914,21.1146,249.003,20.8891,249.711,21.1779,249.679,21.2241,249.703,22.2968,249.599,22.3866,249.568,23.2191,249.495,23.2571,249.654,24.1587,249.582,24.1824,249.587,25.2548,249.62,25.248,243.315,11.5699,243.448,13.8476,244.939,16.7085,244.915,16.2949,246.168,15.8842,246.163,15.7436,247.751,11.4973,247.615,14.8364,248.924,17.1562,248.913,17.2138,250.496,17.1446,250.565,16.9704,251.486,18.6376,251.563,18.5266,254.939,17.7782,256.792,16.1785,258.298,18.6536,259.18,21.0317,258.133,21.3754,255.54,24.0358,254.926,24.1615,
251.579,21.0794,176.994
246.339,21.108,246.339,21.108,247.361,21.0643,247.359,21.1033,248.192,21.0918,248.193,21.0837,248.914,21.1146,249.003,20.8891,249.711,21.1779,249.679,21.2241,249.703,22.2968,249.599,22.3866,249.568,23.2191,249.495,23.2571,249.654,24.1587,249.582,24.1824,249.587,25.2548,249.62,25.248,249.587,26.4502,249.495,26.4627,249.527,27.7651,249.666,27.751,246.168,15.8842,246.163,15.7436,247.751,11.4973,247.615,14.8364,248.924,17.1562,248.913,17.2138,250.496,17.1446,250.565,16.9704,251.486,18.6376,251.563,18.5266,254.939,17.7782,256.792,16.1785,258.298,18.6536,259.18,21.0317,258.133,21.3754,255.54,24.0358,254.926,24.1615,257.199,25.4133,256.792,25.4687,254.899,27.2207,255.69,27.1406,
252.347,22.9335,179.001
247.361,21.0643,247.359,21.1033,248.192,21.0918,248.193,21.0837,248.914,21.1146,249.003,20.8891,249.711,21.1779,249.679,21.2241,249.703,22.2968,249.599,22.3866,249.568,23.2191,249.495,23.2571,249.654,24.1587,249.582,24.1824,249.587,25.2548,249.62,25.248,249.587,26.4502,249.495,26.4627,249.527,27.7651,249.666,27.751,249.923,28.9971,249.935,28.9964,247.751,11.4973,247.615,14.8364,248.924,17.1562,248.913,17.2138,250.496,17.1446,250.565,16.9704,251.486,18.6376,251.563,18.5266,254.939,17.7782,256.792,16.1785,258.298,18.6536,259.18,21.0317,258.133,21.3754,255.54,24.0358,254.926,24.1615,257.199,25.4133,256.792,25.4687,254.899,27.2207,255.69,27.1406,255.139,28.6815,255.193,28.6782,
252.759,24.902,181.012
248.914,21.1146,249.003,20.8891,249.711,21.1779,249.679,21.2241,249.703,22.2968,249.599,22.3866,249.568,23.2191,249.495,23.2571,249.654,24.1587,249.582,24.1824,249.587,25.2548,249.62,25.248,249.587,26.4502,249.495,26.4627,249.527,27.7651,249.666,27.751,249.923,28.9971,249.935,28.9964,250.372,30.3783,250.301,30.3818,250.458,31.7792,250.516,31.7767,250.496,17.1446,250.565,16.9704,251.486,18.6376,251.563,18.5266,254.939,17.7782,256.792,16.1785,258.298,18.6536,259.18,21.0317,258.133,21.3754,255.54,24.0358,254.926,24.1615,257.199,25.4133,256.792,25.4687,254.899,27.2207,255.69,27.1406,255.139,28.6815,255.193,28.6782,255.75,30.1079,255.551,30.1179,255.107,31.5742,255.078,31.5755,
253.005,26.8991,183.024
249.703,22.2968,249.599,22.3866,249.568,23.2191,249.495,23.2571,249.654,24.1587,249.582,24.1824,249.587,25.2548,249.62,25.248,249.587,26.4502,249.495,26.4627,249.527,27.7651,249.666,27.751,249.923,28.9971,249.935,28.9964,250.372,30.3783,250.301,30.3818,250.458,31.7792,250.516,31.7767,250.215,33.1658,250.035,33.1746,254.939,17.7782,256.792,16.1785,258.298,18.6536,259.18,21.0317,258.133,21.3754,255.54,24.0358,254.926,24.1615,257.199,25.4133,256.792,25.4687,254.899,27.2207,255.69,27.1406,255.139,28.6815,255.193,28.6782,255.75,30.1079,255.551,30.1179,255.107,31.5742,255.078,31.5755,255.47,32.9083,255.619,32.901,
253.135,28.9074,185.036
249.568,23.2191,249.495,23.2571,249.654,24.1587,249.582,24.1824,249.587,25.2548,249.62,25.248,249.587,26.4502,249.495,26.4627,249.527,27.7651,249.666,27.751,249.923,28.9971,249.935,28.9964,250.372,30.3783,250.301,30.3818,250.458,31.7792,250.516,31.7767,250.215,33.1658,250.035,33.1746,249.994,34.3745,250.366,34.3562,252.19,35.3373,252.144,35.3396,258.298,18.6536,259.18,21.0317,258.133,21.3754,255.54,24.0358,254.926,24.1615,257.199,25.4133,256.792,25.4687,254.899,27.2207,255.69,27.1406,255.139,28.6815,255.193,28.6782,255.75,30.1079,255.551,30.1179,255.107,31.5742,255.078,31.5755,255.47,32.9083,255.619,32.901,255.586,34.0992,255.626,34.0972,255.584,35.1706,254.909,35.2038,
253.235,30.9175,187.049
249.587,25.2548,249.62,25.248,249.587,26.4502,249.495,26.4627,249.527,27.7651,249.666,27.751,249.923,28.9971,249.935,28.9964,250.372,30.3783,250.301,30.3818,250.458,31.7792,250.516,31.7767,250.215,33.1658,250.035,33.1746,249.994,34.3745,250.366,34.3562,252.19,35.3373,252.144,35.3396,249.498,36.4907,246.464,37.8859,255.54,24.0358,254.926,24.1615,257.199,25.4133,256.792,25.4687,254.899,27.2207,255.69,27.1406,255.139,28.6815,255.193,28.6782,255.75,30.1079,255.551,30.1179,255.107,31.5742,255.078,31.5755,255.47,32.9083,255.619,32.901,255.586,34.0992,255.626,34.0972,255.584,35.1706,254.909,35.2038,256.832,36.127,260.484,35.9459,260.546,37.1716,257.457,37.3284,
253.327,32.9279,189.062
249.587,26.4502,249.495,26.4627,249.527,27.7651,249.666,27.751,249.923,28.9971,249.935,28.9964,250.372,30.3783,250.301,30.3818,250.458,31.7792,250.516,31.7767,250.215,33.1658,250.035,33.1746,249.994,34.3745,250.366,34.3562,252.19,35.3373,252.144,35.3396,249.498,36.4907,246.464,37.8859,246.519,38.9147,246.577,39.9391,248.427,39.8354,257.199,25.4133,256.792,25.4687,254.899,27.2207,255.69,27.1406,255.139,28.6815,255.193,28.6782,255.75,30.1079,255.551,30.1179,255.107,31.5742,255.078,31.5755,255.47,32.9083,255.619,32.901,255.586,34.0992,255.626,34.0972,255.584,35.1706,254.909,35.2038,256.832,36.127,260.484,35.9459,260.546,37.1716,257.457,37.3284,256.978,38.3563,258.942,38.2515,259.97,39.1883,257.501,39.3267,
253.426,34.9381,191.074
249.923,28.9971,249.935,28.9964,250.372,30.3783,250.301,30.3818,250.458,31.7792,250.516,31.7767,250.215,33.1658,250.035,33.1746,249.994,34.3745,250.366,34.3562,252.19,35.3373,252.144,35.3396,249.498,36.4907,246.464,37.8859,246.519,38.9147,246.577,39.9391,248.427,39.8354,250.711,40.7573,251.005,40.7405,249.164,41.8801,247.362,41.9835,255.139,28.6815,255.193,28.6782,255.75,30.1079,255.551,30.1179,255.107,31.5742,255.078,31.5755,255.47,32.9083,255.619,32.901,255.586,34.0992,255.626,34.0972,255.584,35.1706,254.909,35.2038,256.832,36.127,260.484,35.9459,260.546,37.1716,257.457,37.3284,256.978,38.3563,258.942,38.2515,259.97,39.1883,257.501,39.3267,255.48,40.484,255.947,40.4573,256.541,41.4568,256.749,41.4448,
253.526,36.9482,193.087
250.372,30.3783,250.301,30.3818,250.458,31.7792,250.516,31.7767,250.215,33.1658,250.035,33.1746,249.994,34.3745,250.366,34.3562,252.19,35.3373,252.144,35.3396,249.498,36.4907,246.464,37.8859,246.519,38.9147,246.577,39.9391,248.427,39.8354,250.711,40.7573,251.005,40.7405,249.164,41.8801,247.362,41.9835,249.644,42.8858,249.644,42.8858,250.24,43.9944,251.176,43.9426,255.75,30.1079,255.551,30.1179,255.107,31.5742,255.078,31.5755,255.47,32.9083,255.619,32.901,255.586,34.0992,255.626,34.0972,255.584,35.1706,254.909,35.2038,256.832,36.127,260.484,35.9459,260.546,37.1716,257.457,37.3284,256.978,38.3563,258.942,38.2515,259.97,39.1883,257.501,39.3267,255.48,40.484,255.947,40.4573,256.541,41.4568,256.749,41.4448,256.295,42.509,256.512,42.4967,256.477,43.6491,256.463,43.6499,
253.633,38.958,195.099
250.215,33.1658,250.035,33.1746,249.994,34.3745,250.366,34.3562,252.19,35.3373,252.144,35.3396,249.498,36.4907,246.464,37.8859,246.519,38.9147,246.577,39.9391,248.427,39.8354,250.711,40.7573,251.005,40.7405,249.164,41.8801,247.362,41.9835,249.644,42.8858,249.644,42.8858,250.24,43.9944,251.176,43.9426,249.433,45.1614,249.32,45.1661,255.47,32.9083,255.619,32.901,255.586,34.0992,255.626,34.0972,255.584,35.1706,254.909,35.2038,256.832,36.127,260.484,35.9459,260.546,37.1716,257.457,37.3284,256.978,38.3563,258.942,38.2515,259.97,39.1883,257.501,39.3267,255.48,40.484,255.947,40.4573,256.541,41.4568,256.749,41.4448,256.295,42.509,256.512,42.4967,256.477,43.6491,256.463,43.6499,256.612,44.8631,256.516,44.8671,
253.747,40.9673,197.112
249.994,34.3745,250.366,34.3562,252.19,35.3373,252.144,35.3396,249.498,36.4907,246.464,37.8859,246.519,38.9147,246.577,39.9391,248.427,39.8354,250.711,40.7573,251.005,40.7405,249.164,41.8801,247.362,41.9835,249.644,42.8858,249.644,42.8858,250.24,43.9944,251.176,43.9426,249.433,45.1614,249.32,45.1661,251.151,46.0957,249.997,46.081,249.998,46.8133,249.992,46.8126,255.586,34.0992,255.626,34.0972,255.584,35.1706,254.909,35.2038,256.832,36.127,260.484,35.9459,260.546,37.1716,257.457,37.3284,256.978,38.3563,258.942,38.2515,259.97,39.1883,257.501,39.3267,255.48,40.484,255.947,40.4573,256.541,41.4568,256.749,41.4448,256.295,42.509,256.512,42.4967,256.477,43.6491,256.463,43.6499,256.612,44.8631,256.516,44.8671,256.503,46.1636,256.496,46.1635,256.544,47.5249,256.603,47.5313,
253.861,42.9767,199.125
249.498,36.4907,246.464,37.8859,246.519,38.9147,246.577,39.9391,248.427,39.8354,250.711,40.7573,251.005,40.7405,249.164,41.8801,247.362,41.9835,249.644,42.8858,249.644,42.8858,250.24,43.9944,251.176,43.9426,249.433,45.1614,249.32,45.1661,251.151,46.0957,249.997,46.081,249.998,46.8133,249.992,46.8126,250.013,47.3912,250.028,47.395,249.978,47.9274,249.962,47.9209,256.832,36.127,260.484,35.9459,260.546,37.1716,257.457,37.3284,256.978,38.3563,258.942,38.2515,259.97,39.1883,257.501,39.3267,255.48,40.484,255.947,40.4573,256.541,41.4568,256.749,41.4448,256.295,42.509,256.512,42.4967,256.477,43.6491,256.463,43.6499,256.612,44.8631,256.516,44.8671,256.503,46.1636,256.496,46.1635,256.544,47.5249,256.603,47.5313,256.641,49.0487,256.656,49.0525,256.551,50.6437,256.518,50.6301,
253.956,44.9869,201.137
246.519,38.9147,246.577,39.9391,248.427,39.8354,250.711,40.7573,251.005,40.7405,249.164,41.8801,247.362,41.9835,249.644,42.8858,249.644,42.8858,250.24,43.9944,251.176,43.9426,249.433,45.1614,249.32,45.1661,251.151,46.0957,249.997,46.081,249.998,46.8133,249.992,46.8126,250.013,47.3912,250.028,47.395,249.978,47.9274,249.962,47.9209,250.111,48.8657,250.118,48.8705,249.982,49.3653,250.084,49.4624,256.978,38.3563,258.942,38.2515,259.97,39.1883,257.501,39.3267,255.48,40.484,255.947,40.4573,256.541,41.4568,256.749,41.4448,256.295,42.509,256.512,42.4967,256.477,43.6491,256.463,43.6499,256.612,44.8631,256.516,44.8671,256.503,46.1636,256.496,46.1635,256.544,47.5249,256.603,47.5313,256.641,49.0487,256.656,49.0525,256.551,50.6437,256.518,50.6301,258.119,53.9919,258.425,54.1878,256.906,55.9697,
253.856,46.9948,203.147
250.711,40.7573,251.005,40.7405,249.164,41.8801,247.362,41.9835,249.644,42.8858,249.644,42.8858,250.24,43.9944,251.176,43.9426,249.433,45.1614,249.32,45.1661,251.151,46.0957,249.997,46.081,249.998,46.8133,249.992,46.8126,250.013,47.3912,250.028,47.395,249.978,47.9274,249.962,47.9209,250.111,48.8657,250.118,48.8705,249.982,49.3653,250.084,49.4624,249.3,49.5526,249.197,49.412,255.48,40.484,255.947,40.4573,256.541,41.4568,256.749,41.4448,256.295,42.509,256.512,42.4967,256.477,43.6491,256.463,43.6499,256.612,44.8631,256.516,44.8671,256.503,46.1636,256.496,46.1635,256.544,47.5249,256.603,47.5313,256.641,49.0487,256.656,49.0525,256.551,50.6437,256.518,50.6301,258.119,53.9919,258.425,54.1878,256.906,55.9697,255.085,57.4418,
253.31,48.9252,205.154
249.644,42.8858,249.644,42.8858,250.24,43.9944,251.176,43.9426,249.433,45.1614,249.32,45.1661,251.151,46.0957,249.997,46.081,249.998,46.8133,249.992,46.8126,250.013,47.3912,250.028,47.395,249.978,47.9274,249.962,47.9209,250.111,48.8657,250.118,48.8705,249.982,49.3653,250.084,49.4624,249.3,49.5526,249.197,49.412,248.442,49.5191,248.464,49.565,247.594,49.3828,247.58,49.3384,256.295,42.509,256.512,42.4967,256.477,43.6491,256.463,43.6499,256.612,44.8631,256.516,44.8671,256.503,46.1636,256.496,46.1635,256.544,47.5249,256.603,47.5313,256.641,49.0487,256.656,49.0525,256.551,50.6437,256.518,50.6301,258.119,53.9919,258.425,54.1878,256.906,55.9697,255.085,57.4418,252.938,58.6219,249.764,56.6484,249.541,55.9029,
252.23,50.6133,207.158
249.433,45.1614,249.32,45.1661,251.151,46.0957,249.997,46.081,249.998,46.8133,249.992,46.8126,250.013,47.3912,250.028,47.395,249.978,47.9274,249.962,47.9209,250.111,48.8657,250.118,48.8705,249.982,49.3653,250.084,49.4624,249.3,49.5526,249.197,49.412,248.442,49.5191,248.464,49.565,247.594,49.3828,247.58,49.3384,246.622,49.2855,246.631,49.3348,256.612,44.8631,256.516,44.8671,256.503,46.1636,256.496,46.1635,256.544,47.5249,256.603,47.5313,256.641,49.0487,256.656,49.0525,256.551,50.6437,256.518,50.6301,258.119,53.9919,258.425,54.1878,256.906,55.9697,255.085,57.4418,252.938,58.6219,249.764,56.6484,249.541,55.9029,248.218,58.3868,248.475,59.8478,
250.653,51.8494,209.161
251.151,46.0957,249.997,46.081,249.998,46.8133,249.992,46.8126,250.013,47.3912,250.028,47.395,249.978,47.9274,249.962,47.9209,250.111,48.8657,250.118,48.8705,249.982,49.3653,250.084,49.4624,249.3,49.5526,249.197,49.412,248.442,49.5191,248.464,49.565,247.594,49.3828,247.58,49.3384,246.622,49.2855,246.631,49.3348,245.526,49.4361,245.522,49.3915,244.327,49.4434,244.325,49.4039,256.503,46.1636,256.496,46.1635,256.544,47.5249,256.603,47.5313,256.641,49.0487,256.656,49.0525,256.551,50.6437,256.518,50.6301,258.119,53.9919,258.425,54.1878,256.906,55.9697,255.085,57.4418,252.938,58.6219,249.764,56.6484,249.541,55.9029,248.218,58.3868,248.475,59.8478,246.583,59.9566,244.642,56.0542,244.608,55.3362,
248.781,52.5696,211.167
250.013,47.3912,250.028,47.395,249.978,47.9274,249.962,47.9209,250.111,48.8657,250.118,48.8705,249.982,49.3653,250.084,49.4624,249.3,49.5526,249.197,49.412,248.442,49.5191,248.464,49.565,247.594,49.3828,247.58,49.3384,246.622,49.2855,246.631,49.3348,245.526,49.4361,245.522,49.3915,244.327,49.4434,244.325,49.4039,243.033,49.4221,243.033,49.4511,242.612,49.5496,242.612,49.5217,256.641,49.0487,256.656,49.0525,256.551,50.6437,256.518,50.6301,258.119,53.9919,258.425,54.1878,256.906,55.9697,255.085,57.4418,252.938,58.6219,249.764,56.6484,249.541,55.9029,248.218,58.3868,248.475,59.8478,246.583,59.9566,244.642,56.0542,244.608,55.3362,243.135,56.001,243.152,57.079,242.637,57.081,242.637,56.9902,
246.799,52.9087,213.178
250.111,48.8657,250.118,48.8705,249.982,49.3653,250.084,49.4624,249.3,49.5526,249.197,49.412,248.442,49.5191,248.464,49.565,247.594,49.3828,247.58,49.3384,246.622,49.2855,246.631,49.3348,245.526,49.4361,245.522,49.3915,244.327,49.4434,244.325,49.4039,243.033,49.4221,243.033,49.4511,242.612,49.5496,242.612,49.5217,241.257,49.51,241.256,49.609,258.119,53.9919,258.425,54.1878,256.906,55.9697,255.085,57.4418,252.938,58.6219,249.764,56.6484,249.541,55.9029,248.218,58.3868,248.475,59.8478,246.583,59.9566,244.642,56.0542,244.608,55.3362,243.135,56.001,243.152,57.079,242.637,57.081,242.637,56.9902,241.195,56.8813,241.198,56.5613,
244.791,53.0501,215.19
249.3,49.5526,249.197,49.412,248.442,49.5191,248.464,49.565,247.594,49.3828,247.58,49.3384,246.622,49.2855,246.631,49.3348,245.526,49.4361,245.522,49.3915,244.327,49.4434,244.325,49.4039,243.033,49.4221,243.033,49.4511,242.612,49.5496,242.612,49.5217,241.257,49.51,241.256,49.609,239.911,49.5673,239.886,50.3845,238.64,48.1112,238.746,45.8679,255.085,57.4418,252.938,58.6219,249.764,56.6484,249.541,55.9029,248.218,58.3868,248.475,59.8478,246.583,59.9566,244.642,56.0542,244.608,55.3362,243.135,56.001,243.152,57.079,242.637,57.081,242.637,56.9902,241.195,56.8813,241.198,56.5613,239.619,59.1795,239.593,60.0229,238.079,59.9522,
242.779,53.0805,217.203
248.442,49.5191,248.464,49.565,247.594,49.3828,247.58,49.3384,246.622,49.2855,246.631,49.3348,245.526,49.4361,245.522,49.3915,244.327,49.4434,244.325,49.4039,243.033,49.4221,243.033,49.4511,242.612,49.5496,242.612,49.5217,241.257,49.51,241.256,49.609,239.911,49.5673,239.886,50.3845,238.64,48.1112,238.746,45.8679,237.268,48.9053,252.938,58.6219,249.764,56.6484,249.541,55.9029,248.218,58.3868,248.475,59.8478,246.583,59.9566,244.642,56.0542,244.608,55.3362,243.135,56.001,243.152,57.079,242.637,57.081,242.637,56.9902,241.195,56.8813,241.198,56.5613,239.619,59.1795,239.593,60.0229,238.079,59.9522,236.775,59.9943,
240.767,53.0592,219.215
246.622,49.2855,246.631,49.3348,245.526,49.4361,245.522,49.3915,244.327,49.4434,244.325,49.4039,243.033,49.4221,243.033,49.4511,242.612,49.5496,242.612,49.5217,241.257,49.51,241.256,49.609,239.911,49.5673,239.886,50.3845,238.64,48.1112,238.746,45.8679,237.268,48.9053,235.957,48.8832,234.654,48.9355,248.218,58.3868,248.475,59.8478,246.583,59.9566,244.642,56.0542,244.608,55.3362,243.135,56.001,243.152,57.079,242.637,57.081,242.637,56.9902,241.195,56.8813,241.198,56.5613,239.619,59.1795,239.593,60.0229,238.079,59.9522,236.775,59.9943,235.784,59.9819,235.159,59.9239,
238.756,52.9768,221.228
245.526,49.4361,245.522,49.3915,244.327,49.4434,244.325,49.4039,243.033,49.4221,243.033,49.4511,242.612,49.5496,242.612,49.5217,241.257,49.51,241.256,49.609,239.911,49.5673,239.886,50.3845,238.64,48.1112,238.746,45.8679,237.268,48.9053,235.957,48.8832,234.654,48.9355,233.22,49.6361,233.261,49.9064,231.981,50.5146,246.583,59.9566,244.642,56.0542,244.608,55.3362,243.135,56.001,243.152,57.079,242.637,57.081,242.637,56.9902,241.195,56.8813,241.198,56.5613,239.619,59.1795,239.593,60.0229,238.079,59.9522,236.775,59.9943,235.784,59.9819,235.159,59.9239,234.79,60.0181,
236.745,52.8914,223.24
243.033,49.4221,243.033,49.4511,242.612,49.5496,242.612,49.5217,241.257,49.51,241.256,49.609,239.911,49.5673,239.886,50.3845,238.64,48.1112,238.746,45.8679,237.268,48.9053,235.957,48.8832,234.654,48.9355,233.22,49.6361,233.261,49.9064,231.981,50.5146,243.135,56.001,243.152,57.079,242.637,57.081,242.637,56.9902,241.195,56.8813,241.198,56.5613,239.619,59.1795,239.593,60.0229,238.079,59.9522,236.775,59.9943,235.784,59.9819,235.159,59.9239,234.79,60.0181,
234.735,52.9422,225.252
