18.8303,39.9075,28.2275,39.6807,18.8388,40.2598,28.1961,39.6815,18.8641,41.2951,28.2046,40.0338,18.8908,42.368,28.1267,40.0357,18.9159,43.5502,28.2441,41.0658,21.8966,44.5868,28.2309,41.0661,21.794,45.5319,32.4564,42.0298,29.461,42.1044,29.487,43.3255,33.0127,43.2505,32.9954,44.7487,29.9636,44.7045,27.9231,46.1141,29.0613,46.2222,
25.7179,41.7309,0
18.8303,39.9075,28.2275,39.6807,18.8388,40.2598,28.1961,39.6815,18.8641,41.2951,28.2046,40.0338,18.8908,42.368,28.1267,40.0357,18.9159,43.5502,28.2441,41.0658,21.8966,44.5868,28.2309,41.0661,21.794,45.5319,32.4564,42.0298,18.665,45.786,29.461,42.1044,18.4585,46.5146,29.487,43.3255,33.0127,43.2505,32.9954,44.7487,29.9636,44.7045,27.9231,46.1141,29.0613,46.2222,28.3768,47.7071,28.1147,47.6552,27.7726,48.972,27.5878,48.9233,
25.6075,43.7232,1.99536
18.8303,39.9075,28.2275,39.6807,18.8388,40.2598,28.1961,39.6815,18.8641,41.2951,28.2046,40.0338,18.8908,42.368,28.1267,40.0357,18.9159,43.5502,28.2441,41.0658,21.8966,44.5868,28.2309,41.0661,21.794,45.5319,32.4564,42.0298,18.665,45.786,29.461,42.1044,18.4585,46.5146,29.487,43.3255,21.1442,48.4605,33.0127,43.2505,21.3629,48.5196,32.9954,44.7487,21.0874,49.7154,29.9636,44.7045,20.8665,49.6651,27.9231,46.1141,29.0613,46.2222,28.3768,47.7071,28.1147,47.6552,27.7726,48.972,27.5878,48.9233,30.2704,50.9234,31.6677,51.3005,28.5689,51.4207,
25.4971,45.7155,3.99072
18.8303,39.9075,28.2275,39.6807,18.8388,40.2598,28.1961,39.6815,18.8641,41.2951,28.2046,40.0338,18.8908,42.368,28.1267,40.0357,18.9159,43.5502,28.2441,41.0658,21.8966,44.5868,28.2309,41.0661,21.794,45.5319,32.4564,42.0298,18.665,45.786,29.461,42.1044,18.4585,46.5146,29.487,43.3255,21.1442,48.4605,33.0127,43.2505,21.3629,48.5196,32.9954,44.7487,21.0874,49.7154,29.9636,44.7045,20.8665,49.6651,27.9231,46.1141,17.5852,50.8507,29.0613,46.2222,28.3768,47.7071,28.1147,47.6552,27.7726,48.972,27.5878,48.9233,30.2704,50.9234,31.6677,51.3005,28.5689,51.4207,28.5122,52.1164,
25.3867,47.7079,5.98609
18.8641,41.2951,18.8908,42.368,18.9159,43.5502,28.2441,41.0658,21.8966,44.5868,28.2309,41.0661,21.794,45.5319,32.4564,42.0298,18.665,45.786,29.461,42.1044,18.4585,46.5146,29.487,43.3255,21.1442,48.4605,33.0127,43.2505,21.3629,48.5196,32.9954,44.7487,21.0874,49.7154,29.9636,44.7045,20.8665,49.6651,27.9231,46.1141,17.5852,50.8507,29.0613,46.2222,17.5581,52.8339,28.3768,47.7071,17.7903,54.7712,28.1147,47.6552,27.7726,48.972,27.5878,48.9233,30.2704,50.9234,31.6677,51.3005,28.5689,51.4207,28.5122,52.1164,28.5565,52.643,28.6642,53.1103,
24.867,49.6442,7.99094
18.9159,43.5502,21.8966,44.5868,21.794,45.5319,18.665,45.786,18.4585,46.5146,29.487,43.3255,21.1442,48.4605,33.0127,43.2505,21.3629,48.5196,32.9954,44.7487,21.0874,49.7154,29.9636,44.7045,20.8665,49.6651,27.9231,46.1141,17.5852,50.8507,29.0613,46.2222,17.5581,52.8339,28.3768,47.7071,17.7903,54.7712,28.1147,47.6552,18.1812,56.4918,27.7726,48.972,19.246,56.2331,27.5878,48.9233,21.9085,56.7969,30.2704,50.9234,21.3763,56.9271,31.6677,51.3005,28.5689,51.4207,28.5122,52.1164,28.5565,52.643,28.6642,53.1103,31.7856,53.1869,32.0609,54.312,30.695,54.6463,
24.5414,51.6189,9.99229
21.794,45.5319,18.665,45.786,18.4585,46.5146,21.1442,48.4605,21.3629,48.5196,21.0874,49.7154,20.8665,49.6651,27.9231,46.1141,17.5852,50.8507,29.0613,46.2222,17.5581,52.8339,28.3768,47.7071,17.7903,54.7712,28.1147,47.6552,18.1812,56.4918,27.7726,48.972,19.246,56.2331,27.5878,48.9233,21.9085,56.7969,30.2704,50.9234,21.3763,56.9271,31.6677,51.3005,21.4734,57.6879,28.5689,51.4207,21.4414,58.2691,28.5122,52.1164,28.5565,52.643,28.6642,53.1103,31.7856,53.1869,32.0609,54.312,30.695,54.6463,27.9326,56.7205,27.5617,56.7761,29.9097,58.1802,32.4408,58.1536,
24.6905,53.6125,11.9915
18.665,45.786,18.4585,46.5146,21.1442,48.4605,21.3629,48.5196,21.0874,49.7154,20.8665,49.6651,17.5852,50.8507,17.5581,52.8339,28.3768,47.7071,17.7903,54.7712,28.1147,47.6552,18.1812,56.4918,27.7726,48.972,19.246,56.2331,27.5878,48.9233,21.9085,56.7969,30.2704,50.9234,21.3763,56.9271,31.6677,51.3005,21.4734,57.6879,28.5689,51.4207,21.4414,58.2691,28.5122,52.1164,18.3618,58.6339,28.5565,52.643,28.6642,53.1103,31.7856,53.1869,32.0609,54.312,30.695,54.6463,27.9326,56.7205,27.5617,56.7761,29.9097,58.1802,32.4408,58.1536,32.2876,60.0733,
25.1661,55.5599,13.9961
21.1442,48.4605,21.3629,48.5196,21.0874,49.7154,20.8665,49.6651,17.5852,50.8507,17.5581,52.8339,17.7903,54.7712,18.1812,56.4918,19.246,56.2331,21.9085,56.7969,30.2704,50.9234,21.3763,56.9271,31.6677,51.3005,21.4734,57.6879,28.5689,51.4207,21.4414,58.2691,28.5122,52.1164,18.3618,58.6339,28.5565,52.643,18.2362,59.659,28.6642,53.1103,18.1389,61.4129,31.7856,53.1869,32.0609,54.312,30.695,54.6463,27.9326,56.7205,27.5617,56.7761,29.9097,58.1802,32.4408,58.1536,32.2876,60.0733,29.1559,60.9853,29.1285,61.8908,
25.4528,57.54,15.9969
17.5852,50.8507,17.5581,52.8339,17.7903,54.7712,18.1812,56.4918,19.246,56.2331,21.9085,56.7969,21.3763,56.9271,21.4734,57.6879,21.4414,58.2691,28.5122,52.1164,18.3618,58.6339,28.5565,52.643,18.2362,59.659,28.6642,53.1103,18.1389,61.4129,31.7856,53.1869,18.3043,63.6223,32.0609,54.312,19.7015,63.4628,30.695,54.6463,21.839,65.1851,27.9326,56.7205,20.9709,65.4712,27.5617,56.7761,29.9097,58.1802,32.4408,58.1536,32.2876,60.0733,29.1559,60.9853,29.1285,61.8908,29.2334,62.375,29.4236,62.6855,
25.3009,59.5368,17.9995
17.5581,52.8339,17.7903,54.7712,18.1812,56.4918,19.246,56.2331,21.9085,56.7969,21.3763,56.9271,21.4734,57.6879,21.4414,58.2691,18.3618,58.6339,28.5565,52.643,18.2362,59.659,28.6642,53.1103,18.1389,61.4129,31.7856,53.1869,18.3043,63.6223,32.0609,54.312,19.7015,63.4628,30.695,54.6463,21.839,65.1851,27.9326,56.7205,20.9709,65.4712,27.5617,56.7761,20.1372,68.5563,29.9097,58.1802,21.7402,70.4418,32.4408,58.1536,32.2876,60.0733,29.1559,60.9853,29.1285,61.8908,29.2334,62.375,29.4236,62.6855,29.5574,62.6852,29.7234,62.7296,27.8018,64.586,
25.1321,61.5329,20.0026
18.1812,56.4918,19.246,56.2331,21.9085,56.7969,21.3763,56.9271,21.4734,57.6879,21.4414,58.2691,18.3618,58.6339,18.2362,59.659,18.1389,61.4129,31.7856,53.1869,18.3043,63.6223,32.0609,54.312,19.7015,63.4628,30.695,54.6463,21.839,65.1851,27.9326,56.7205,20.9709,65.4712,27.5617,56.7761,20.1372,68.5563,29.9097,58.1802,21.7402,70.4418,32.4408,58.1536,24.066,72.1914,32.2876,60.0733,29.1559,60.9853,29.1285,61.8908,29.2334,62.375,29.4236,62.6855,29.5574,62.6852,29.7234,62.7296,27.8018,64.586,28.5902,65.4332,28.6268,65.3786,
25.4466,63.5033,21.998
21.4734,57.6879,21.4414,58.2691,18.3618,58.6339,18.2362,59.659,18.1389,61.4129,18.3043,63.6223,19.7015,63.4628,21.839,65.1851,27.9326,56.7205,20.9709,65.4712,27.5617,56.7761,20.1372,68.5563,29.9097,58.1802,21.7402,70.4418,32.4408,58.1536,24.066,72.1914,32.2876,60.0733,26.3875,73.3202,29.1559,60.9853,28.2244,73.9034,29.1285,61.8908,28.8746,71.611,29.2334,62.375,29.4236,62.6855,29.5574,62.6852,29.7234,62.7296,27.8018,64.586,28.5902,65.4332,28.6268,65.3786,29.978,64.9755,30.7747,63.124,31.2532,63.2246,
26.504,65.1876,23.9867
18.3618,58.6339,18.2362,59.659,18.1389,61.4129,18.3043,63.6223,19.7015,63.4628,21.839,65.1851,20.9709,65.4712,20.1372,68.5563,21.7402,70.4418,24.066,72.1914,32.2876,60.0733,26.3875,73.3202,29.1559,60.9853,28.2244,73.9034,29.1285,61.8908,28.8746,71.611,29.2334,62.375,31.0577,69.9994,29.4236,62.6855,30.9196,70.9494,29.5574,62.6852,32.3213,71.3995,29.7234,62.7296,32.3197,71.4414,27.8018,64.586,28.5902,65.4332,28.6268,65.3786,29.978,64.9755,30.7747,63.124,31.2532,63.2246,32.0313,63.3026,32.6423,62.8021,
28.128,66.3478,25.9826
18.2362,59.659,18.1389,61.4129,18.3043,63.6223,19.7015,63.4628,21.839,65.1851,20.9709,65.4712,20.1372,68.5563,21.7402,70.4418,24.066,72.1914,26.3875,73.3202,29.1559,60.9853,28.2244,73.9034,29.1285,61.8908,28.8746,71.611,29.2334,62.375,31.0577,69.9994,29.4236,62.6855,30.9196,70.9494,29.5574,62.6852,32.3213,71.3995,29.7234,62.7296,32.3197,71.4414,27.8018,64.586,33.6403,71.3157,28.5902,65.4332,33.6402,71.3125,28.6268,65.3786,35.0469,71.3377,29.978,64.9755,35.0521,71.4407,30.7747,63.124,31.2532,63.2246,32.0313,63.3026,32.6423,62.8021,33.3042,60.1707,34.4799,60.1099,
30.0063,67.0352,27.9828
18.3043,63.6223,19.7015,63.4628,21.839,65.1851,20.9709,65.4712,20.1372,68.5563,21.7402,70.4418,24.066,72.1914,26.3875,73.3202,28.2244,73.9034,28.8746,71.611,29.2334,62.375,31.0577,69.9994,29.4236,62.6855,30.9196,70.9494,29.5574,62.6852,32.3213,71.3995,29.7234,62.7296,32.3197,71.4414,27.8018,64.586,33.6403,71.3157,28.5902,65.4332,33.6402,71.3125,28.6268,65.3786,35.0469,71.3377,29.978,64.9755,35.0521,71.4407,30.7747,63.124,35.8889,71.1395,31.2532,63.2246,35.8894,71.1893,32.0313,63.3026,36.5799,71.2522,32.6423,62.8021,36.5966,71.0184,33.3042,60.1707,34.4799,60.1099,35.7651,60.09,35.8092,64.0274,36.9635,65.8759,36.9782,65.6702,
31.9913,67.2884,29.9838
20.1372,68.5563,21.7402,70.4418,24.066,72.1914,26.3875,73.3202,28.2244,73.9034,28.8746,71.611,31.0577,69.9994,30.9196,70.9494,29.5574,62.6852,32.3213,71.3995,29.7234,62.7296,32.3197,71.4414,27.8018,64.586,33.6403,71.3157,28.5902,65.4332,33.6402,71.3125,28.6268,65.3786,35.0469,71.3377,29.978,64.9755,35.0521,71.4407,30.7747,63.124,35.8889,71.1395,31.2532,63.2246,35.8894,71.1893,32.0313,63.3026,36.5799,71.2522,32.6423,62.8021,36.5966,71.0184,33.3042,60.1707,37.0749,70.9761,34.4799,60.1099,37.0278,71.1897,35.7651,60.09,37.2702,71.1586,35.8092,64.0274,36.9635,65.8759,36.9782,65.6702,38.7742,63.2739,39.3761,60.5457,41.5801,61.365,
33.9947,67.2422,31.9877
24.066,72.1914,26.3875,73.3202,28.2244,73.9034,28.8746,71.611,31.0577,69.9994,30.9196,70.9494,32.3213,71.3995,32.3197,71.4414,33.6403,71.3157,28.5902,65.4332,33.6402,71.3125,28.6268,65.3786,35.0469,71.3377,29.978,64.9755,35.0521,71.4407,30.7747,63.124,35.8889,71.1395,31.2532,63.2246,35.8894,71.1893,32.0313,63.3026,36.5799,71.2522,32.6423,62.8021,36.5966,71.0184,33.3042,60.1707,37.0749,70.9761,34.4799,60.1099,37.0278,71.1897,35.7651,60.09,37.2702,71.1586,35.8092,64.0274,37.4156,71.2383,36.9635,65.8759,37.4842,71.1433,36.9782,65.6702,38.7742,63.2739,39.3761,60.5457,41.5801,61.365,43.6194,62.6434,
35.9982,67.1954,33.9918
26.3875,73.3202,28.2244,73.9034,28.8746,71.611,31.0577,69.9994,30.9196,70.9494,32.3213,71.3995,32.3197,71.4414,33.6403,71.3157,33.6402,71.3125,35.0469,71.3377,29.978,64.9755,35.0521,71.4407,30.7747,63.124,35.8889,71.1395,31.2532,63.2246,35.8894,71.1893,32.0313,63.3026,36.5799,71.2522,32.6423,62.8021,36.5966,71.0184,33.3042,60.1707,37.0749,70.9761,34.4799,60.1099,37.0278,71.1897,35.7651,60.09,37.2702,71.1586,35.8092,64.0274,37.4156,71.2383,36.9635,65.8759,37.4842,71.1433,36.9782,65.6702,38.34,71.0684,38.7742,63.2739,38.34,71.0684,39.3761,60.5457,39.5578,71.1995,41.5801,61.365,39.8519,71.0304,43.6194,62.6434,45.5653,64.5662,45.4283,67.8237,44.6887,68.249,
37.9678,67.5224,35.9884
31.0577,69.9994,30.9196,70.9494,32.3213,71.3995,32.3197,71.4414,33.6403,71.3157,33.6402,71.3125,35.0469,71.3377,35.0521,71.4407,35.8889,71.1395,35.8894,71.1893,32.0313,63.3026,36.5799,71.2522,32.6423,62.8021,36.5966,71.0184,33.3042,60.1707,37.0749,70.9761,34.4799,60.1099,37.0278,71.1897,35.7651,60.09,37.2702,71.1586,35.8092,64.0274,37.4156,71.2383,36.9635,65.8759,37.4842,71.1433,36.9782,65.6702,38.34,71.0684,38.7742,63.2739,38.34,71.0684,39.3761,60.5457,39.5578,71.1995,41.5801,61.365,39.8519,71.0304,43.6194,62.6434,40.2193,71.7966,45.5653,64.5662,40.1716,71.8152,45.4283,67.8237,39.092,73.0416,44.6887,68.249,37.6841,73.4014,46.7554,69.2463,47.4158,68.9887,44.8287,71.576,44.221,71.7313,
39.6531,68.5772,37.9765
33.6403,71.3157,33.6402,71.3125,35.0469,71.3377,35.0521,71.4407,35.8889,71.1395,35.8894,71.1893,36.5799,71.2522,36.5966,71.0184,33.3042,60.1707,37.0749,70.9761,34.4799,60.1099,37.0278,71.1897,35.7651,60.09,37.2702,71.1586,35.8092,64.0274,37.4156,71.2383,36.9635,65.8759,37.4842,71.1433,36.9782,65.6702,38.34,71.0684,38.7742,63.2739,38.34,71.0684,39.3761,60.5457,39.5578,71.1995,41.5801,61.365,39.8519,71.0304,43.6194,62.6434,40.2193,71.7966,45.5653,64.5662,40.1716,71.8152,45.4283,67.8237,39.092,73.0416,44.6887,68.249,37.6841,73.4014,46.7554,69.2463,37.7121,73.9762,47.4158,68.9887,37.6525,74.612,44.8287,71.576,44.221,71.7313,46.752,72.9456,48.7407,72.7189,48.7477,74.9395,
40.8147,70.1995,39.9718
35.8889,71.1395,35.8894,71.1893,36.5799,71.2522,36.5966,71.0184,37.0749,70.9761,37.0278,71.1897,35.7651,60.09,37.2702,71.1586,35.8092,64.0274,37.4156,71.2383,36.9635,65.8759,37.4842,71.1433,36.9782,65.6702,38.34,71.0684,38.7742,63.2739,38.34,71.0684,39.3761,60.5457,39.5578,71.1995,41.5801,61.365,39.8519,71.0304,43.6194,62.6434,40.2193,71.7966,45.5653,64.5662,40.1716,71.8152,45.4283,67.8237,39.092,73.0416,44.6887,68.249,37.6841,73.4014,46.7554,69.2463,37.7121,73.9762,47.4158,68.9887,37.6525,74.612,44.8287,71.576,34.4487,75.1996,44.221,71.7313,46.752,72.9456,48.7407,72.7189,48.7477,74.9395,48.5541,76.8356,
41.4888,72.0825,41.9718
37.0749,70.9761,37.0278,71.1897,37.2702,71.1586,37.4156,71.2383,37.4842,71.1433,38.34,71.0684,38.7742,63.2739,38.34,71.0684,39.3761,60.5457,39.5578,71.1995,41.5801,61.365,39.8519,71.0304,43.6194,62.6434,40.2193,71.7966,45.5653,64.5662,40.1716,71.8152,45.4283,67.8237,39.092,73.0416,44.6887,68.249,37.6841,73.4014,46.7554,69.2463,37.7121,73.9762,47.4158,68.9887,37.6525,74.612,44.8287,71.576,34.4487,75.1996,44.221,71.7313,34.2904,76.5179,46.752,72.9456,34.1888,78.4545,48.7407,72.7189,37.6112,78.5956,48.7477,74.9395,48.5541,76.8356,45.3113,77.841,45.2794,78.9117,45.0452,78.902,
41.6877,74.0716,43.9709
37.4156,71.2383,37.4842,71.1433,38.34,71.0684,38.34,71.0684,39.5578,71.1995,39.8519,71.0304,43.6194,62.6434,40.2193,71.7966,45.5653,64.5662,40.1716,71.8152,45.4283,67.8237,39.092,73.0416,44.6887,68.249,37.6841,73.4014,46.7554,69.2463,37.7121,73.9762,47.4158,68.9887,37.6525,74.612,44.8287,71.576,34.4487,75.1996,44.221,71.7313,34.2904,76.5179,46.752,72.9456,34.1888,78.4545,48.7407,72.7189,37.6112,78.5956,48.7477,74.9395,39.5303,80.1848,48.5541,76.8356,38.819,80.2262,45.3113,77.841,45.2794,78.9117,45.0452,78.902,44.9355,79.8701,44.8399,79.8757,
41.4948,76.0662,45.9747
38.34,71.0684,38.34,71.0684,39.5578,71.1995,39.8519,71.0304,40.2193,71.7966,45.5653,64.5662,40.1716,71.8152,45.4283,67.8237,39.092,73.0416,44.6887,68.249,37.6841,73.4014,46.7554,69.2463,37.7121,73.9762,47.4158,68.9887,37.6525,74.612,44.8287,71.576,34.4487,75.1996,44.221,71.7313,34.2904,76.5179,46.752,72.9456,34.1888,78.4545,48.7407,72.7189,37.6112,78.5956,48.7477,74.9395,39.5303,80.1848,48.5541,76.8356,38.819,80.2262,45.3113,77.841,35.6422,82.2328,45.2794,78.9117,34.5154,82.3911,45.0452,78.902,34.8133,84.0152,44.9355,79.8701,44.8399,79.8757,47.899,80.5114,48.5774,80.4161,48.7683,81.3893,
41.5482,78.0547,47.964
40.2193,71.7966,40.1716,71.8152,39.092,73.0416,37.6841,73.4014,46.7554,69.2463,37.7121,73.9762,47.4158,68.9887,37.6525,74.612,44.8287,71.576,34.4487,75.1996,44.221,71.7313,34.2904,76.5179,46.752,72.9456,34.1888,78.4545,48.7407,72.7189,37.6112,78.5956,48.7477,74.9395,39.5303,80.1848,48.5541,76.8356,38.819,80.2262,45.3113,77.841,35.6422,82.2328,45.2794,78.9117,34.5154,82.3911,45.0452,78.902,34.8133,84.0152,44.9355,79.8701,35.1427,85.5235,44.8399,79.8757,47.899,80.5114,48.5774,80.4161,48.7683,81.3893,49.0087,82.4619,
41.6016,80.0432,49.9532
37.7121,73.9762,37.6525,74.612,34.4487,75.1996,34.2904,76.5179,46.752,72.9456,34.1888,78.4545,48.7407,72.7189,37.6112,78.5956,48.7477,74.9395,39.5303,80.1848,48.5541,76.8356,38.819,80.2262,45.3113,77.841,35.6422,82.2328,45.2794,78.9117,34.5154,82.3911,45.0452,78.902,34.8133,84.0152,44.9355,79.8701,35.1427,85.5235,44.8399,79.8757,35.4018,86.7462,47.899,80.5114,35.5528,87.6929,48.5774,80.4161,48.7683,81.3893,49.0087,82.4619,49.2928,83.8,49.5594,85.3574,47.021,85.7806,
41.655,82.0317,51.9424
34.4487,75.1996,34.2904,76.5179,34.1888,78.4545,37.6112,78.5956,39.5303,80.1848,48.5541,76.8356,38.819,80.2262,45.3113,77.841,35.6422,82.2328,45.2794,78.9117,34.5154,82.3911,45.0452,78.902,34.8133,84.0152,44.9355,79.8701,35.1427,85.5235,44.8399,79.8757,35.4018,86.7462,47.899,80.5114,35.5528,87.6929,48.5774,80.4161,38.7028,88.2372,48.7683,81.3893,38.9798,88.2105,49.0087,82.4619,49.2928,83.8,49.5594,85.3574,47.021,85.7806,44.5428,87.6733,44.4028,87.6868,
41.7084,84.0202,53.9317
34.2904,76.5179,34.1888,78.4545,37.6112,78.5956,39.5303,80.1848,38.819,80.2262,45.3113,77.841,35.6422,82.2328,45.2794,78.9117,34.5154,82.3911,45.0452,78.902,34.8133,84.0152,44.9355,79.8701,35.1427,85.5235,44.8399,79.8757,35.4018,86.7462,47.899,80.5114,35.5528,87.6929,48.5774,80.4161,38.7028,88.2372,48.7683,81.3893,38.9798,88.2105,49.0087,82.4619,36.1857,89.3951,49.2928,83.8,35.62,89.4089,49.5594,85.3574,35.5793,90.4503,47.021,85.7806,44.5428,87.6733,44.4028,87.6868,46.6714,89.1406,49.2857,89.0771,45.41,90.738,45.41,90.738,
41.7619,86.0087,55.9209
39.5303,80.1848,38.819,80.2262,35.6422,82.2328,34.5154,82.3911,34.8133,84.0152,44.9355,79.8701,35.1427,85.5235,44.8399,79.8757,35.4018,86.7462,47.899,80.5114,35.5528,87.6929,48.5774,80.4161,38.7028,88.2372,48.7683,81.3893,38.9798,88.2105,49.0087,82.4619,36.1857,89.3951,49.2928,83.8,35.62,89.4089,49.5594,85.3574,35.5793,90.4503,47.021,85.7806,35.4859,91.4726,44.5428,87.6733,44.4028,87.6868,46.6714,89.1406,49.2857,89.0771,45.41,90.738,45.41,90.738,45.288,92.2745,45.2455,92.271,
41.8153,87.9972,57.9101
35.6422,82.2328,34.5154,82.3911,34.8133,84.0152,35.1427,85.5235,35.4018,86.7462,47.899,80.5114,35.5528,87.6929,48.5774,80.4161,38.7028,88.2372,48.7683,81.3893,38.9798,88.2105,49.0087,82.4619,36.1857,89.3951,49.2928,83.8,35.62,89.4089,49.5594,85.3574,35.5793,90.4503,47.021,85.7806,35.4859,91.4726,44.5428,87.6733,39.5265,93.1383,44.4028,87.6868,39.7534,93.163,46.6714,89.1406,49.2857,89.0771,45.41,90.738,45.41,90.738,45.288,92.2745,45.2455,92.271,44.8201,93.7157,44.8092,93.7145,
41.8687,89.9858,59.8993
35.1427,85.5235,35.4018,86.7462,35.5528,87.6929,38.7028,88.2372,38.9798,88.2105,49.0087,82.4619,36.1857,89.3951,49.2928,83.8,35.62,89.4089,49.5594,85.3574,35.5793,90.4503,47.021,85.7806,35.4859,91.4726,44.5428,87.6733,39.5265,93.1383,44.4028,87.6868,39.7534,93.163,46.6714,89.1406,39.9184,94.5803,49.2857,89.0771,40.1812,94.6154,45.41,90.738,39.2105,95.9221,45.41,90.738,39.4744,95.9603,45.288,92.2745,45.2455,92.271,44.8201,93.7157,44.8092,93.7145,44.7859,95.2303,43.96,95.12,45.5402,96.8381,49.0363,97.3441,
41.9221,91.9743,61.8886
35.4018,86.7462,35.5528,87.6929,38.7028,88.2372,38.9798,88.2105,36.1857,89.3951,49.2928,83.8,35.62,89.4089,49.5594,85.3574,35.5793,90.4503,47.021,85.7806,35.4859,91.4726,44.5428,87.6733,39.5265,93.1383,44.4028,87.6868,39.7534,93.163,46.6714,89.1406,39.9184,94.5803,49.2857,89.0771,40.1812,94.6154,45.41,90.738,39.2105,95.9221,45.41,90.738,39.4744,95.9603,45.288,92.2745,37.1956,97.1895,45.2455,92.271,38.2767,97.3293,44.8201,93.7157,44.8092,93.7145,44.7859,95.2303,43.96,95.12,45.5402,96.8381,49.0363,97.3441,48.8621,98.6978,
41.9755,93.9628,63.8778
38.7028,88.2372,38.9798,88.2105,36.1857,89.3951,35.62,89.4089,35.5793,90.4503,35.4859,91.4726,44.5428,87.6733,39.5265,93.1383,44.4028,87.6868,39.7534,93.163,46.6714,89.1406,39.9184,94.5803,49.2857,89.0771,40.1812,94.6154,45.41,90.738,39.2105,95.9221,45.41,90.738,39.4744,95.9603,45.288,92.2745,37.1956,97.1895,45.2455,92.271,38.2767,97.3293,44.8201,93.7157,40.1453,99.1218,44.8092,93.7145,39.4902,99.0817,44.7859,95.2303,43.96,95.12,45.5402,96.8381,49.0363,97.3441,48.8621,98.6978,45.7254,99.4639,
42.029,95.9513,65.867
36.1857,89.3951,35.62,89.4089,35.5793,90.4503,35.4859,91.4726,39.5265,93.1383,39.7534,93.163,46.6714,89.1406,39.9184,94.5803,49.2857,89.0771,40.1812,94.6154,45.41,90.738,39.2105,95.9221,45.41,90.738,39.4744,95.9603,45.288,92.2745,37.1956,97.1895,45.2455,92.271,38.2767,97.3293,44.8201,93.7157,40.1453,99.1218,44.8092,93.7145,39.4902,99.0817,44.7859,95.2303,39.5186,100.703,43.96,95.12,39.9998,100.693,45.5402,96.8381,37.5965,102.493,49.0363,97.3441,36.8676,102.569,48.8621,98.6978,45.7254,99.4639,45.7639,100.564,48.9715,101.315,
42.0824,97.9398,67.8562
35.4859,91.4726,39.5265,93.1383,39.7534,93.163,39.9184,94.5803,40.1812,94.6154,39.2105,95.9221,39.4744,95.9603,45.288,92.2745,37.1956,97.1895,45.2455,92.271,38.2767,97.3293,44.8201,93.7157,40.1453,99.1218,44.8092,93.7145,39.4902,99.0817,44.7859,95.2303,39.5186,100.703,43.96,95.12,39.9998,100.693,45.5402,96.8381,37.5965,102.493,49.0363,97.3441,36.8676,102.569,48.8621,98.6978,39.5808,103.832,45.7254,99.4639,39.53,103.841,45.7639,100.564,48.9715,101.315,49.1372,102.165,45.3991,102.818,
42.1358,99.9283,69.8455
39.5265,93.1383,39.7534,93.163,39.9184,94.5803,40.1812,94.6154,39.2105,95.9221,39.4744,95.9603,37.1956,97.1895,38.2767,97.3293,44.8201,93.7157,40.1453,99.1218,44.8092,93.7145,39.4902,99.0817,44.7859,95.2303,39.5186,100.703,43.96,95.12,39.9998,100.693,45.5402,96.8381,37.5965,102.493,49.0363,97.3441,36.8676,102.569,48.8621,98.6978,39.5808,103.832,45.7254,99.4639,39.53,103.841,45.7639,100.564,37.2805,105.66,48.9715,101.315,35.4132,106.012,49.1372,102.165,38.6402,106.59,45.3991,102.818,44.1898,104.357,45.2961,104.148,45.1603,105.557,44.4727,105.666,
42.1892,101.917,71.8347
39.9184,94.5803,40.1812,94.6154,39.2105,95.9221,39.4744,95.9603,37.1956,97.1895,38.2767,97.3293,40.1453,99.1218,39.4902,99.0817,44.7859,95.2303,39.5186,100.703,43.96,95.12,39.9998,100.693,45.5402,96.8381,37.5965,102.493,49.0363,97.3441,36.8676,102.569,48.8621,98.6978,39.5808,103.832,45.7254,99.4639,39.53,103.841,45.7639,100.564,37.2805,105.66,48.9715,101.315,35.4132,106.012,49.1372,102.165,38.6402,106.59,45.3991,102.818,38.7192,107.597,44.1898,104.357,38.697,108.483,45.2961,104.148,45.1603,105.557,44.4727,105.666,46.756,106.89,49.7764,106.624,49.7969,108.543,46.2704,108.524,
42.2426,103.905,73.8239
37.1956,97.1895,38.2767,97.3293,40.1453,99.1218,39.4902,99.0817,39.5186,100.703,39.9998,100.693,37.5965,102.493,36.8676,102.569,48.8621,98.6978,39.5808,103.832,45.7254,99.4639,39.53,103.841,45.7639,100.564,37.2805,105.66,48.9715,101.315,35.4132,106.012,49.1372,102.165,38.6402,106.59,45.3991,102.818,38.7192,107.597,44.1898,104.357,38.697,108.483,45.2961,104.148,38.5668,109.111,45.1603,105.557,44.4727,105.666,46.756,106.89,49.7764,106.624,49.7969,108.543,46.2704,108.524,44.2663,109.939,45.157,110.069,
42.5791,105.881,75.8285
40.1453,99.1218,39.4902,99.0817,39.5186,100.703,39.9998,100.693,37.5965,102.493,36.8676,102.569,39.5808,103.832,45.7254,99.4639,39.53,103.841,45.7639,100.564,37.2805,105.66,48.9715,101.315,35.4132,106.012,49.1372,102.165,38.6402,106.59,45.3991,102.818,38.7192,107.597,44.1898,104.357,38.697,108.483,45.2961,104.148,38.5668,109.111,45.1603,105.557,38.3744,109.506,44.4727,105.666,38.1361,109.842,46.756,106.89,49.7764,106.624,49.7969,108.543,46.2704,108.524,44.2663,109.939,45.157,110.069,45.0518,111.698,44.7252,111.591,46.6999,114.334,47.966,114.998,
42.7164,107.88,77.8319
39.5186,100.703,39.9998,100.693,37.5965,102.493,36.8676,102.569,39.5808,103.832,39.53,103.841,45.7639,100.564,37.2805,105.66,48.9715,101.315,35.4132,106.012,49.1372,102.165,38.6402,106.59,45.3991,102.818,38.7192,107.597,44.1898,104.357,38.697,108.483,45.2961,104.148,38.5668,109.111,45.1603,105.557,38.3744,109.506,44.4727,105.666,38.1361,109.842,46.756,106.89,37.7169,110.303,49.7764,106.624,38.5757,110.955,49.7969,108.543,38.8587,112.315,46.2704,108.524,38.7231,112.173,44.2663,109.939,45.157,110.069,45.0518,111.698,44.7252,111.591,46.6999,114.334,47.966,114.998,46.5594,117.013,46.4218,116.909,44.8138,118.564,44.933,118.689,
42.4777,109.865,79.8308
39.5808,103.832,39.53,103.841,37.2805,105.66,35.4132,106.012,49.1372,102.165,38.6402,106.59,45.3991,102.818,38.7192,107.597,44.1898,104.357,38.697,108.483,45.2961,104.148,38.5668,109.111,45.1603,105.557,38.3744,109.506,44.4727,105.666,38.1361,109.842,46.756,106.89,37.7169,110.303,49.7764,106.624,38.5757,110.955,49.7969,108.543,38.8587,112.315,46.2704,108.524,38.7231,112.173,44.2663,109.939,37.6725,112.391,45.157,110.069,37.5053,112.155,45.0518,111.698,44.7252,111.591,46.6999,114.334,47.966,114.998,46.5594,117.013,46.4218,116.909,44.8138,118.564,44.933,118.689,43.115,120.069,
41.6808,111.696,81.8278
37.2805,105.66,35.4132,106.012,38.6402,106.59,38.7192,107.597,44.1898,104.357,38.697,108.483,45.2961,104.148,38.5668,109.111,45.1603,105.557,38.3744,109.506,44.4727,105.666,38.1361,109.842,46.756,106.89,37.7169,110.303,49.7764,106.624,38.5757,110.955,49.7969,108.543,38.8587,112.315,46.2704,108.524,38.7231,112.173,44.2663,109.939,37.6725,112.391,45.157,110.069,37.5053,112.155,45.0518,111.698,36.8835,112.885,44.7252,111.591,37.1455,113.404,46.6999,114.334,36.2644,114.126,47.966,114.998,36.2563,114.102,46.5594,117.013,46.4218,116.909,44.8138,118.564,44.933,118.689,43.115,120.069,40.3546,119.758,40.2298,119.511,38.0437,119.32,38.1135,119.524,
40.3999,113.231,83.827
38.7192,107.597,38.697,108.483,38.5668,109.111,38.3744,109.506,38.1361,109.842,46.756,106.89,37.7169,110.303,49.7764,106.624,38.5757,110.955,49.7969,108.543,38.8587,112.315,46.2704,108.524,38.7231,112.173,44.2663,109.939,37.6725,112.391,45.157,110.069,37.5053,112.155,45.0518,111.698,36.8835,112.885,44.7252,111.591,37.1455,113.404,46.6999,114.334,36.2644,114.126,47.966,114.998,36.2563,114.102,46.5594,117.013,35.3551,114.106,46.4218,116.909,35.3104,113.896,44.8138,118.564,34.408,113.976,44.933,118.689,34.4,113.897,43.115,120.069,40.3546,119.758,40.2298,119.511,38.0437,119.32,38.1135,119.524,36.4749,119.394,34.9689,119.568,34.9627,119.507,
38.7818,114.407,85.8272
38.5668,109.111,38.3744,109.506,38.1361,109.842,37.7169,110.303,38.5757,110.955,38.8587,112.315,38.7231,112.173,44.2663,109.939,37.6725,112.391,45.157,110.069,37.5053,112.155,45.0518,111.698,36.8835,112.885,44.7252,111.591,37.1455,113.404,46.6999,114.334,36.2644,114.126,47.966,114.998,36.2563,114.102,46.5594,117.013,35.3551,114.106,46.4218,116.909,35.3104,113.896,44.8138,118.564,34.408,113.976,44.933,118.689,34.4,113.897,43.115,120.069,34.155,113.9,40.3546,119.758,34.1587,114.026,40.2298,119.511,33.109,113.977,38.0437,119.32,33.096,114.276,38.1135,119.524,36.4749,119.394,34.9689,119.568,34.9627,119.507,34.3203,119.536,34.317,119.425,32.8876,119.09,32.8835,119.185,
36.9386,115.185,87.8281
38.3744,109.506,38.1361,109.842,37.7169,110.303,38.5757,110.955,38.8587,112.315,38.7231,112.173,37.6725,112.391,37.5053,112.155,45.0518,111.698,36.8835,112.885,44.7252,111.591,37.1455,113.404,46.6999,114.334,36.2644,114.126,47.966,114.998,36.2563,114.102,46.5594,117.013,35.3551,114.106,46.4218,116.909,35.3104,113.896,44.8138,118.564,34.408,113.976,44.933,118.689,34.4,113.897,43.115,120.069,34.155,113.9,40.3546,119.758,34.1587,114.026,40.2298,119.511,33.109,113.977,38.0437,119.32,33.096,114.276,38.1135,119.524,32.0406,113.788,36.4749,119.394,32.1598,112.82,34.9689,119.568,31.0575,112.053,34.9627,119.507,31.0228,112.291,34.3203,119.536,34.317,119.425,32.8876,119.09,32.8835,119.185,31.3729,119.207,31.5145,118.057,29.9442,119.699,29.7562,120.99,
34.973,115.561,89.8294
37.7169,110.303,38.5757,110.955,38.8587,112.315,38.7231,112.173,37.6725,112.391,37.5053,112.155,36.8835,112.885,37.1455,113.404,36.2644,114.126,36.2563,114.102,46.5594,117.013,35.3551,114.106,46.4218,116.909,35.3104,113.896,44.8138,118.564,34.408,113.976,44.933,118.689,34.4,113.897,43.115,120.069,34.155,113.9,40.3546,119.758,34.1587,114.026,40.2298,119.511,33.109,113.977,38.0437,119.32,33.096,114.276,38.1135,119.524,32.0406,113.788,36.4749,119.394,32.1598,112.82,34.9689,119.568,31.0575,112.053,34.9627,119.507,31.0228,112.291,34.3203,119.536,29.781,111.669,34.317,119.425,29.8217,111.376,32.8876,119.09,32.8835,119.185,31.3729,119.207,31.5145,118.057,29.9442,119.699,29.7562,120.99,28.7823,118.856,28.7025,119.43,
32.9712,115.541,91.8313
37.6725,112.391,37.5053,112.155,36.8835,112.885,37.1455,113.404,36.2644,114.126,36.2563,114.102,35.3551,114.106,35.3104,113.896,34.408,113.976,34.4,113.897,43.115,120.069,34.155,113.9,40.3546,119.758,34.1587,114.026,40.2298,119.511,33.109,113.977,38.0437,119.32,33.096,114.276,38.1135,119.524,32.0406,113.788,36.4749,119.394,32.1598,112.82,34.9689,119.568,31.0575,112.053,34.9627,119.507,31.0228,112.291,34.3203,119.536,29.781,111.669,34.317,119.425,29.8217,111.376,32.8876,119.09,28.4425,110.931,32.8835,119.185,26.88,110.855,31.3729,119.207,31.5145,118.057,29.9442,119.699,29.7562,120.99,28.7823,118.856,28.7025,119.43,27.5633,119.508,27.5754,119.39,26.4936,119.534,26.4837,119.756,
30.9841,115.276,93.8359
36.8835,112.885,37.1455,113.404,36.2644,114.126,36.2563,114.102,35.3551,114.106,35.3104,113.896,34.408,113.976,34.4,113.897,34.155,113.9,40.3546,119.758,34.1587,114.026,40.2298,119.511,33.109,113.977,38.0437,119.32,33.096,114.276,38.1135,119.524,32.0406,113.788,36.4749,119.394,32.1598,112.82,34.9689,119.568,31.0575,112.053,34.9627,119.507,31.0228,112.291,34.3203,119.536,29.781,111.669,34.317,119.425,29.8217,111.376,32.8876,119.09,28.4425,110.931,32.8835,119.185,26.88,110.855,31.3729,119.207,25.2972,110.884,31.5145,118.057,25.3032,111.133,29.9442,119.699,29.7562,120.99,28.7823,118.856,28.7025,119.43,27.5633,119.508,27.5754,119.39,26.4936,119.534,26.4837,119.756,25.5031,119.4,25.5002,119.281,
28.9985,115.28,95.8215
35.3551,114.106,35.3104,113.896,34.408,113.976,34.4,113.897,34.155,113.9,34.1587,114.026,33.109,113.977,33.096,114.276,32.0406,113.788,36.4749,119.394,32.1598,112.82,34.9689,119.568,31.0575,112.053,34.9627,119.507,31.0228,112.291,34.3203,119.536,29.781,111.669,34.317,119.425,29.8217,111.376,32.8876,119.09,28.4425,110.931,32.8835,119.185,26.88,110.855,31.3729,119.207,25.2972,110.884,31.5145,118.057,25.3032,111.133,29.9442,119.699,23.7855,112.002,29.7562,120.99,23.7927,112.079,28.7823,118.856,22.2963,112.303,28.7025,119.43,22.2569,112.046,27.5633,119.508,27.5754,119.39,26.4936,119.534,26.4837,119.756,25.5031,119.4,25.5002,119.281,24.4833,119.481,24.4755,119.398,23.3124,118.931,23.3057,118.888,
27.0129,115.284,97.8071
34.155,113.9,34.1587,114.026,33.109,113.977,33.096,114.276,32.0406,113.788,32.1598,112.82,31.0575,112.053,31.0228,112.291,34.3203,119.536,29.781,111.669,34.317,119.425,29.8217,111.376,32.8876,119.09,28.4425,110.931,32.8835,119.185,26.88,110.855,31.3729,119.207,25.2972,110.884,31.5145,118.057,25.3032,111.133,29.9442,119.699,23.7855,112.002,29.7562,120.99,23.7927,112.079,28.7823,118.856,22.2963,112.303,28.7025,119.43,22.2569,112.046,27.5633,119.508,20.0093,108.512,27.5754,119.39,26.4936,119.534,26.4837,119.756,25.5031,119.4,25.5002,119.281,24.4833,119.481,24.4755,119.398,23.3124,118.931,23.3057,118.888,22.1918,119.574,22.2229,119.731,
25.0274,115.288,99.7927
32.0406,113.788,32.1598,112.82,31.0575,112.053,31.0228,112.291,29.781,111.669,29.8217,111.376,28.4425,110.931,26.88,110.855,31.3729,119.207,25.2972,110.884,31.5145,118.057,25.3032,111.133,29.9442,119.699,23.7855,112.002,29.7562,120.99,23.7927,112.079,28.7823,118.856,22.2963,112.303,28.7025,119.43,22.2569,112.046,27.5633,119.508,20.0093,108.512,27.5754,119.39,18.531,108.934,26.4936,119.534,17.1124,109.258,26.4837,119.756,17.7744,112.154,25.5031,119.4,25.5002,119.281,24.4833,119.481,24.4755,119.398,23.3124,118.931,23.3057,118.888,22.1918,119.574,22.2229,119.731,20.8994,119.825,20.8555,119.623,19.4508,119.488,19.4703,119.573,
23.0418,115.292,101.778
29.781,111.669,29.8217,111.376,28.4425,110.931,26.88,110.855,25.2972,110.884,25.3032,111.133,23.7855,112.002,23.7927,112.079,28.7823,118.856,22.2963,112.303,28.7025,119.43,22.2569,112.046,27.5633,119.508,20.0093,108.512,27.5754,119.39,18.531,108.934,26.4936,119.534,17.1124,109.258,26.4837,119.756,17.7744,112.154,25.5031,119.4,16.5672,112.419,25.5002,119.281,15.9306,109.517,24.4833,119.481,24.4755,119.398,23.3124,118.931,23.3057,118.888,22.1918,119.574,22.2229,119.731,20.8994,119.825,20.8555,119.623,19.4508,119.488,19.4703,119.573,18.1388,119.582,18.0551,119.201,
21.0562,115.296,103.764
28.4425,110.931,26.88,110.855,25.2972,110.884,25.3032,111.133,23.7855,112.002,23.7927,112.079,22.2963,112.303,22.2569,112.046,27.5633,119.508,20.0093,108.512,27.5754,119.39,18.531,108.934,26.4936,119.534,17.1124,109.258,26.4837,119.756,17.7744,112.154,25.5031,119.4,16.5672,112.419,25.5002,119.281,15.9306,109.517,24.4833,119.481,15.3229,112.669,24.4755,119.398,23.3124,118.931,23.3057,118.888,22.1918,119.574,22.2229,119.731,20.8994,119.825,20.8555,119.623,19.4508,119.488,19.4703,119.573,18.1388,119.582,18.0551,119.201,16.4657,119.022,16.535,119.407,
19.0706,115.3,105.749
25.2972,110.884,25.3032,111.133,23.7855,112.002,23.7927,112.079,22.2963,112.303,22.2569,112.046,20.0093,108.512,18.531,108.934,17.1124,109.258,17.7744,112.154,25.5031,119.4,16.5672,112.419,25.5002,119.281,15.9306,109.517,24.4833,119.481,15.3229,112.669,24.4755,119.398,13.785,109.815,23.3124,118.931,13.2179,109.828,23.3057,118.888,13.0955,109.822,22.1918,119.574,22.2229,119.731,20.8994,119.825,20.8555,119.623,19.4508,119.488,19.4703,119.573,18.1388,119.582,18.0551,119.201,16.4657,119.022,16.535,119.407,14.8648,119.406,14.8474,119.251,13.6673,119.137,13.676,119.317,13.1554,119.222,13.1542,119.025,
17.085,115.304,107.735
23.7855,112.002,23.7927,112.079,22.2963,112.303,22.2569,112.046,20.0093,108.512,18.531,108.934,17.1124,109.258,17.7744,112.154,16.5672,112.419,15.9306,109.517,24.4833,119.481,15.3229,112.669,24.4755,119.398,13.785,109.815,23.3124,118.931,13.2179,109.828,23.3057,118.888,13.0955,109.822,22.1918,119.574,11.9991,109.763,22.2229,119.731,20.8994,119.825,20.8555,119.623,19.4508,119.488,19.4703,119.573,18.1388,119.582,18.0551,119.201,16.4657,119.022,16.535,119.407,14.8648,119.406,14.8474,119.251,13.6673,119.137,13.676,119.317,13.1554,119.222,13.1542,119.025,11.5512,119.644,11.5449,119.781,
15.0994,115.308,109.721
20.0093,108.512,18.531,108.934,17.1124,109.258,17.7744,112.154,16.5672,112.419,15.9306,109.517,15.3229,112.669,13.785,109.815,13.2179,109.828,13.0955,109.822,22.1918,119.574,11.9991,109.763,22.2229,119.731,11.1759,109.648,20.8994,119.825,10.201,109.469,20.8555,119.623,10.0119,110.56,19.4508,119.488,19.4703,119.573,18.1388,119.582,18.0551,119.201,16.4657,119.022,16.535,119.407,14.8648,119.406,14.8474,119.251,13.6673,119.137,13.676,119.317,13.1554,119.222,13.1542,119.025,11.5512,119.644,11.5449,119.781,9.9601,119.974,9.93635,120.176,7.79333,123.362,8.26531,120.638,
13.1138,115.312,111.706
18.531,108.934,17.1124,109.258,17.7744,112.154,16.5672,112.419,15.9306,109.517,15.3229,112.669,13.785,109.815,13.2179,109.828,13.0955,109.822,11.9991,109.763,11.1759,109.648,20.8994,119.825,10.201,109.469,20.8555,119.623,10.0119,110.56,19.4508,119.488,8.35831,112.88,19.4703,119.573,8.45401,112.416,18.1388,119.582,18.0551,119.201,16.4657,119.022,16.535,119.407,14.8648,119.406,14.8474,119.251,13.6673,119.137,13.676,119.317,13.1554,119.222,13.1542,119.025,11.5512,119.644,11.5449,119.781,9.9601,119.974,9.93635,120.176,7.79333,123.362,8.26531,120.638,7.23734,118.306,7.21416,118.418,
11.1282,115.316,113.692
17.1124,109.258,17.7744,112.154,16.5672,112.419,15.9306,109.517,15.3229,112.669,13.785,109.815,13.2179,109.828,13.0955,109.822,11.9991,109.763,11.1759,109.648,10.201,109.469,10.0119,110.56,19.4508,119.488,8.35831,112.88,19.4703,119.573,8.45401,112.416,18.1388,119.582,7.08081,112.437,18.0551,119.201,6.82291,113.697,16.4657,119.022,5.75348,111.78,16.535,119.407,6.34172,108.599,14.8648,119.406,14.8474,119.251,13.6673,119.137,13.676,119.317,13.1554,119.222,13.1542,119.025,11.5512,119.644,11.5449,119.781,9.9601,119.974,9.93635,120.176,7.79333,123.362,8.26531,120.638,7.23734,118.306,7.21416,118.418,5.45702,120.373,4.96386,122.784,3.75936,122.562,4.20677,120.143,
9.14266,115.32,115.677
15.3229,112.669,13.785,109.815,13.2179,109.828,13.0955,109.822,11.9991,109.763,11.1759,109.648,10.201,109.469,10.0119,110.56,8.35831,112.88,8.45401,112.416,7.08081,112.437,6.82291,113.697,16.4657,119.022,5.75348,111.78,16.535,119.407,6.34172,108.599,14.8648,119.406,4.65068,108.368,14.8474,119.251,4.24184,111.492,13.6673,119.137,13.676,119.317,13.1554,119.222,13.1542,119.025,11.5512,119.644,11.5449,119.781,9.9601,119.974,9.93635,120.176,7.79333,123.362,8.26531,120.638,7.23734,118.306,7.21416,118.418,5.45702,120.373,4.96386,122.784,3.75936,122.562,4.20677,120.143,3.37531,118.115,3.23202,119.21,
7.15708,115.324,117.663
13.785,109.815,13.2179,109.828,13.0955,109.822,11.9991,109.763,11.1759,109.648,10.201,109.469,10.0119,110.56,8.35831,112.88,8.45401,112.416,7.08081,112.437,6.82291,113.697,5.75348,111.78,6.34172,108.599,14.8648,119.406,4.65068,108.368,14.8474,119.251,4.24184,111.492,13.6673,119.137,2.55504,113.203,13.676,119.317,2.64004,112.054,13.1554,119.222,1.13477,112.12,13.1542,119.025,1.13108,112.327,11.5512,119.644,11.5449,119.781,9.9601,119.974,9.93635,120.176,7.79333,123.362,8.26531,120.638,7.23734,118.306,7.21416,118.418,5.45702,120.373,4.96386,122.784,3.75936,122.562,4.20677,120.143,3.37531,118.115,3.23202,119.21,2.06587,119.816,2.07236,119.728,0.997045,119.811,1.01445,118.84,
5.17149,115.328,119.649
11.9991,109.763,11.1759,109.648,10.201,109.469,10.0119,110.56,8.35831,112.88,8.45401,112.416,7.08081,112.437,6.82291,113.697,5.75348,111.78,6.34172,108.599,4.65068,108.368,4.24184,111.492,2.55504,113.203,2.64004,112.054,1.13477,112.12,1.13108,112.327,11.5512,119.644,-0.295409,111.991,11.5449,119.781,-0.299881,111.707,9.9601,119.974,9.93635,120.176,7.79333,123.362,8.26531,120.638,7.23734,118.306,7.21416,118.418,5.45702,120.373,4.96386,122.784,3.75936,122.562,4.20677,120.143,3.37531,118.115,3.23202,119.21,2.06587,119.816,2.07236,119.728,0.997045,119.811,1.01445,118.84,-0.161308,120.517,-0.131611,122.405,
3.1859,115.332,121.634
11.1759,109.648,10.201,109.469,10.0119,110.56,8.35831,112.88,8.45401,112.416,7.08081,112.437,6.82291,113.697,5.75348,111.78,6.34172,108.599,4.65068,108.368,4.24184,111.492,2.55504,113.203,2.64004,112.054,1.13477,112.12,1.13108,112.327,-0.295409,111.991,-0.299881,111.707,9.9601,119.974,-1.67058,108.232,9.93635,120.176,-1.61371,111.187,7.79333,123.362,-2.83836,113.261,8.26531,120.638,-2.84163,112.933,7.23734,118.306,7.21416,118.418,5.45702,120.373,4.96386,122.784,3.75936,122.562,4.20677,120.143,3.37531,118.115,3.23202,119.21,2.06587,119.816,2.07236,119.728,0.997045,119.811,1.01445,118.84,-0.161308,120.517,-0.131611,122.405,-1.45691,119.33,-2.77774,119.344,
1.20032,115.336,123.62
8.35831,112.88,8.45401,112.416,7.08081,112.437,6.82291,113.697,5.75348,111.78,6.34172,108.599,4.65068,108.368,4.24184,111.492,2.55504,113.203,2.64004,112.054,1.13477,112.12,1.13108,112.327,-0.295409,111.991,-0.299881,111.707,-1.67058,108.232,-1.61371,111.187,-2.83836,113.261,-2.84163,112.933,7.23734,118.306,-4.03737,111.983,7.21416,118.418,-4.03163,111.248,5.45702,120.373,4.96386,122.784,3.75936,122.562,4.20677,120.143,3.37531,118.115,3.23202,119.21,2.06587,119.816,2.07236,119.728,0.997045,119.811,1.01445,118.84,-0.161308,120.517,-0.131611,122.405,-1.45691,119.33,-2.77774,119.344,-4.09481,119.334,
-0.78527,115.34,125.605
7.08081,112.437,6.82291,113.697,5.75348,111.78,6.34172,108.599,4.65068,108.368,4.24184,111.492,2.55504,113.203,2.64004,112.054,1.13477,112.12,1.13108,112.327,-0.295409,111.991,-0.299881,111.707,-1.67058,108.232,-1.61371,111.187,-2.83836,113.261,-2.84163,112.933,-4.03737,111.983,-4.03163,111.248,5.45702,120.373,-5.16171,111.829,4.96386,122.784,-5.15291,111.55,3.75936,122.562,-6.14271,111.483,4.20677,120.143,-6.1445,111.51,3.37531,118.115,3.23202,119.21,2.06587,119.816,2.07236,119.728,0.997045,119.811,1.01445,118.84,-0.161308,120.517,-0.131611,122.405,-1.45691,119.33,-2.77774,119.344,-4.09481,119.334,-5.4321,120.394,-5.41795,119.945,-6.68329,119.686,-6.65925,119.321,
-2.77086,115.344,127.591
4.65068,108.368,4.24184,111.492,2.55504,113.203,2.64004,112.054,1.13477,112.12,1.13108,112.327,-0.295409,111.991,-0.299881,111.707,-1.67058,108.232,-1.61371,111.187,-2.83836,113.261,-2.84163,112.933,-4.03737,111.983,-4.03163,111.248,-5.16171,111.829,-5.15291,111.55,-6.14271,111.483,-6.1445,111.51,3.37531,118.115,-6.94174,111.496,3.23202,119.21,-6.94105,111.49,2.06587,119.816,-7.7916,111.525,2.07236,119.728,-7.77489,111.464,0.997045,119.811,1.01445,118.84,-0.161308,120.517,-0.131611,122.405,-1.45691,119.33,-2.77774,119.344,-4.09481,119.334,-5.4321,120.394,-5.41795,119.945,-6.68329,119.686,-6.65925,119.321,-8.17313,120.9,-8.33399,122.128,-10.5203,121.495,
-4.77541,115.315,129.596
2.55504,113.203,2.64004,112.054,1.13477,112.12,1.13108,112.327,-0.295409,111.991,-0.299881,111.707,-1.67058,108.232,-1.61371,111.187,-2.83836,113.261,-2.84163,112.933,-4.03737,111.983,-4.03163,111.248,-5.16171,111.829,-5.15291,111.55,-6.14271,111.483,-6.1445,111.51,-6.94174,111.496,-6.94105,111.49,2.06587,119.816,-7.7916,111.525,2.07236,119.728,-7.77489,111.464,0.997045,119.811,-8.11586,111.428,1.01445,118.84,-8.16328,111.52,-0.161308,120.517,-8.34687,111.406,-0.131611,122.405,-9.09518,112.32,-1.45691,119.33,-2.77774,119.344,-4.09481,119.334,-5.4321,120.394,-5.41795,119.945,-6.68329,119.686,-6.65925,119.321,-8.17313,120.9,-8.33399,122.128,-10.5203,121.495,-12.8055,120.486,-11.9865,118.904,-13.5989,117.821,-14.7461,119.222,
-6.77518,115.181,131.6
-0.295409,111.991,-0.299881,111.707,-1.67058,108.232,-1.61371,111.187,-2.83836,113.261,-2.84163,112.933,-4.03737,111.983,-4.03163,111.248,-5.16171,111.829,-5.15291,111.55,-6.14271,111.483,-6.1445,111.51,-6.94174,111.496,-6.94105,111.49,-7.7916,111.525,-7.77489,111.464,-8.11586,111.428,-8.16328,111.52,-0.161308,120.517,-8.34687,111.406,-0.131611,122.405,-9.09518,112.32,-1.45691,119.33,-10.0363,112.198,-2.77774,119.344,-9.97754,112.151,-4.09481,119.334,-10.0554,111.358,-5.4321,120.394,-9.88457,111.274,-5.41795,119.945,-6.68329,119.686,-6.65925,119.321,-8.17313,120.9,-8.33399,122.128,-10.5203,121.495,-12.8055,120.486,-11.9865,118.904,-13.5989,117.821,-14.7461,119.222,-16.4745,117.304,-17.7143,115.156,
-8.72061,114.723,133.599
-1.67058,108.232,-1.61371,111.187,-2.83836,113.261,-2.84163,112.933,-4.03737,111.983,-4.03163,111.248,-5.16171,111.829,-5.15291,111.55,-6.14271,111.483,-6.1445,111.51,-6.94174,111.496,-6.94105,111.49,-7.7916,111.525,-7.77489,111.464,-8.11586,111.428,-8.16328,111.52,-8.34687,111.406,-9.09518,112.32,-1.45691,119.33,-10.0363,112.198,-2.77774,119.344,-9.97754,112.151,-4.09481,119.334,-10.0554,111.358,-5.4321,120.394,-9.88457,111.274,-5.41795,119.945,-8.94199,110.166,-6.68329,119.686,-8.86506,110.144,-6.65925,119.321,-8.72771,109.361,-8.17313,120.9,-9.41038,109.442,-8.33399,122.128,-10.5203,121.495,-12.8055,120.486,-11.9865,118.904,-13.5989,117.821,-14.7461,119.222,-16.4745,117.304,-17.7143,115.156,-15.4035,112.034,-14.4758,111.766,-16.8358,110.328,-18.8529,110.568,
-10.3622,113.602,135.586
-4.03737,111.983,-4.03163,111.248,-5.16171,111.829,-5.15291,111.55,-6.14271,111.483,-6.1445,111.51,-6.94174,111.496,-6.94105,111.49,-7.7916,111.525,-7.77489,111.464,-8.11586,111.428,-8.16328,111.52,-8.34687,111.406,-9.09518,112.32,-10.0363,112.198,-9.97754,112.151,-4.09481,119.334,-10.0554,111.358,-5.4321,120.394,-9.88457,111.274,-5.41795,119.945,-8.94199,110.166,-6.68329,119.686,-8.86506,110.144,-6.65925,119.321,-8.72771,109.361,-8.17313,120.9,-9.41038,109.442,-8.33399,122.128,-6.90102,108.384,-10.5203,121.495,-4.70885,108.374,-12.8055,120.486,-11.9865,118.904,-13.5989,117.821,-14.7461,119.222,-16.4745,117.304,-17.7143,115.156,-15.4035,112.034,-14.4758,111.766,-16.8358,110.328,-18.8529,110.568,-18.9087,108.438,
-11.3899,111.898,137.577
-5.16171,111.829,-5.15291,111.55,-6.14271,111.483,-6.1445,111.51,-6.94174,111.496,-6.94105,111.49,-7.7916,111.525,-7.77489,111.464,-8.11586,111.428,-8.16328,111.52,-8.34687,111.406,-9.09518,112.32,-10.0363,112.198,-9.97754,112.151,-10.0554,111.358,-5.4321,120.394,-9.88457,111.274,-5.41795,119.945,-8.94199,110.166,-6.68329,119.686,-8.86506,110.144,-6.65925,119.321,-8.72771,109.361,-8.17313,120.9,-9.41038,109.442,-8.33399,122.128,-6.90102,108.384,-10.5203,121.495,-4.70885,108.374,-12.8055,120.486,-4.65654,107.41,-11.9865,118.904,-13.5989,117.821,-14.7461,119.222,-16.4745,117.304,-17.7143,115.156,-15.4035,112.034,-14.4758,111.766,-16.8358,110.328,-18.8529,110.568,-18.9087,108.438,-18.8421,106.769,
-11.7885,109.94,139.575
-6.94174,111.496,-6.94105,111.49,-7.7916,111.525,-7.77489,111.464,-8.11586,111.428,-8.16328,111.52,-8.34687,111.406,-9.09518,112.32,-10.0363,112.198,-9.97754,112.151,-10.0554,111.358,-9.88457,111.274,-8.94199,110.166,-8.86506,110.144,-8.72771,109.361,-8.17313,120.9,-9.41038,109.442,-8.33399,122.128,-6.90102,108.384,-10.5203,121.495,-4.70885,108.374,-12.8055,120.486,-4.65654,107.41,-11.9865,118.904,-4.61254,105.88,-13.5989,117.821,-8.16748,105.78,-14.7461,119.222,-10.3353,104.217,-16.4745,117.304,-9.89313,104.204,-17.7143,115.156,-15.4035,112.034,-14.4758,111.766,-16.8358,110.328,-18.8529,110.568,-18.9087,108.438,-18.8421,106.769,-18.8069,105.481,-18.8486,104.469,-15.7047,104.376,
-11.7925,107.936,141.578
-8.11586,111.428,-8.16328,111.52,-8.34687,111.406,-9.09518,112.32,-10.0363,112.198,-9.97754,112.151,-10.0554,111.358,-9.88457,111.274,-8.94199,110.166,-8.86506,110.144,-8.72771,109.361,-9.41038,109.442,-6.90102,108.384,-4.70885,108.374,-12.8055,120.486,-4.65654,107.41,-11.9865,118.904,-4.61254,105.88,-13.5989,117.821,-8.16748,105.78,-14.7461,119.222,-10.3353,104.217,-16.4745,117.304,-9.89313,104.204,-17.7143,115.156,-10.2237,102.622,-15.4035,112.034,-10.5221,102.653,-14.4758,111.766,-16.8358,110.328,-18.8529,110.568,-18.9087,108.438,-18.8421,106.769,-18.8069,105.481,-18.8486,104.469,-15.7047,104.376,-14.2944,103.041,-15.7818,103.194,
-11.713,105.933,143.583
-10.0363,112.198,-9.97754,112.151,-10.0554,111.358,-9.88457,111.274,-8.94199,110.166,-8.86506,110.144,-8.72771,109.361,-9.41038,109.442,-6.90102,108.384,-4.70885,108.374,-4.65654,107.41,-4.61254,105.88,-8.16748,105.78,-10.3353,104.217,-16.4745,117.304,-9.89313,104.204,-17.7143,115.156,-10.2237,102.622,-15.4035,112.034,-10.5221,102.653,-14.4758,111.766,-8.21553,100.826,-16.8358,110.328,-5.11087,100.322,-18.8529,110.568,-5.41913,98.7131,-18.9087,108.438,-18.8421,106.769,-18.8069,105.481,-18.8486,104.469,-15.7047,104.376,-14.2944,103.041,-15.7818,103.194,-19.1273,102.597,-19.36,101.414,
-11.7578,103.937,145.58
-8.94199,110.166,-8.86506,110.144,-8.72771,109.361,-9.41038,109.442,-6.90102,108.384,-4.70885,108.374,-4.65654,107.41,-4.61254,105.88,-8.16748,105.78,-10.3353,104.217,-9.89313,104.204,-10.2237,102.622,-15.4035,112.034,-10.5221,102.653,-14.4758,111.766,-8.21553,100.826,-16.8358,110.328,-5.11087,100.322,-18.8529,110.568,-5.41913,98.7131,-18.9087,108.438,-5.74093,97.1695,-18.8421,106.769,-18.8069,105.481,-18.8486,104.469,-15.7047,104.376,-14.2944,103.041,-15.7818,103.194,-19.1273,102.597,-19.36,101.414,-19.6406,100.074,
-11.8025,101.941,147.576
-6.90102,108.384,-4.70885,108.374,-4.65654,107.41,-4.61254,105.88,-8.16748,105.78,-10.3353,104.217,-9.89313,104.204,-10.2237,102.622,-10.5221,102.653,-8.21553,100.826,-5.11087,100.322,-5.41913,98.7131,-18.9087,108.438,-5.74093,97.1695,-18.8421,106.769,-6.0231,95.7749,-18.8069,105.481,-9.10588,96.399,-18.8486,104.469,-15.7047,104.376,-14.2944,103.041,-15.7818,103.194,-19.1273,102.597,-19.36,101.414,-19.6406,100.074,-19.9408,98.5923,-18.4987,98.3004,
-11.8472,99.945,149.573
-4.65654,107.41,-4.61254,105.88,-8.16748,105.78,-10.3353,104.217,-9.89313,104.204,-10.2237,102.622,-10.5221,102.653,-8.21553,100.826,-5.11087,100.322,-5.41913,98.7131,-5.74093,97.1695,-18.8421,106.769,-6.0231,95.7749,-18.8069,105.481,-9.10588,96.399,-18.8486,104.469,-11.2392,95.3844,-15.7047,104.376,-10.6568,95.2864,-14.2944,103.041,-7.75377,93.6251,-15.7818,103.194,-6.3326,93.4692,-19.1273,102.597,-19.36,101.414,-19.6406,100.074,-19.9408,98.5923,-18.4987,98.3004,-15.2621,96.0615,-14.704,95.9676,-16.4986,94.584,-20.3486,95.0062,
-11.8919,97.9489,151.569
-4.61254,105.88,-8.16748,105.78,-10.3353,104.217,-9.89313,104.204,-10.2237,102.622,-10.5221,102.653,-8.21553,100.826,-5.11087,100.322,-5.41913,98.7131,-5.74093,97.1695,-6.0231,95.7749,-18.8069,105.481,-9.10588,96.399,-18.8486,104.469,-11.2392,95.3844,-15.7047,104.376,-10.6568,95.2864,-14.2944,103.041,-7.75377,93.6251,-15.7818,103.194,-6.3326,93.4692,-19.1273,102.597,-6.36498,92.8049,-19.36,101.414,-19.6406,100.074,-19.9408,98.5923,-18.4987,98.3004,-15.2621,96.0615,-14.704,95.9676,-16.4986,94.584,-20.3486,95.0062,-20.4387,93.6654,
-11.9367,95.9529,153.566
-10.2237,102.622,-10.5221,102.653,-8.21553,100.826,-5.11087,100.322,-5.41913,98.7131,-5.74093,97.1695,-6.0231,95.7749,-9.10588,96.399,-11.2392,95.3844,-10.6568,95.2864,-14.2944,103.041,-7.75377,93.6251,-15.7818,103.194,-6.3326,93.4692,-19.1273,102.597,-6.36498,92.8049,-19.36,101.414,-6.37177,91.6605,-19.6406,100.074,-6.3119,90.6279,-19.9408,98.5923,-18.4987,98.3004,-15.2621,96.0615,-14.704,95.9676,-16.4986,94.584,-20.3486,95.0062,-20.4387,93.6654,-20.4706,91.8449,-20.397,89.9801,-19.7415,90.0103,
-11.9814,93.9568,155.562
-8.21553,100.826,-5.11087,100.322,-5.41913,98.7131,-5.74093,97.1695,-6.0231,95.7749,-9.10588,96.399,-11.2392,95.3844,-10.6568,95.2864,-7.75377,93.6251,-6.3326,93.4692,-19.1273,102.597,-6.36498,92.8049,-19.36,101.414,-6.37177,91.6605,-19.6406,100.074,-6.3119,90.6279,-19.9408,98.5923,-6.20107,89.5399,-18.4987,98.3004,-6.86531,89.4773,-15.2621,96.0615,-14.704,95.9676,-16.4986,94.584,-20.3486,95.0062,-20.4387,93.6654,-20.4706,91.8449,-20.397,89.9801,-19.7415,90.0103,-17.7234,88.4535,-16.2674,88.5907,
-12.0261,91.9608,157.559
-5.74093,97.1695,-6.0231,95.7749,-9.10588,96.399,-11.2392,95.3844,-10.6568,95.2864,-7.75377,93.6251,-6.3326,93.4692,-6.36498,92.8049,-6.37177,91.6605,-19.6406,100.074,-6.3119,90.6279,-19.9408,98.5923,-6.20107,89.5399,-18.4987,98.3004,-6.86531,89.4773,-15.2621,96.0615,-10.1541,87.8547,-14.704,95.9676,-10.0859,87.8636,-16.4986,94.584,-9.85401,86.9398,-20.3486,95.0062,-9.6763,86.9664,-20.4387,93.6654,-20.4706,91.8449,-20.397,89.9801,-19.7415,90.0103,-17.7234,88.4535,-16.2674,88.5907,-14.899,87.2415,-14.978,87.2313,-17.3403,85.8209,-19.962,85.429,
-12.0708,89.9647,159.556
-6.0231,95.7749,-9.10588,96.399,-11.2392,95.3844,-10.6568,95.2864,-7.75377,93.6251,-6.3326,93.4692,-6.36498,92.8049,-6.37177,91.6605,-6.3119,90.6279,-19.9408,98.5923,-6.20107,89.5399,-18.4987,98.3004,-6.86531,89.4773,-15.2621,96.0615,-10.1541,87.8547,-14.704,95.9676,-10.0859,87.8636,-16.4986,94.584,-9.85401,86.9398,-20.3486,95.0062,-9.6763,86.9664,-20.4387,93.6654,-5.70671,86.2031,-20.4706,91.8449,-20.397,89.9801,-19.7415,90.0103,-17.7234,88.4535,-16.2674,88.5907,-14.899,87.2415,-14.978,87.2313,-17.3403,85.8209,-19.962,85.429,-19.73,83.9698,
-12.1155,87.9686,161.552
-11.2392,95.3844,-10.6568,95.2864,-7.75377,93.6251,-6.3326,93.4692,-6.36498,92.8049,-6.37177,91.6605,-6.3119,90.6279,-6.20107,89.5399,-6.86531,89.4773,-15.2621,96.0615,-10.1541,87.8547,-14.704,95.9676,-10.0859,87.8636,-16.4986,94.584,-9.85401,86.9398,-20.3486,95.0062,-9.6763,86.9664,-20.4387,93.6654,-5.70671,86.2031,-20.4706,91.8449,-5.49434,84.8935,-20.397,89.9801,-5.27817,83.5083,-19.7415,90.0103,-17.7234,88.4535,-16.2674,88.5907,-14.899,87.2415,-14.978,87.2313,-17.3403,85.8209,-19.962,85.429,-19.73,83.9698,-19.5113,82.6208,-19.3085,81.3199,
-12.1603,85.9726,163.549
-6.36498,92.8049,-6.37177,91.6605,-6.3119,90.6279,-6.20107,89.5399,-6.86531,89.4773,-10.1541,87.8547,-10.0859,87.8636,-9.85401,86.9398,-9.6763,86.9664,-20.4387,93.6654,-5.70671,86.2031,-20.4706,91.8449,-5.49434,84.8935,-20.397,89.9801,-5.27817,83.5083,-19.7415,90.0103,-5.08469,81.9488,-17.7234,88.4535,-7.49152,81.6566,-16.2674,88.5907,-14.899,87.2415,-14.978,87.2313,-17.3403,85.8209,-19.962,85.429,-19.73,83.9698,-19.5113,82.6208,-19.3085,81.3199,-19.1811,80.2371,-16.6265,80.5473,
-12.205,83.9765,165.545
-6.37177,91.6605,-6.3119,90.6279,-6.20107,89.5399,-6.86531,89.4773,-10.1541,87.8547,-10.0859,87.8636,-9.85401,86.9398,-9.6763,86.9664,-5.70671,86.2031,-20.4706,91.8449,-5.49434,84.8935,-20.397,89.9801,-5.27817,83.5083,-19.7415,90.0103,-5.08469,81.9488,-17.7234,88.4535,-7.49152,81.6566,-16.2674,88.5907,-10.3863,79.8435,-14.899,87.2415,-10.7679,79.8189,-14.978,87.2313,-9.4948,78.3704,-17.3403,85.8209,-4.94961,78.3573,-19.962,85.429,-19.73,83.9698,-19.5113,82.6208,-19.3085,81.3199,-19.1811,80.2371,-16.6265,80.5473,-14.5436,79.576,-14.868,79.5552,-17.3386,78.3929,-19.1495,78.3981,
-12.2497,81.9805,167.542
-6.20107,89.5399,-6.86531,89.4773,-10.1541,87.8547,-10.0859,87.8636,-9.85401,86.9398,-9.6763,86.9664,-5.70671,86.2031,-5.49434,84.8935,-5.27817,83.5083,-5.08469,81.9488,-17.7234,88.4535,-7.49152,81.6566,-16.2674,88.5907,-10.3863,79.8435,-14.899,87.2415,-10.7679,79.8189,-14.978,87.2313,-9.4948,78.3704,-17.3403,85.8209,-4.94961,78.3573,-19.962,85.429,-5.07042,76.4574,-19.73,83.9698,-19.5113,82.6208,-19.3085,81.3199,-19.1811,80.2371,-16.6265,80.5473,-14.5436,79.576,-14.868,79.5552,-17.3386,78.3929,-19.1495,78.3981,-19.2331,77.4868,
-12.2944,79.9844,169.538
-10.1541,87.8547,-10.0859,87.8636,-9.85401,86.9398,-9.6763,86.9664,-5.70671,86.2031,-5.49434,84.8935,-5.27817,83.5083,-5.08469,81.9488,-7.49152,81.6566,-10.3863,79.8435,-14.899,87.2415,-10.7679,79.8189,-14.978,87.2313,-9.4948,78.3704,-17.3403,85.8209,-4.94961,78.3573,-19.962,85.429,-5.07042,76.4574,-19.73,83.9698,-5.2905,74.7055,-19.5113,82.6208,-5.51969,73.2265,-19.3085,81.3199,-19.1811,80.2371,-16.6265,80.5473,-14.5436,79.576,-14.868,79.5552,-17.3386,78.3929,-19.1495,78.3981,-19.2331,77.4868,-19.3668,76.5758,-19.5495,75.4186,
-12.3392,77.9883,171.535
-5.70671,86.2031,-5.49434,84.8935,-5.27817,83.5083,-5.08469,81.9488,-7.49152,81.6566,-10.3863,79.8435,-10.7679,79.8189,-9.4948,78.3704,-4.94961,78.3573,-5.07042,76.4574,-19.73,83.9698,-5.2905,74.7055,-19.5113,82.6208,-5.51969,73.2265,-19.3085,81.3199,-5.72218,71.9321,-19.1811,80.2371,-9.09455,72.4596,-16.6265,80.5473,-14.5436,79.576,-14.868,79.5552,-17.3386,78.3929,-19.1495,78.3981,-19.2331,77.4868,-19.3668,76.5758,-19.5495,75.4186,-19.7516,74.1266,
-12.3839,75.9923,173.532
-5.49434,84.8935,-5.27817,83.5083,-5.08469,81.9488,-7.49152,81.6566,-10.3863,79.8435,-10.7679,79.8189,-9.4948,78.3704,-4.94961,78.3573,-5.07042,76.4574,-5.2905,74.7055,-19.5113,82.6208,-5.51969,73.2265,-19.3085,81.3199,-5.72218,71.9321,-19.1811,80.2371,-9.09455,72.4596,-16.6265,80.5473,-11.161,71.4125,-14.5436,79.576,-10.7748,71.3562,-14.868,79.5552,-8.14906,69.6111,-17.3386,78.3929,-6.07512,69.3451,-19.1495,78.3981,-19.2331,77.4868,-19.3668,76.5758,-19.5495,75.4186,-19.7516,74.1266,-15.9036,72.1043,-15.5016,72.0457,-16.0853,70.6288,-16.3178,70.6586,
-12.4286,73.9962,175.528
-5.08469,81.9488,-7.49152,81.6566,-10.3863,79.8435,-10.7679,79.8189,-9.4948,78.3704,-4.94961,78.3573,-5.07042,76.4574,-5.2905,74.7055,-5.51969,73.2265,-5.72218,71.9321,-19.1811,80.2371,-9.09455,72.4596,-16.6265,80.5473,-11.161,71.4125,-14.5436,79.576,-10.7748,71.3562,-14.868,79.5552,-8.14906,69.6111,-17.3386,78.3929,-6.07512,69.3451,-19.1495,78.3981,-6.17142,68.4588,-19.2331,77.4868,-6.25347,67.5482,-19.3668,76.5758,-19.5495,75.4186,-19.7516,74.1266,-15.9036,72.1043,-15.5016,72.0457,-16.0853,70.6288,-16.3178,70.6586,-19.5346,69.9282,-20.1869,70,-20.2949,68.8318,
-12.4733,72.0002,177.525
-10.3863,79.8435,-10.7679,79.8189,-9.4948,78.3704,-4.94961,78.3573,-5.07042,76.4574,-5.2905,74.7055,-5.51969,73.2265,-5.72218,71.9321,-9.09455,72.4596,-11.161,71.4125,-14.5436,79.576,-10.7748,71.3562,-14.868,79.5552,-8.14906,69.6111,-17.3386,78.3929,-6.07512,69.3451,-19.1495,78.3981,-6.17142,68.4588,-19.2331,77.4868,-6.25347,67.5482,-19.3668,76.5758,-6.32006,66.5965,-19.5495,75.4186,-19.7516,74.1266,-15.9036,72.1043,-15.5016,72.0457,-16.0853,70.6288,-16.3178,70.6586,-19.5346,69.9282,-20.1869,70,-20.2949,68.8318,-20.3842,67.6013,
-12.518,70.0041,179.521
-5.07042,76.4574,-5.2905,74.7055,-5.51969,73.2265,-5.72218,71.9321,-9.09455,72.4596,-11.161,71.4125,-10.7748,71.3562,-8.14906,69.6111,-6.07512,69.3451,-6.17142,68.4588,-19.2331,77.4868,-6.25347,67.5482,-19.3668,76.5758,-6.32006,66.5965,-19.5495,75.4186,-6.36568,65.6287,-19.7516,74.1266,-8.36485,65.7266,-15.9036,72.1043,-10.9445,64.7608,-15.5016,72.0457,-11.4766,64.7755,-16.0853,70.6288,-16.3178,70.6586,-19.5346,69.9282,-20.1869,70,-20.2949,68.8318,-20.3842,67.6013,-20.4488,66.3185,-17.546,66.1763,-15.2616,64.8802,-15.121,64.8763,
-12.5628,68.008,181.518
-5.2905,74.7055,-5.51969,73.2265,-5.72218,71.9321,-9.09455,72.4596,-11.161,71.4125,-10.7748,71.3562,-8.14906,69.6111,-6.07512,69.3451,-6.17142,68.4588,-6.25347,67.5482,-19.3668,76.5758,-6.32006,66.5965,-19.5495,75.4186,-6.36568,65.6287,-19.7516,74.1266,-8.36485,65.7266,-15.9036,72.1043,-10.9445,64.7608,-15.5016,72.0457,-11.4766,64.7755,-16.0853,70.6288,-9.8144,63.6596,-16.3178,70.6586,-6.40121,63.6235,-19.5346,69.9282,-6.39566,62.3023,-20.1869,70,-20.2949,68.8318,-20.3842,67.6013,-20.4488,66.3185,-17.546,66.1763,-15.2616,64.8802,-15.121,64.8763,-16.1038,63.726,-16.935,63.7348,-18.3393,62.2586,-20.4956,62.2507,
-12.6075,66.012,183.514
-5.72218,71.9321,-9.09455,72.4596,-11.161,71.4125,-10.7748,71.3562,-8.14906,69.6111,-6.07512,69.3451,-6.17142,68.4588,-6.25347,67.5482,-6.32006,66.5965,-6.36568,65.6287,-19.7516,74.1266,-8.36485,65.7266,-15.9036,72.1043,-10.9445,64.7608,-15.5016,72.0457,-11.4766,64.7755,-16.0853,70.6288,-9.8144,63.6596,-16.3178,70.6586,-6.40121,63.6235,-19.5346,69.9282,-6.39566,62.3023,-20.1869,70,-6.37036,60.9866,-20.2949,68.8318,-20.3842,67.6013,-20.4488,66.3185,-17.546,66.1763,-15.2616,64.8802,-15.121,64.8763,-16.1038,63.726,-16.935,63.7348,-18.3393,62.2586,-20.4956,62.2507,-20.4679,60.724,
-12.6522,64.0159,185.511
-11.161,71.4125,-10.7748,71.3562,-8.14906,69.6111,-6.07512,69.3451,-6.17142,68.4588,-6.25347,67.5482,-6.32006,66.5965,-6.36568,65.6287,-8.36485,65.7266,-15.9036,72.1043,-10.9445,64.7608,-15.5016,72.0457,-11.4766,64.7755,-16.0853,70.6288,-9.8144,63.6596,-16.3178,70.6586,-6.40121,63.6235,-19.5346,69.9282,-6.39566,62.3023,-20.1869,70,-6.37036,60.9866,-20.2949,68.8318,-6.33947,59.9111,-20.3842,67.6013,-6.30362,58.803,-20.4488,66.3185,-17.546,66.1763,-15.2616,64.8802,-15.121,64.8763,-16.1038,63.726,-16.935,63.7348,-18.3393,62.2586,-20.4956,62.2507,-20.4679,60.724,-20.4338,59.5107,-20.3963,58.3478,
-12.6969,62.0199,187.507
-6.17142,68.4588,-6.25347,67.5482,-6.32006,66.5965,-6.36568,65.6287,-8.36485,65.7266,-10.9445,64.7608,-11.4766,64.7755,-9.8144,63.6596,-6.40121,63.6235,-19.5346,69.9282,-6.39566,62.3023,-20.1869,70,-6.37036,60.9866,-20.2949,68.8318,-6.33947,59.9111,-20.3842,67.6013,-6.30362,58.803,-20.4488,66.3185,-6.26421,57.6614,-17.546,66.1763,-9.0564,57.5651,-15.2616,64.8802,-11.1842,56.3713,-15.121,64.8763,-11.3769,56.3646,-16.1038,63.726,-16.935,63.7348,-18.3393,62.2586,-20.4956,62.2507,-20.4679,60.724,-20.4338,59.5107,-20.3963,58.3478,-20.3558,57.1752,-16.2508,57.3168,-14.8564,56.2438,-15.3028,56.2283,
-12.7417,60.0238,189.504
-6.32006,66.5965,-6.36568,65.6287,-8.36485,65.7266,-10.9445,64.7608,-11.4766,64.7755,-9.8144,63.6596,-6.40121,63.6235,-6.39566,62.3023,-6.37036,60.9866,-6.33947,59.9111,-20.3842,67.6013,-6.30362,58.803,-20.4488,66.3185,-6.26421,57.6614,-17.546,66.1763,-9.0564,57.5651,-15.2616,64.8802,-11.1842,56.3713,-15.121,64.8763,-11.3769,56.3646,-16.1038,63.726,-9.53703,55.2698,-16.935,63.7348,-6.18524,55.3862,-18.3393,62.2586,-20.4956,62.2507,-20.4679,60.724,-20.4338,59.5107,-20.3963,58.3478,-20.3558,57.1752,-16.2508,57.3168,-14.8564,56.2438,-15.3028,56.2283,-17.747,54.9849,-20.2768,54.8971,
-12.7864,58.0277,191.501
-6.36568,65.6287,-8.36485,65.7266,-10.9445,64.7608,-11.4766,64.7755,-9.8144,63.6596,-6.40121,63.6235,-6.39566,62.3023,-6.37036,60.9866,-6.33947,59.9111,-6.30362,58.803,-20.4488,66.3185,-6.26421,57.6614,-17.546,66.1763,-9.0564,57.5651,-15.2616,64.8802,-11.1842,56.3713,-15.121,64.8763,-11.3769,56.3646,-16.1038,63.726,-9.53703,55.2698,-16.935,63.7348,-6.18524,55.3862,-18.3393,62.2586,-6.14706,54.2294,-20.4956,62.2507,-6.11907,53.0264,-20.4679,60.724,-20.4338,59.5107,-20.3963,58.3478,-20.3558,57.1752,-16.2508,57.3168,-14.8564,56.2438,-15.3028,56.2283,-17.747,54.9849,-20.2768,54.8971,-20.2394,53.7643,-16.3977,53.8911,-14.8996,52.8247,-16.0868,52.7974,
-12.8311,56.0317,193.497
-9.8144,63.6596,-6.40121,63.6235,-6.39566,62.3023,-6.37036,60.9866,-6.33947,59.9111,-6.30362,58.803,-6.26421,57.6614,-9.0564,57.5651,-11.1842,56.3713,-11.3769,56.3646,-16.1038,63.726,-9.53703,55.2698,-16.935,63.7348,-6.18524,55.3862,-18.3393,62.2586,-6.14706,54.2294,-20.4956,62.2507,-6.11907,53.0264,-20.4679,60.724,-6.1065,51.8132,-20.4338,59.5107,-6.10968,50.5639,-20.3963,58.3478,-20.3558,57.1752,-16.2508,57.3168,-14.8564,56.2438,-15.3028,56.2283,-17.747,54.9849,-20.2768,54.8971,-20.2394,53.7643,-16.3977,53.8911,-14.8996,52.8247,-16.0868,52.7974,-16.0763,51.7149,-15.0076,51.7255,-16.7409,50.596,-20.2096,50.6065,
-12.8758,54.0356,195.494
-6.37036,60.9866,-6.33947,59.9111,-6.30362,58.803,-6.26421,57.6614,-9.0564,57.5651,-11.1842,56.3713,-11.3769,56.3646,-9.53703,55.2698,-6.18524,55.3862,-6.14706,54.2294,-6.11907,53.0264,-20.4679,60.724,-6.1065,51.8132,-20.4338,59.5107,-6.10968,50.5639,-20.3963,58.3478,-6.12089,49.4904,-20.3558,57.1752,-9.51024,49.5265,-16.2508,57.3168,-11.3435,48.4387,-14.8564,56.2438,-11.2263,48.4375,-15.3028,56.2283,-17.747,54.9849,-20.2768,54.8971,-20.2394,53.7643,-16.3977,53.8911,-14.8996,52.8247,-16.0868,52.7974,-16.0763,51.7149,-15.0076,51.7255,-16.7409,50.596,-20.2096,50.6065,-17.9202,49.6159,-16.2438,49.5981,-15.1616,48.4785,-15.1085,48.478,
-12.9205,52.0396,197.49
-6.33947,59.9111,-6.30362,58.803,-6.26421,57.6614,-9.0564,57.5651,-11.1842,56.3713,-11.3769,56.3646,-9.53703,55.2698,-6.18524,55.3862,-6.14706,54.2294,-6.11907,53.0264,-6.1065,51.8132,-20.4338,59.5107,-6.10968,50.5639,-20.3963,58.3478,-6.12089,49.4904,-20.3558,57.1752,-9.51024,49.5265,-16.2508,57.3168,-11.3435,48.4387,-14.8564,56.2438,-11.2263,48.4375,-15.3028,56.2283,-9.17446,46.9455,-17.747,54.9849,-6.1424,46.9247,-20.2768,54.8971,-20.2394,53.7643,-16.3977,53.8911,-14.8996,52.8247,-16.0868,52.7974,-16.0763,51.7149,-15.0076,51.7255,-16.7409,50.596,-20.2096,50.6065,-17.9202,49.6159,-16.2438,49.5981,-15.1616,48.4785,-15.1085,48.478,-17.3874,47.0019,-20.3421,47.0222,
-12.9653,50.0435,199.487
-6.26421,57.6614,-9.0564,57.5651,-11.1842,56.3713,-11.3769,56.3646,-9.53703,55.2698,-6.18524,55.3862,-6.14706,54.2294,-6.11907,53.0264,-6.1065,51.8132,-6.10968,50.5639,-6.12089,49.4904,-20.3558,57.1752,-9.51024,49.5265,-16.2508,57.3168,-11.3435,48.4387,-14.8564,56.2438,-11.2263,48.4375,-15.3028,56.2283,-9.17446,46.9455,-17.747,54.9849,-6.1424,46.9247,-20.2768,54.8971,-6.14552,45.4976,-20.2394,53.7643,-6.14157,44.1749,-16.3977,53.8911,-14.8996,52.8247,-16.0868,52.7974,-16.0763,51.7149,-15.0076,51.7255,-16.7409,50.596,-20.2096,50.6065,-17.9202,49.6159,-16.2438,49.5981,-15.1616,48.4785,-15.1085,48.478,-17.3874,47.0019,-20.3421,47.0222,-20.3455,45.5294,-20.3415,44.1335,
-13.01,48.0474,201.483
-9.53703,55.2698,-6.18524,55.3862,-6.14706,54.2294,-6.11907,53.0264,-6.1065,51.8132,-6.10968,50.5639,-6.12089,49.4904,-9.51024,49.5265,-11.3435,48.4387,-11.2263,48.4375,-9.17446,46.9455,-17.747,54.9849,-6.1424,46.9247,-20.2768,54.8971,-6.14552,45.4976,-20.2394,53.7643,-6.14157,44.1749,-16.3977,53.8911,-6.13217,42.6886,-14.8996,52.8247,-16.0868,52.7974,-16.0763,51.7149,-15.0076,51.7255,-16.7409,50.596,-20.2096,50.6065,-17.9202,49.6159,-16.2438,49.5981,-15.1616,48.4785,-15.1085,48.478,-17.3874,47.0019,-20.3421,47.0222,-20.3455,45.5294,-20.3415,44.1335,-20.3319,42.5992,
-13.0547,46.0514,203.48
-6.14706,54.2294,-6.11907,53.0264,-6.1065,51.8132,-6.10968,50.5639,-6.12089,49.4904,-9.51024,49.5265,-11.3435,48.4387,-11.2263,48.4375,-9.17446,46.9455,-6.1424,46.9247,-6.14552,45.4976,-20.2394,53.7643,-6.14157,44.1749,-16.3977,53.8911,-6.13217,42.6886,-14.8996,52.8247,-6.12854,41.5975,-16.0868,52.7974,-7.93947,41.5915,-16.0763,51.7149,-10.8255,40.4719,-15.0076,51.7255,-10.7142,40.4715,-16.7409,50.596,-20.2096,50.6065,-17.9202,49.6159,-16.2438,49.5981,-15.1616,48.4785,-15.1085,48.478,-17.3874,47.0019,-20.3421,47.0222,-20.3455,45.5294,-20.3415,44.1335,-20.3319,42.5992,-20.3285,41.5506,-17.2963,41.5606,-15.0867,40.4846,-14.8875,40.484,
-13.0994,44.0553,205.476
-6.1065,51.8132,-6.10968,50.5639,-6.12089,49.4904,-9.51024,49.5265,-11.3435,48.4387,-11.2263,48.4375,-9.17446,46.9455,-6.1424,46.9247,-6.14552,45.4976,-6.14157,44.1749,-6.13217,42.6886,-6.12854,41.5975,-7.93947,41.5915,-16.0763,51.7149,-10.8255,40.4719,-15.0076,51.7255,-10.7142,40.4715,-16.7409,50.596,-10.2656,39.3289,-20.2096,50.6065,-10.3291,39.3293,-17.9202,49.6159,-16.2438,49.5981,-15.1616,48.4785,-15.1085,48.478,-17.3874,47.0019,-20.3421,47.0222,-20.3455,45.5294,-20.3415,44.1335,-20.3319,42.5992,-20.3285,41.5506,-17.2963,41.5606,-15.0867,40.4846,-14.8875,40.484,-16.5914,39.366,-20.3383,39.388,
-13.1442,42.0592,207.473
-6.12089,49.4904,-9.51024,49.5265,-11.3435,48.4387,-11.2263,48.4375,-9.17446,46.9455,-6.1424,46.9247,-6.14552,45.4976,-6.14157,44.1749,-6.13217,42.6886,-6.12854,41.5975,-7.93947,41.5915,-10.8255,40.4719,-10.7142,40.4715,-10.2656,39.3289,-10.3291,39.3293,-17.9202,49.6159,-7.77028,37.8437,-16.2438,49.5981,-6.15002,37.8311,-15.1616,48.4785,-6.16817,36.3754,-15.1085,48.478,-17.3874,47.0019,-20.3421,47.0222,-20.3455,45.5294,-20.3415,44.1335,-20.3319,42.5992,-20.3285,41.5506,-17.2963,41.5606,-15.0867,40.4846,-14.8875,40.484,-16.5914,39.366,-20.3383,39.388,-20.3496,37.9417,-20.3671,36.5532,
-13.1889,40.0632,209.47
-9.17446,46.9455,-6.1424,46.9247,-6.14552,45.4976,-6.14157,44.1749,-6.13217,42.6886,-6.12854,41.5975,-7.93947,41.5915,-10.8255,40.4719,-10.7142,40.4715,-10.2656,39.3289,-10.3291,39.3293,-7.77028,37.8437,-6.15002,37.8311,-6.16817,36.3754,-6.18682,35.258,-17.3874,47.0019,-6.20807,34.1798,-20.3421,47.0222,-20.3455,45.5294,-20.3415,44.1335,-20.3319,42.5992,-20.3285,41.5506,-17.2963,41.5606,-15.0867,40.4846,-14.8875,40.484,-16.5914,39.366,-20.3383,39.388,-20.3496,37.9417,-20.3671,36.5532,-20.3848,35.4958,-20.4053,34.46,
-13.2336,38.0671,211.466
-6.14552,45.4976,-6.14157,44.1749,-6.13217,42.6886,-6.12854,41.5975,-7.93947,41.5915,-10.8255,40.4719,-10.7142,40.4715,-10.2656,39.3289,-10.3291,39.3293,-7.77028,37.8437,-6.15002,37.8311,-6.16817,36.3754,-6.18682,35.258,-6.20807,34.1798,-6.23163,33.1397,-20.3455,45.5294,-9.84662,33.2217,-20.3415,44.1335,-20.3319,42.5992,-20.3285,41.5506,-17.2963,41.5606,-15.0867,40.4846,-14.8875,40.484,-16.5914,39.366,-20.3383,39.388,-20.3496,37.9417,-20.3671,36.5532,-20.3848,35.4958,-20.4053,34.46,-20.428,33.4617,-16.2532,33.367,
-13.2783,36.0711,213.463
-6.14157,44.1749,-6.13217,42.6886,-6.12854,41.5975,-7.93947,41.5915,-10.8255,40.4719,-10.7142,40.4715,-10.2656,39.3289,-10.3291,39.3293,-7.77028,37.8437,-6.15002,37.8311,-6.16817,36.3754,-6.18682,35.258,-6.20807,34.1798,-6.23163,33.1397,-9.84662,33.2217,-20.3415,44.1335,-11.5943,31.7589,-20.3319,42.5992,-10.7948,31.7388,-20.3285,41.5506,-7.35384,30.2737,-17.2963,41.5606,-6.30576,30.2463,-15.0867,40.4846,-14.8875,40.484,-16.5914,39.366,-20.3383,39.388,-20.3496,37.9417,-20.3671,36.5532,-20.3848,35.4958,-20.4053,34.46,-20.428,33.4617,-16.2532,33.367,-14.9032,31.8421,-15.562,31.8586,-18.6906,30.5705,-20.5009,30.6179,
-13.323,34.075,215.459
-6.12854,41.5975,-7.93947,41.5915,-10.8255,40.4719,-10.7142,40.4715,-10.2656,39.3289,-10.3291,39.3293,-7.77028,37.8437,-6.15002,37.8311,-6.16817,36.3754,-6.18682,35.258,-6.20807,34.1798,-6.23163,33.1397,-9.84662,33.2217,-11.5943,31.7589,-10.7948,31.7388,-20.3285,41.5506,-7.35384,30.2737,-17.2963,41.5606,-6.30576,30.2463,-15.0867,40.4846,-6.34247,28.8828,-14.8875,40.484,-16.5914,39.366,-20.3383,39.388,-20.3496,37.9417,-20.3671,36.5532,-20.3848,35.4958,-20.4053,34.46,-20.428,33.4617,-16.2532,33.367,-14.9032,31.8421,-15.562,31.8586,-18.6906,30.5705,-20.5009,30.6179,-20.5373,29.2649,
-13.3678,32.0789,217.456
-10.2656,39.3289,-10.3291,39.3293,-7.77028,37.8437,-6.15002,37.8311,-6.16817,36.3754,-6.18682,35.258,-6.20807,34.1798,-6.23163,33.1397,-9.84662,33.2217,-11.5943,31.7589,-10.7948,31.7388,-7.35384,30.2737,-6.30576,30.2463,-6.34247,28.8828,-6.37698,27.5777,-16.5914,39.366,-6.4346,26.3437,-20.3383,39.388,-7.10102,26.3757,-20.3496,37.9417,-20.3671,36.5532,-20.3848,35.4958,-20.4053,34.46,-20.428,33.4617,-16.2532,33.367,-14.9032,31.8421,-15.562,31.8586,-18.6906,30.5705,-20.5009,30.6179,-20.5373,29.2649,-20.572,27.953,-17.5218,26.8762,
-13.4125,30.0829,219.452
-7.77028,37.8437,-6.15002,37.8311,-6.16817,36.3754,-6.18682,35.258,-6.20807,34.1798,-6.23163,33.1397,-9.84662,33.2217,-11.5943,31.7589,-10.7948,31.7388,-7.35384,30.2737,-6.30576,30.2463,-6.34247,28.8828,-6.37698,27.5777,-6.4346,26.3437,-7.10102,26.3757,-20.3496,37.9417,-10.2405,25.0335,-20.3671,36.5532,-11.2114,25.1785,-20.3848,35.4958,-10.0838,22.879,-20.4053,34.46,-7.43748,21.9467,-20.428,33.4617,-16.2532,33.367,-14.9032,31.8421,-15.562,31.8586,-18.6906,30.5705,-20.5009,30.6179,-20.5373,29.2649,-20.572,27.953,-17.5218,26.8762,-17.652,26.1405,-17.9068,25.635,-16.0941,24.9964,
-13.4664,28.0787,221.457
-6.18682,35.258,-6.20807,34.1798,-6.23163,33.1397,-9.84662,33.2217,-11.5943,31.7589,-10.7948,31.7388,-7.35384,30.2737,-6.30576,30.2463,-6.34247,28.8828,-6.37698,27.5777,-6.4346,26.3437,-7.10102,26.3757,-10.2405,25.0335,-11.2114,25.1785,-20.3848,35.4958,-10.0838,22.879,-20.4053,34.46,-7.43748,21.9467,-20.428,33.4617,-8.62288,19.9087,-16.2532,33.367,-14.9032,31.8421,-15.562,31.8586,-18.6906,30.5705,-20.5009,30.6179,-20.5373,29.2649,-20.572,27.953,-17.5218,26.8762,-17.652,26.1405,-17.9068,25.635,-16.0941,24.9964,-15.6108,24.2291,-15.5923,24.2177,
-13.5933,26.0791,223.461
-6.23163,33.1397,-9.84662,33.2217,-11.5943,31.7589,-10.7948,31.7388,-7.35384,30.2737,-6.30576,30.2463,-6.34247,28.8828,-6.37698,27.5777,-6.4346,26.3437,-7.10102,26.3757,-10.2405,25.0335,-11.2114,25.1785,-10.0838,22.879,-7.43748,21.9467,-20.428,33.4617,-8.62288,19.9087,-16.2532,33.367,-10.3581,17.7485,-14.9032,31.8421,-12.5213,16.1516,-15.562,31.8586,-18.6906,30.5705,-20.5009,30.6179,-20.5373,29.2649,-20.572,27.953,-17.5218,26.8762,-17.652,26.1405,-17.9068,25.635,-16.0941,24.9964,-15.6108,24.2291,-15.5923,24.2177,-16.2892,23.5461,-16.4522,23.7054,-17.9931,24.7708,-18.4704,25.5227,
-14.2037,24.1798,225.456
-11.5943,31.7589,-10.7948,31.7388,-7.35384,30.2737,-6.30576,30.2463,-6.34247,28.8828,-6.37698,27.5777,-6.4346,26.3437,-7.10102,26.3757,-10.2405,25.0335,-11.2114,25.1785,-10.0838,22.879,-7.43748,21.9467,-8.62288,19.9087,-10.3581,17.7485,-14.9032,31.8421,-12.5213,16.1516,-15.562,31.8586,-14.9744,15.0496,-18.6906,30.5705,-15.4463,16.2531,-20.5009,30.6179,-17.905,17.5994,-20.5373,29.2649,-17.8147,17.1458,-20.572,27.953,-17.5218,26.8762,-17.652,26.1405,-17.9068,25.635,-16.0941,24.9964,-15.6108,24.2291,-15.5923,24.2177,-16.2892,23.5461,-16.4522,23.7054,-17.9931,24.7708,-18.4704,25.5227,-19.0266,25.3835,-19.4504,25.363,
-15.4961,22.6681,227.445
-6.34247,28.8828,-6.37698,27.5777,-6.4346,26.3437,-7.10102,26.3757,-10.2405,25.0335,-11.2114,25.1785,-10.0838,22.879,-7.43748,21.9467,-8.62288,19.9087,-10.3581,17.7485,-12.5213,16.1516,-14.9744,15.0496,-15.4463,16.2531,-17.905,17.5994,-20.5373,29.2649,-17.8147,17.1458,-20.572,27.953,-19.5834,16.8839,-17.5218,26.8762,-19.5996,17.0874,-17.652,26.1405,-17.9068,25.635,-16.0941,24.9964,-15.6108,24.2291,-15.5923,24.2177,-16.2892,23.5461,-16.4522,23.7054,-17.9931,24.7708,-18.4704,25.5227,-19.0266,25.3835,-19.4504,25.363,-20.4967,28.4175,
-17.2689,21.7517,229.44
-6.37698,27.5777,-6.4346,26.3437,-7.10102,26.3757,-10.2405,25.0335,-11.2114,25.1785,-10.0838,22.879,-7.43748,21.9467,-8.62288,19.9087,-10.3581,17.7485,-12.5213,16.1516,-14.9744,15.0496,-15.4463,16.2531,-17.905,17.5994,-17.8147,17.1458,-20.572,27.953,-19.5834,16.8839,-17.5218,26.8762,-19.5996,17.0874,-17.652,26.1405,-21.1146,17.1252,-17.9068,25.635,-21.1159,17.1721,-16.0941,24.9964,-22.4747,17.3102,-15.6108,24.2291,-22.4636,16.8284,-15.5923,24.2177,-16.2892,23.5461,-16.4522,23.7054,-17.9931,24.7708,-18.4704,25.5227,-19.0266,25.3835,-19.4504,25.363,-20.4967,28.4175,-21.4317,28.4004,-21.3471,25.3933,-22.611,23.235,-22.6068,23.0532,
-19.2343,21.3827,231.44
-10.2405,25.0335,-11.2114,25.1785,-10.0838,22.879,-7.43748,21.9467,-8.62288,19.9087,-10.3581,17.7485,-12.5213,16.1516,-14.9744,15.0496,-15.4463,16.2531,-17.905,17.5994,-17.8147,17.1458,-19.5834,16.8839,-19.5996,17.0874,-17.652,26.1405,-21.1146,17.1252,-17.9068,25.635,-21.1159,17.1721,-16.0941,24.9964,-22.4747,17.3102,-15.6108,24.2291,-22.4636,16.8284,-15.5923,24.2177,-23.7548,17.2899,-16.2892,23.5461,-23.7537,17.243,-16.4522,23.7054,-24.9896,17.2153,-17.9931,24.7708,-18.4704,25.5227,-19.0266,25.3835,-19.4504,25.363,-20.4967,28.4175,-21.4317,28.4004,-21.3471,25.3933,-22.611,23.235,-22.6068,23.0532,-23.9331,24.7488,-24.0189,28.3398,-25.2383,28.3125,
-21.2373,21.3031,233.445
-8.62288,19.9087,-10.3581,17.7485,-12.5213,16.1516,-14.9744,15.0496,-15.4463,16.2531,-17.905,17.5994,-17.8147,17.1458,-19.5834,16.8839,-19.5996,17.0874,-21.1146,17.1252,-21.1159,17.1721,-22.4747,17.3102,-15.6108,24.2291,-22.4636,16.8284,-15.5923,24.2177,-23.7548,17.2899,-16.2892,23.5461,-23.7537,17.243,-16.4522,23.7054,-24.9896,17.2153,-17.9931,24.7708,-25.4491,17.2111,-18.4704,25.5227,-26.8589,17.285,-19.0266,25.3835,-26.8177,17.9869,-19.4504,25.363,-20.4967,28.4175,-21.4317,28.4004,-21.3471,25.3933,-22.611,23.235,-22.6068,23.0532,-23.9331,24.7488,-24.0189,28.3398,-25.2383,28.3125,-25.5403,28.3108,-26.2083,28.3659,
-23.2416,21.2567,235.45
-10.3581,17.7485,-12.5213,16.1516,-14.9744,15.0496,-15.4463,16.2531,-17.905,17.5994,-17.8147,17.1458,-19.5834,16.8839,-19.5996,17.0874,-21.1146,17.1252,-21.1159,17.1721,-22.4747,17.3102,-22.4636,16.8284,-23.7548,17.2899,-16.2892,23.5461,-23.7537,17.243,-16.4522,23.7054,-24.9896,17.2153,-17.9931,24.7708,-25.4491,17.2111,-18.4704,25.5227,-26.8589,17.285,-19.0266,25.3835,-26.8177,17.9869,-19.4504,25.363,-28.8808,15.9869,-20.4967,28.4175,-29.2124,14.5962,-21.4317,28.4004,-31.5716,15.675,-21.3471,25.3933,-22.611,23.235,-22.6068,23.0532,-23.9331,24.7488,-24.0189,28.3398,-25.2383,28.3125,-25.5403,28.3108,-26.2083,28.3659,-26.6374,25.3934,-26.757,24.8918,-27.434,24.0318,-27.418,24.064,
-25.246,21.2129,237.454
-14.9744,15.0496,-15.4463,16.2531,-17.905,17.5994,-17.8147,17.1458,-19.5834,16.8839,-19.5996,17.0874,-21.1146,17.1252,-21.1159,17.1721,-22.4747,17.3102,-22.4636,16.8284,-23.7548,17.2899,-23.7537,17.243,-24.9896,17.2153,-25.4491,17.2111,-26.8589,17.285,-19.0266,25.3835,-26.8177,17.9869,-19.4504,25.363,-28.8808,15.9869,-20.4967,28.4175,-29.2124,14.5962,-21.4317,28.4004,-31.5716,15.675,-21.3471,25.3933,-33.9542,17.4419,-22.611,23.235,-35.721,19.6053,-22.6068,23.0532,-23.9331,24.7488,-24.0189,28.3398,-25.2383,28.3125,-25.5403,28.3108,-26.2083,28.3659,-26.6374,25.3934,-26.757,24.8918,-27.434,24.0318,-27.418,24.064,-28.325,23.9375,-28.3639,23.8925,-28.5213,24.6053,-28.7066,24.4766,
-27.2359,21.3994,239.453
-19.5834,16.8839,-19.5996,17.0874,-21.1146,17.1252,-21.1159,17.1721,-22.4747,17.3102,-22.4636,16.8284,-23.7548,17.2899,-23.7537,17.243,-24.9896,17.2153,-25.4491,17.2111,-26.8589,17.285,-26.8177,17.9869,-28.8808,15.9869,-20.4967,28.4175,-29.2124,14.5962,-21.4317,28.4004,-31.5716,15.675,-21.3471,25.3933,-33.9542,17.4419,-22.611,23.235,-35.721,19.6053,-22.6068,23.0532,-36.9277,21.8714,-23.9331,24.7488,-35.3624,22.4974,-24.0189,28.3398,-33.0968,25.2267,-25.2383,28.3125,-33.0524,25.2346,-25.5403,28.3108,-26.2083,28.3659,-26.6374,25.3934,-26.757,24.8918,-27.434,24.0318,-27.418,24.064,-28.325,23.9375,-28.3639,23.8925,-28.5213,24.6053,-28.7066,24.4766,-27.9025,25.4808,-26.6213,25.9932,-26.6077,26.3864,
-28.9806,22.3489,241.439
-21.1146,17.1252,-21.1159,17.1721,-22.4747,17.3102,-22.4636,16.8284,-23.7548,17.2899,-23.7537,17.243,-24.9896,17.2153,-25.4491,17.2111,-26.8589,17.285,-26.8177,17.9869,-28.8808,15.9869,-29.2124,14.5962,-21.4317,28.4004,-31.5716,15.675,-21.3471,25.3933,-33.9542,17.4419,-22.611,23.235,-35.721,19.6053,-22.6068,23.0532,-36.9277,21.8714,-23.9331,24.7488,-35.3624,22.4974,-24.0189,28.3398,-33.0968,25.2267,-25.2383,28.3125,-33.0524,25.2346,-25.5403,28.3108,-35.8855,26.4743,-26.2083,28.3659,-37.6937,26.3754,-26.6374,25.3934,-26.757,24.8918,-27.434,24.0318,-27.418,24.064,-28.325,23.9375,-28.3639,23.8925,-28.5213,24.6053,-28.7066,24.4766,-27.9025,25.4808,-26.6213,25.9932,-26.6077,26.3864,-23.5149,27.1507,
-30.1425,23.9613,243.427
-23.7548,17.2899,-23.7537,17.243,-24.9896,17.2153,-25.4491,17.2111,-26.8589,17.285,-26.8177,17.9869,-28.8808,15.9869,-29.2124,14.5962,-31.5716,15.675,-33.9542,17.4419,-35.721,19.6053,-36.9277,21.8714,-23.9331,24.7488,-35.3624,22.4974,-24.0189,28.3398,-33.0968,25.2267,-25.2383,28.3125,-33.0524,25.2346,-25.5403,28.3108,-35.8855,26.4743,-26.2083,28.3659,-37.6937,26.3754,-26.6374,25.3934,-37.7042,27.7962,-26.757,24.8918,-37.6957,28.9319,-27.434,24.0318,-27.418,24.064,-28.325,23.9375,-28.3639,23.8925,-28.5213,24.6053,-28.7066,24.4766,-27.9025,25.4808,-26.6213,25.9932,-26.6077,26.3864,-23.5149,27.1507,-23.5042,27.794,-23.4961,28.823,
-30.5639,25.9123,245.423
-25.4491,17.2111,-26.8589,17.285,-26.8177,17.9869,-28.8808,15.9869,-29.2124,14.5962,-31.5716,15.675,-33.9542,17.4419,-35.721,19.6053,-36.9277,21.8714,-35.3624,22.4974,-33.0968,25.2267,-33.0524,25.2346,-25.5403,28.3108,-35.8855,26.4743,-26.2083,28.3659,-37.6937,26.3754,-26.6374,25.3934,-37.7042,27.7962,-26.757,24.8918,-37.6957,28.9319,-27.434,24.0318,-37.687,30.0342,-27.418,24.064,-37.6868,31.0127,-28.325,23.9375,-37.1567,31.0125,-28.3639,23.8925,-28.5213,24.6053,-28.7066,24.4766,-27.9025,25.4808,-26.6213,25.9932,-26.6077,26.3864,-23.5149,27.1507,-23.5042,27.794,-23.4961,28.823,-23.4874,29.9221,-23.4868,31.0077,-26.6321,31.0088,
-30.6031,27.916,247.427
-28.8808,15.9869,-29.2124,14.5962,-31.5716,15.675,-33.9542,17.4419,-35.721,19.6053,-36.9277,21.8714,-35.3624,22.4974,-33.0968,25.2267,-33.0524,25.2346,-35.8855,26.4743,-37.6937,26.3754,-26.6374,25.3934,-37.7042,27.7962,-26.757,24.8918,-37.6957,28.9319,-27.434,24.0318,-37.687,30.0342,-27.418,24.064,-37.6868,31.0127,-28.325,23.9375,-37.1567,31.0125,-28.3639,23.8925,-34.6007,32.3426,-28.5213,24.6053,-34.6297,32.3426,-28.7066,24.4766,-34.3783,33.3025,-27.9025,25.4808,-34.6126,33.2966,-26.6213,25.9932,-26.6077,26.3864,-23.5149,27.1507,-23.5042,27.794,-23.4961,28.823,-23.4874,29.9221,-23.4868,31.0077,-26.6321,31.0088,-28.8609,32.3455,-29.1422,32.3453,-27.8038,33.4674,-23.5161,33.5749,
-30.5873,29.9208,249.432
-33.9542,17.4419,-35.721,19.6053,-36.9277,21.8714,-35.3624,22.4974,-33.0968,25.2267,-33.0524,25.2346,-35.8855,26.4743,-37.6937,26.3754,-37.7042,27.7962,-37.6957,28.9319,-37.687,30.0342,-37.6868,31.0127,-28.325,23.9375,-37.1567,31.0125,-28.3639,23.8925,-34.6007,32.3426,-28.5213,24.6053,-34.6297,32.3426,-28.7066,24.4766,-34.3783,33.3025,-27.9025,25.4808,-34.6126,33.2966,-26.6213,25.9932,-37.7432,34.3428,-26.6077,26.3864,-23.5149,27.1507,-23.5042,27.794,-23.4961,28.823,-23.4874,29.9221,-23.4868,31.0077,-26.6321,31.0088,-28.8609,32.3455,-29.1422,32.3453,-27.8038,33.4674,-23.5161,33.5749,-23.5488,34.7407,
-30.5975,31.6391,251.15
-35.721,19.6053,-36.9277,21.8714,-35.3624,22.4974,-33.0968,25.2267,-33.0524,25.2346,-35.8855,26.4743,-37.6937,26.3754,-37.7042,27.7962,-37.6957,28.9319,-37.687,30.0342,-37.6868,31.0127,-37.1567,31.0125,-34.6007,32.3426,-28.5213,24.6053,-34.6297,32.3426,-28.7066,24.4766,-34.3783,33.3025,-27.9025,25.4808,-34.6126,33.2966,-26.6213,25.9932,-37.7432,34.3428,-26.6077,26.3864,-37.7604,35.4835,-23.5149,27.1507,-37.7637,36.5753,-23.5042,27.794,-23.4961,28.823,-23.4874,29.9221,-23.4868,31.0077,-26.6321,31.0088,-28.8609,32.3455,-29.1422,32.3453,-27.8038,33.4674,-23.5161,33.5749,-23.5488,34.7407,-23.5619,35.6898,-23.5638,36.6117,
-30.6076,33.3574,252.868
-33.0968,25.2267,-33.0524,25.2346,-35.8855,26.4743,-37.6937,26.3754,-37.7042,27.7962,-37.6957,28.9319,-37.687,30.0342,-37.6868,31.0127,-37.1567,31.0125,-34.6007,32.3426,-34.6297,32.3426,-34.3783,33.3025,-34.6126,33.2966,-37.7432,34.3428,-26.6077,26.3864,-37.7604,35.4835,-23.5149,27.1507,-37.7637,36.5753,-23.5042,27.794,-37.7657,37.837,-23.4961,28.823,-23.4874,29.9221,-23.4868,31.0077,-26.6321,31.0088,-28.8609,32.3455,-29.1422,32.3453,-27.8038,33.4674,-23.5161,33.5749,-23.5488,34.7407,-23.5619,35.6898,-23.5638,36.6117,-23.5657,37.8591,
-30.6177,35.0757,254.587
-35.8855,26.4743,-37.6937,26.3754,-37.7042,27.7962,-37.6957,28.9319,-37.687,30.0342,-37.6868,31.0127,-37.1567,31.0125,-34.6007,32.3426,-34.6297,32.3426,-34.3783,33.3025,-34.6126,33.2966,-37.7432,34.3428,-37.7604,35.4835,-23.5149,27.1507,-37.7637,36.5753,-23.5042,27.794,-37.7657,37.837,-23.4961,28.823,-37.7685,39.1075,-23.4874,29.9221,-37.7705,40.3715,-23.4868,31.0077,-34.6252,40.3764,-26.6321,31.0088,-28.8609,32.3455,-29.1422,32.3453,-27.8038,33.4674,-23.5161,33.5749,-23.5488,34.7407,-23.5619,35.6898,-23.5638,36.6117,-23.5657,37.8591,-23.5686,39.1396,-24.9983,39.1363,-28.2924,40.3862,-28.9832,40.3851,
-30.6279,36.794,256.305
-37.6957,28.9319,-37.687,30.0342,-37.6868,31.0127,-37.1567,31.0125,-34.6007,32.3426,-34.6297,32.3426,-34.3783,33.3025,-34.6126,33.2966,-37.7432,34.3428,-37.7604,35.4835,-37.7637,36.5753,-37.7657,37.837,-23.4961,28.823,-37.7685,39.1075,-23.4874,29.9221,-37.7705,40.3715,-23.4868,31.0077,-34.6252,40.3764,-26.6321,31.0088,-34.6234,41.6276,-28.8609,32.3455,-37.7687,41.6321,-29.1422,32.3453,-27.8038,33.4674,-23.5161,33.5749,-23.5488,34.7407,-23.5619,35.6898,-23.5638,36.6117,-23.5657,37.8591,-23.5686,39.1396,-24.9983,39.1363,-28.2924,40.3862,-28.9832,40.3851,-27.3395,41.617,-23.5687,41.6115,
-30.638,38.5123,258.023
-37.6868,31.0127,-37.1567,31.0125,-34.6007,32.3426,-34.6297,32.3426,-34.3783,33.3025,-34.6126,33.2966,-37.7432,34.3428,-37.7604,35.4835,-37.7637,36.5753,-37.7657,37.837,-37.7685,39.1075,-37.7705,40.3715,-23.4868,31.0077,-34.6252,40.3764,-26.6321,31.0088,-34.6234,41.6276,-28.8609,32.3455,-37.7687,41.6321,-29.1422,32.3453,-27.8038,33.4674,-23.5161,33.5749,-23.5488,34.7407,-23.5619,35.6898,-23.5638,36.6117,-23.5657,37.8591,-23.5686,39.1396,-24.9983,39.1363,-28.2924,40.3862,-28.9832,40.3851,-27.3395,41.617,-23.5687,41.6115,
-30.6481,40.2306,259.742
