145.319,22.1763,144.74,7.98817,145.261,20.7478,146.045,7.93482,146.482,18.629,147.093,7.89442,146.51,19.3224,148.387,7.8481,147.528,19.1861,149.422,7.81341,147.525,19.1153,149.54,11.338,148.789,19.0701,150.82,13.1554,148.791,19.141,150.818,13.1023,149.794,18.9133,149.786,18.6683,151.001,18.987,151.001,18.987,
147.045,15.0013,0
145.319,22.1763,144.74,7.98817,145.261,20.7478,146.045,7.93482,146.482,18.629,147.093,7.89442,146.51,19.3224,148.387,7.8481,147.528,19.1861,149.422,7.81341,147.525,19.1153,149.54,11.338,148.789,19.0701,150.82,13.1554,148.791,19.141,150.818,13.1023,149.794,18.9133,152.085,11.0712,149.786,18.6683,151.989,7.73666,151.001,18.987,152.996,7.70761,151.001,18.987,153.149,13.0131,152.379,21.2638,152.398,21.9308,153.405,21.9017,153.352,20.0379,
149.06,14.9293,2.0167
145.319,22.1763,144.74,7.98817,145.261,20.7478,146.045,7.93482,146.482,18.629,147.093,7.89442,146.51,19.3224,148.387,7.8481,147.528,19.1861,149.422,7.81341,147.525,19.1153,149.54,11.338,148.789,19.0701,150.82,13.1554,148.791,19.141,150.818,13.1023,149.794,18.9133,152.085,11.0712,149.786,18.6683,151.989,7.73666,151.001,18.987,152.996,7.70761,151.001,18.987,153.149,13.0131,152.379,21.2638,154.221,13.704,152.398,21.9308,154.211,13.421,153.405,21.9017,155.259,13.2946,153.352,20.0379,155.26,13.3093,154.354,17.572,154.377,18.2444,155.512,17.9931,155.507,17.9018,
151.076,14.8659,4.03339
145.319,22.1763,144.74,7.98817,145.261,20.7478,146.045,7.93482,146.482,18.629,147.093,7.89442,146.51,19.3224,148.387,7.8481,147.528,19.1861,149.422,7.81341,147.525,19.1153,149.54,11.338,148.789,19.0701,150.82,13.1554,148.791,19.141,150.818,13.1023,149.794,18.9133,152.085,11.0712,149.786,18.6683,151.989,7.73666,151.001,18.987,152.996,7.70761,151.001,18.987,153.149,13.0131,152.379,21.2638,154.221,13.704,152.398,21.9308,154.211,13.421,153.405,21.9017,155.259,13.2946,153.352,20.0379,155.26,13.3093,154.354,17.572,156.329,13.0883,154.377,18.2444,156.33,13.0985,155.512,17.9931,157.374,13.0523,155.507,17.9018,157.385,13.157,156.736,18.1717,156.73,18.1035,158.215,20.9016,158.069,19.5334,
153.092,14.8078,6.05009
146.045,7.93482,146.482,18.629,147.093,7.89442,146.51,19.3224,148.387,7.8481,147.528,19.1861,149.422,7.81341,147.525,19.1153,149.54,11.338,148.789,19.0701,150.82,13.1554,148.791,19.141,150.818,13.1023,149.794,18.9133,152.085,11.0712,149.786,18.6683,151.989,7.73666,151.001,18.987,152.996,7.70761,151.001,18.987,153.149,13.0131,152.379,21.2638,154.221,13.704,152.398,21.9308,154.211,13.421,153.405,21.9017,155.259,13.2946,153.352,20.0379,155.26,13.3093,154.354,17.572,156.329,13.0883,154.377,18.2444,156.33,13.0985,155.512,17.9931,157.374,13.0523,155.507,17.9018,157.385,13.157,156.736,18.1717,158.411,12.4616,156.73,18.1035,158.317,11.724,158.215,20.9016,159.47,11.5755,158.069,19.5334,159.463,11.5197,158.957,16.7393,159.015,17.1991,160.198,17.2255,160.231,17.4861,
155.106,14.7246,8.06669
148.387,7.8481,149.422,7.81341,149.54,11.338,148.789,19.0701,150.82,13.1554,148.791,19.141,150.818,13.1023,149.794,18.9133,152.085,11.0712,149.786,18.6683,151.989,7.73666,151.001,18.987,152.996,7.70761,151.001,18.987,153.149,13.0131,152.379,21.2638,154.221,13.704,152.398,21.9308,154.211,13.421,153.405,21.9017,155.259,13.2946,153.352,20.0379,155.26,13.3093,154.354,17.572,156.329,13.0883,154.377,18.2444,156.33,13.0985,155.512,17.9931,157.374,13.0523,155.507,17.9018,157.385,13.157,156.736,18.1717,158.411,12.4616,156.73,18.1035,158.317,11.724,158.215,20.9016,159.47,11.5755,158.069,19.5334,159.463,11.5197,158.957,16.7393,160.502,11.1026,159.015,17.1991,160.518,11.2349,160.198,17.2255,161.523,11.0247,160.231,17.4861,161.598,11.6562,161.315,17.6538,161.31,17.6109,162.31,17.5901,162.24,17.0063,
157.116,14.5532,10.0832
150.82,13.1554,150.818,13.1023,152.085,11.0712,151.989,7.73666,151.001,18.987,152.996,7.70761,151.001,18.987,153.149,13.0131,152.379,21.2638,154.221,13.704,152.398,21.9308,154.211,13.421,153.405,21.9017,155.259,13.2946,153.352,20.0379,155.26,13.3093,154.354,17.572,156.329,13.0883,154.377,18.2444,156.33,13.0985,155.512,17.9931,157.374,13.0523,155.507,17.9018,157.385,13.157,156.736,18.1717,158.411,12.4616,156.73,18.1035,158.317,11.724,158.215,20.9016,159.47,11.5755,158.069,19.5334,159.463,11.5197,158.957,16.7393,160.502,11.1026,159.015,17.1991,160.518,11.2349,160.198,17.2255,161.523,11.0247,160.231,17.4861,161.598,11.6562,161.315,17.6538,162.582,9.18713,161.31,17.6109,162.307,6.76626,162.31,17.5901,162.24,17.0063,163.748,19.455,163.909,20.8756,
159.117,14.3018,12.0998
152.085,11.0712,151.989,7.73666,152.996,7.70761,153.149,13.0131,152.379,21.2638,154.221,13.704,152.398,21.9308,154.211,13.421,153.405,21.9017,155.259,13.2946,153.352,20.0379,155.26,13.3093,154.354,17.572,156.329,13.0883,154.377,18.2444,156.33,13.0985,155.512,17.9931,157.374,13.0523,155.507,17.9018,157.385,13.157,156.736,18.1717,158.411,12.4616,156.73,18.1035,158.317,11.724,158.215,20.9016,159.47,11.5755,158.069,19.5334,159.463,11.5197,158.957,16.7393,160.502,11.1026,159.015,17.1991,160.518,11.2349,160.198,17.2255,161.523,11.0247,160.231,17.4861,161.598,11.6562,161.315,17.6538,162.582,9.18713,161.31,17.6109,162.307,6.76626,162.31,17.5901,163.448,6.65436,162.24,17.0063,164.583,6.56038,163.748,19.455,164.996,11.595,163.909,20.8756,164.716,19.6928,164.595,18.4536,165.393,16.4295,165.433,16.9131,
161.118,14.0514,14.1165
154.221,13.704,154.211,13.421,155.259,13.2946,155.26,13.3093,154.354,17.572,156.329,13.0883,154.377,18.2444,156.33,13.0985,155.512,17.9931,157.374,13.0523,155.507,17.9018,157.385,13.157,156.736,18.1717,158.411,12.4616,156.73,18.1035,158.317,11.724,158.215,20.9016,159.47,11.5755,158.069,19.5334,159.463,11.5197,158.957,16.7393,160.502,11.1026,159.015,17.1991,160.518,11.2349,160.198,17.2255,161.523,11.0247,160.231,17.4861,161.598,11.6562,161.315,17.6538,162.582,9.18713,161.31,17.6109,162.307,6.76626,162.31,17.5901,163.448,6.65436,162.24,17.0063,164.583,6.56038,163.748,19.455,164.996,11.595,163.909,20.8756,166.359,12.4529,164.716,19.6928,166.346,12.2547,164.595,18.4536,167.696,11.7885,165.393,16.4295,167.696,11.7803,165.433,16.9131,166.645,16.8341,166.65,16.9066,167.928,16.749,167.915,16.464,
163.121,13.8196,16.1332
156.329,13.0883,156.33,13.0985,157.374,13.0523,157.385,13.157,156.736,18.1717,158.411,12.4616,156.73,18.1035,158.317,11.724,158.215,20.9016,159.47,11.5755,158.069,19.5334,159.463,11.5197,158.957,16.7393,160.502,11.1026,159.015,17.1991,160.518,11.2349,160.198,17.2255,161.523,11.0247,160.231,17.4861,161.598,11.6562,161.315,17.6538,162.582,9.18713,161.31,17.6109,162.307,6.76626,162.31,17.5901,163.448,6.65436,162.24,17.0063,164.583,6.56038,163.748,19.455,164.996,11.595,163.909,20.8756,166.359,12.4529,164.716,19.6928,166.346,12.2547,164.595,18.4536,167.696,11.7885,165.393,16.4295,167.696,11.7803,165.433,16.9131,169.039,11.7434,166.645,16.8341,169.023,11.1666,166.65,16.9066,167.928,16.749,167.915,16.464,169.169,16.5164,169.176,16.7812,
165.13,13.6392,18.1498
158.411,12.4616,158.317,11.724,159.47,11.5755,159.463,11.5197,158.957,16.7393,160.502,11.1026,159.015,17.1991,160.518,11.2349,160.198,17.2255,161.523,11.0247,160.231,17.4861,161.598,11.6562,161.315,17.6538,162.582,9.18713,161.31,17.6109,162.307,6.76626,162.31,17.5901,163.448,6.65436,162.24,17.0063,164.583,6.56038,163.748,19.455,164.996,11.595,163.909,20.8756,166.359,12.4529,164.716,19.6928,166.346,12.2547,164.595,18.4536,167.696,11.7885,165.393,16.4295,167.696,11.7803,165.433,16.9131,169.039,11.7434,166.645,16.8341,169.023,11.1666,166.65,16.9066,170.119,10.4075,167.928,16.749,170.127,10.8177,167.915,16.464,171.208,11.4558,169.169,16.5164,171.213,11.6678,169.176,16.7812,170.246,16.6625,170.247,16.6962,171.317,16.575,171.317,16.5471,
167.142,13.5173,20.1665
160.502,11.1026,160.518,11.2349,161.523,11.0247,161.598,11.6562,161.315,17.6538,162.582,9.18713,161.31,17.6109,162.307,6.76626,162.31,17.5901,163.448,6.65436,162.24,17.0063,164.583,6.56038,163.748,19.455,164.996,11.595,163.909,20.8756,166.359,12.4529,164.716,19.6928,166.346,12.2547,164.595,18.4536,167.696,11.7885,165.393,16.4295,167.696,11.7803,165.433,16.9131,169.039,11.7434,166.645,16.8341,169.023,11.1666,166.65,16.9066,170.119,10.4075,167.928,16.749,170.127,10.8177,167.915,16.464,171.208,11.4558,169.169,16.5164,171.213,11.6678,169.176,16.7812,172.232,10.8409,170.246,16.6625,172.215,10.1872,170.247,16.6962,173.182,9.09814,171.317,16.575,173.158,8.35243,171.317,16.5471,172.384,16.6162,172.379,16.4276,173.523,19.7734,173.469,18.0646,
169.158,13.4536,22.1831
162.582,9.18713,162.307,6.76626,163.448,6.65436,164.583,6.56038,163.748,19.455,164.996,11.595,163.909,20.8756,166.359,12.4529,164.716,19.6928,166.346,12.2547,164.595,18.4536,167.696,11.7885,165.393,16.4295,167.696,11.7803,165.433,16.9131,169.039,11.7434,166.645,16.8341,169.023,11.1666,166.65,16.9066,170.119,10.4075,167.928,16.749,170.127,10.8177,167.915,16.464,171.208,11.4558,169.169,16.5164,171.213,11.6678,169.176,16.7812,172.232,10.8409,170.246,16.6625,172.215,10.1872,170.247,16.6962,173.182,9.09814,171.317,16.575,173.158,8.35243,171.317,16.5471,174.095,6.21416,172.384,16.6162,175.355,6.15409,172.379,16.4276,173.523,19.7734,173.469,18.0646,174.456,15.4649,174.485,16.2066,176.029,20.3381,
171.174,13.4118,24.1998
164.583,6.56038,164.996,11.595,166.359,12.4529,166.346,12.2547,167.696,11.7885,165.393,16.4295,167.696,11.7803,165.433,16.9131,169.039,11.7434,166.645,16.8341,169.023,11.1666,166.65,16.9066,170.119,10.4075,167.928,16.749,170.127,10.8177,167.915,16.464,171.208,11.4558,169.169,16.5164,171.213,11.6678,169.176,16.7812,172.232,10.8409,170.246,16.6625,172.215,10.1872,170.247,16.6962,173.182,9.09814,171.317,16.575,173.158,8.35243,171.317,16.5471,174.095,6.21416,172.384,16.6162,175.355,6.15409,172.379,16.4276,176.665,6.08076,173.523,19.7734,176.99,11.9036,173.469,18.0646,174.456,15.4649,174.485,16.2066,176.029,20.3381,177.456,20.2587,
173.19,13.3543,26.2165
166.359,12.4529,166.346,12.2547,167.696,11.7885,167.696,11.7803,169.039,11.7434,166.645,16.8341,169.023,11.1666,166.65,16.9066,170.119,10.4075,167.928,16.749,170.127,10.8177,167.915,16.464,171.208,11.4558,169.169,16.5164,171.213,11.6678,169.176,16.7812,172.232,10.8409,170.246,16.6625,172.215,10.1872,170.247,16.6962,173.182,9.09814,171.317,16.575,173.158,8.35243,171.317,16.5471,174.095,6.21416,172.384,16.6162,175.355,6.15409,172.379,16.4276,176.665,6.08076,173.523,19.7734,176.99,11.9036,173.469,18.0646,178.273,11.8212,174.456,15.4649,178.248,11.4289,174.485,16.2066,179.633,11.9461,176.029,20.3381,179.621,11.7849,177.456,20.2587,178.809,20.1721,178.643,17.5861,179.919,15.8196,179.917,15.7947,
175.205,13.2706,28.2332
169.039,11.7434,169.023,11.1666,170.119,10.4075,170.127,10.8177,171.208,11.4558,169.169,16.5164,171.213,11.6678,169.176,16.7812,172.232,10.8409,170.246,16.6625,172.215,10.1872,170.247,16.6962,173.182,9.09814,171.317,16.575,173.158,8.35243,171.317,16.5471,174.095,6.21416,172.384,16.6162,175.355,6.15409,172.379,16.4276,176.665,6.08076,173.523,19.7734,176.99,11.9036,173.469,18.0646,178.273,11.8212,174.456,15.4649,178.248,11.4289,174.485,16.2066,179.633,11.9461,176.029,20.3381,179.621,11.7849,177.456,20.2587,180.628,11.6477,178.809,20.1721,180.62,11.5572,178.643,17.5861,181.936,11.358,179.919,15.8196,181.93,11.2967,179.917,15.7947,181.112,17.3445,181.099,17.1902,182.315,15.2193,182.424,16.3241,
177.219,13.1601,30.2498
171.208,11.4558,171.213,11.6678,172.232,10.8409,172.215,10.1872,173.182,9.09814,171.317,16.575,173.158,8.35243,171.317,16.5471,174.095,6.21416,172.384,16.6162,175.355,6.15409,172.379,16.4276,176.665,6.08076,173.523,19.7734,176.99,11.9036,173.469,18.0646,178.273,11.8212,174.456,15.4649,178.248,11.4289,174.485,16.2066,179.633,11.9461,176.029,20.3381,179.621,11.7849,177.456,20.2587,180.628,11.6477,178.809,20.1721,180.62,11.5572,178.643,17.5861,181.936,11.358,179.919,15.8196,181.93,11.2967,179.917,15.7947,183.117,10.3627,181.112,17.3445,183.081,10.0397,181.099,17.1902,182.315,15.2193,182.424,16.3241,183.743,15.9857,183.725,15.8305,
179.231,13.0236,32.2665
172.232,10.8409,172.215,10.1872,173.182,9.09814,173.158,8.35243,174.095,6.21416,172.384,16.6162,175.355,6.15409,172.379,16.4276,176.665,6.08076,173.523,19.7734,176.99,11.9036,173.469,18.0646,178.273,11.8212,174.456,15.4649,178.248,11.4289,174.485,16.2066,179.633,11.9461,176.029,20.3381,179.621,11.7849,177.456,20.2587,180.628,11.6477,178.809,20.1721,180.62,11.5572,178.643,17.5861,181.936,11.358,179.919,15.8196,181.93,11.2967,179.917,15.7947,183.117,10.3627,181.112,17.3445,183.081,10.0397,181.099,17.1902,184.332,9.49573,182.315,15.2193,184.346,9.61799,182.424,16.3241,185.712,9.37528,183.743,15.9857,185.794,10.1276,183.725,15.8305,185.061,15.9484,185.071,16.0354,186.449,16.164,186.397,15.6825,
181.24,12.852,34.2832
174.095,6.21416,175.355,6.15409,176.665,6.08076,176.99,11.9036,178.273,11.8212,174.456,15.4649,178.248,11.4289,174.485,16.2066,179.633,11.9461,176.029,20.3381,179.621,11.7849,177.456,20.2587,180.628,11.6477,178.809,20.1721,180.62,11.5572,178.643,17.5861,181.936,11.358,179.919,15.8196,181.93,11.2967,179.917,15.7947,183.117,10.3627,181.112,17.3445,183.081,10.0397,181.099,17.1902,184.332,9.49573,182.315,15.2193,184.346,9.61799,182.424,16.3241,185.712,9.37528,183.743,15.9857,185.794,10.1276,183.725,15.8305,186.966,10.4708,185.061,15.9484,187.004,10.8383,185.071,16.0354,186.449,16.164,186.397,15.6825,187.733,17.8529,187.881,19.275,
183.245,12.6376,36.2998
176.665,6.08076,176.99,11.9036,178.273,11.8212,178.248,11.4289,179.633,11.9461,179.621,11.7849,177.456,20.2587,180.628,11.6477,178.809,20.1721,180.62,11.5572,178.643,17.5861,181.936,11.358,179.919,15.8196,181.93,11.2967,179.917,15.7947,183.117,10.3627,181.112,17.3445,183.081,10.0397,181.099,17.1902,184.332,9.49573,182.315,15.2193,184.346,9.61799,182.424,16.3241,185.712,9.37528,183.743,15.9857,185.794,10.1276,183.725,15.8305,186.966,10.4708,185.061,15.9484,187.004,10.8383,185.071,16.0354,188.108,10.9341,186.449,16.164,188.082,10.6712,186.397,15.6825,189.152,10.7141,187.733,17.8529,189.158,10.7763,187.881,19.275,188.716,16.9801,188.692,16.7489,189.687,16.1792,189.691,16.2222,
185.25,12.4128,38.3165
178.273,11.8212,178.248,11.4289,179.633,11.9461,179.621,11.7849,180.628,11.6477,178.809,20.1721,180.62,11.5572,178.643,17.5861,181.936,11.358,179.919,15.8196,181.93,11.2967,179.917,15.7947,183.117,10.3627,181.112,17.3445,183.081,10.0397,181.099,17.1902,184.332,9.49573,182.315,15.2193,184.346,9.61799,182.424,16.3241,185.712,9.37528,183.743,15.9857,185.794,10.1276,183.725,15.8305,186.966,10.4708,185.061,15.9484,187.004,10.8383,185.071,16.0354,188.108,10.9341,186.449,16.164,188.082,10.6712,186.397,15.6825,189.152,10.7141,187.733,17.8529,189.158,10.7763,187.881,19.275,190.159,10.5653,188.716,16.9801,190.149,10.4586,188.692,16.7489,191.257,10.3573,189.687,16.1792,191.261,10.408,189.691,16.2222,190.677,16.033,190.625,15.4844,191.795,16.2458,191.881,17.1829,
187.255,12.202,40.3332
180.628,11.6477,180.62,11.5572,181.936,11.358,181.93,11.2967,183.117,10.3627,181.112,17.3445,183.081,10.0397,181.099,17.1902,184.332,9.49573,182.315,15.2193,184.346,9.61799,182.424,16.3241,185.712,9.37528,183.743,15.9857,185.794,10.1276,183.725,15.8305,186.966,10.4708,185.061,15.9484,187.004,10.8383,185.071,16.0354,188.108,10.9341,186.449,16.164,188.082,10.6712,186.397,15.6825,189.152,10.7141,187.733,17.8529,189.158,10.7763,187.881,19.275,190.159,10.5653,188.716,16.9801,190.149,10.4586,188.692,16.7489,191.257,10.3573,189.687,16.1792,191.261,10.408,189.691,16.2222,192.321,10.0457,190.677,16.033,192.329,10.1391,190.625,15.4844,193.641,10.2038,191.795,16.2458,193.633,10.1023,191.881,17.1829,193.084,18.7843,192.91,16.7903,194.025,14.8097,194.102,15.7346,
189.262,12.0032,42.3499
183.117,10.3627,183.081,10.0397,184.332,9.49573,184.346,9.61799,185.712,9.37528,183.743,15.9857,185.794,10.1276,183.725,15.8305,186.966,10.4708,185.061,15.9484,187.004,10.8383,185.071,16.0354,188.108,10.9341,186.449,16.164,188.082,10.6712,186.397,15.6825,189.152,10.7141,187.733,17.8529,189.158,10.7763,187.881,19.275,190.159,10.5653,188.716,16.9801,190.149,10.4586,188.692,16.7489,191.257,10.3573,189.687,16.1792,191.261,10.408,189.691,16.2222,192.321,10.0457,190.677,16.033,192.329,10.1391,190.625,15.4844,193.641,10.2038,191.795,16.2458,193.633,10.1023,191.881,17.1829,194.723,10.0888,193.084,18.7843,194.716,9.99773,192.91,16.7903,195.732,10.0089,194.025,14.8097,195.745,10.1901,194.102,15.7346,195.154,15.556,195.139,15.3567,196.183,15.9924,196.192,16.1171,
191.27,11.8161,44.3666
184.332,9.49573,184.346,9.61799,185.712,9.37528,185.794,10.1276,186.966,10.4708,185.061,15.9484,187.004,10.8383,185.071,16.0354,188.108,10.9341,186.449,16.164,188.082,10.6712,186.397,15.6825,189.152,10.7141,187.733,17.8529,189.158,10.7763,187.881,19.275,190.159,10.5653,188.716,16.9801,190.149,10.4586,188.692,16.7489,191.257,10.3573,189.687,16.1792,191.261,10.408,189.691,16.2222,192.321,10.0457,190.677,16.033,192.329,10.1391,190.625,15.4844,193.641,10.2038,191.795,16.2458,193.633,10.1023,191.881,17.1829,194.723,10.0888,193.084,18.7843,194.716,9.99773,192.91,16.7903,195.732,10.0089,194.025,14.8097,195.745,10.1901,194.102,15.7346,196.982,9.84356,195.154,15.556,196.978,9.7783,195.139,15.3567,196.183,15.9924,196.192,16.1171,197.376,15.292,197.395,15.5414,
193.279,11.6428,46.3833
186.966,10.4708,187.004,10.8383,188.108,10.9341,188.082,10.6712,189.152,10.7141,187.733,17.8529,189.158,10.7763,187.881,19.275,190.159,10.5653,188.716,16.9801,190.149,10.4586,188.692,16.7489,191.257,10.3573,189.687,16.1792,191.261,10.408,189.691,16.2222,192.321,10.0457,190.677,16.033,192.329,10.1391,190.625,15.4844,193.641,10.2038,191.795,16.2458,193.633,10.1023,191.881,17.1829,194.723,10.0888,193.084,18.7843,194.716,9.99773,192.91,16.7903,195.732,10.0089,194.025,14.8097,195.745,10.1901,194.102,15.7346,196.982,9.84356,195.154,15.556,196.978,9.7783,195.139,15.3567,198.362,10.0315,196.183,15.9924,198.36,10.0066,196.192,16.1171,199.666,9.99052,197.376,15.292,199.664,9.95309,197.395,15.5414,198.711,15.1508,198.696,14.9248,199.987,15.2151,199.861,13.1564,
195.29,11.484,48.4
189.152,10.7141,189.158,10.7763,190.159,10.5653,190.149,10.4586,191.257,10.3573,189.687,16.1792,191.261,10.408,189.691,16.2222,192.321,10.0457,190.677,16.033,192.329,10.1391,190.625,15.4844,193.641,10.2038,191.795,16.2458,193.633,10.1023,191.881,17.1829,194.723,10.0888,193.084,18.7843,194.716,9.99773,192.91,16.7903,195.732,10.0089,194.025,14.8097,195.745,10.1901,194.102,15.7346,196.982,9.84356,195.154,15.556,196.978,9.7783,195.139,15.3567,198.362,10.0315,196.183,15.9924,198.36,10.0066,196.192,16.1171,199.666,9.99052,197.376,15.292,199.664,9.95309,197.395,15.5414,200.703,9.58646,198.711,15.1508,200.703,9.58646,198.696,14.9248,201.77,9.68052,199.987,15.2151,201.779,9.83653,199.861,13.1564,200.854,12.2071,200.866,12.4177,202.241,18.1503,201.94,12.7258,
197.301,11.3376,50.4167
191.257,10.3573,191.261,10.408,192.321,10.0457,192.329,10.1391,193.641,10.2038,191.795,16.2458,193.633,10.1023,191.881,17.1829,194.723,10.0888,193.084,18.7843,194.716,9.99773,192.91,16.7903,195.732,10.0089,194.025,14.8097,195.745,10.1901,194.102,15.7346,196.982,9.84356,195.154,15.556,196.978,9.7783,195.139,15.3567,198.362,10.0315,196.183,15.9924,198.36,10.0066,196.192,16.1171,199.666,9.99052,197.376,15.292,199.664,9.95309,197.395,15.5414,200.703,9.58646,198.711,15.1508,200.703,9.58646,198.696,14.9248,201.77,9.68052,199.987,15.2151,201.779,9.83653,199.861,13.1564,202.909,9.77296,200.854,12.2071,202.903,9.66376,200.866,12.4177,204.01,9.4643,202.241,18.1503,204.009,9.44246,201.94,12.7258,203.037,12.0506,203.062,12.4952,204.511,18.0199,
199.314,11.206,52.4334
192.321,10.0457,192.329,10.1391,193.641,10.2038,193.633,10.1023,194.723,10.0888,193.084,18.7843,194.716,9.99773,192.91,16.7903,195.732,10.0089,194.025,14.8097,195.745,10.1901,194.102,15.7346,196.982,9.84356,195.154,15.556,196.978,9.7783,195.139,15.3567,198.362,10.0315,196.183,15.9924,198.36,10.0066,196.192,16.1171,199.666,9.99052,197.376,15.292,199.664,9.95309,197.395,15.5414,200.703,9.58646,198.711,15.1508,200.703,9.58646,198.696,14.9248,201.77,9.68052,199.987,15.2151,201.779,9.83653,199.861,13.1564,202.909,9.77296,200.854,12.2071,202.903,9.66376,200.866,12.4177,204.01,9.4643,202.241,18.1503,204.009,9.44246,201.94,12.7258,205.079,9.37705,203.037,12.0506,205.076,9.33338,203.062,12.4952,206.155,9.26505,204.511,18.0199,206.159,9.33054,205.603,17.9532,206.619,16.5863,206.613,16.4881,
201.327,11.0902,54.4501
194.723,10.0888,194.716,9.99773,195.732,10.0089,195.745,10.1901,196.982,9.84356,195.154,15.556,196.978,9.7783,195.139,15.3567,198.362,10.0315,196.183,15.9924,198.36,10.0066,196.192,16.1171,199.666,9.99052,197.376,15.292,199.664,9.95309,197.395,15.5414,200.703,9.58646,198.711,15.1508,200.703,9.58646,198.696,14.9248,201.77,9.68052,199.987,15.2151,201.779,9.83653,199.861,13.1564,202.909,9.77296,200.854,12.2071,202.903,9.66376,200.866,12.4177,204.01,9.4643,202.241,18.1503,204.009,9.44246,201.94,12.7258,205.079,9.37705,203.037,12.0506,205.076,9.33338,203.062,12.4952,206.155,9.26505,204.511,18.0199,206.159,9.33054,205.603,17.9532,207.398,9.25225,206.619,16.5863,207.397,9.24065,206.613,16.4881,207.77,15.139,207.764,15.0469,
203.34,10.9767,56.4668
196.982,9.84356,196.978,9.7783,198.362,10.0315,198.36,10.0066,199.666,9.99052,197.376,15.292,199.664,9.95309,197.395,15.5414,200.703,9.58646,198.711,15.1508,200.703,9.58646,198.696,14.9248,201.77,9.68052,199.987,15.2151,201.779,9.83653,199.861,13.1564,202.909,9.77296,200.854,12.2071,202.903,9.66376,200.866,12.4177,204.01,9.4643,202.241,18.1503,204.009,9.44246,201.94,12.7258,205.079,9.37705,203.037,12.0506,205.076,9.33338,203.062,12.4952,206.155,9.26505,204.511,18.0199,206.159,9.33054,205.603,17.9532,207.398,9.25225,206.619,16.5863,207.397,9.24065,206.613,16.4881,208.748,9.08665,207.77,15.139,208.747,9.07495,207.764,15.0469,210.036,9.13348,209.088,14.4861,210.028,9.01127,209,13.0827,210.311,13.4356,210.31,13.4166,
205.353,10.8549,58.4835
198.362,10.0315,198.36,10.0066,199.666,9.99052,199.664,9.95309,200.703,9.58646,198.711,15.1508,200.703,9.58646,198.696,14.9248,201.77,9.68052,199.987,15.2151,201.779,9.83653,199.861,13.1564,202.909,9.77296,200.854,12.2071,202.903,9.66376,200.866,12.4177,204.01,9.4643,202.241,18.1503,204.009,9.44246,201.94,12.7258,205.079,9.37705,203.037,12.0506,205.076,9.33338,203.062,12.4952,206.155,9.26505,204.511,18.0199,206.159,9.33054,205.603,17.9532,207.398,9.25225,206.619,16.5863,207.397,9.24065,206.613,16.4881,208.748,9.08665,207.77,15.139,208.747,9.07495,207.764,15.0469,210.036,9.13348,209.088,14.4861,210.028,9.01127,209,13.0827,211.324,8.92309,210.311,13.4356,211.326,8.95174,210.31,13.4166,211.695,14.3797,211.606,13.0781,
207.366,10.7274,60.5002
200.703,9.58646,200.703,9.58646,201.77,9.68052,201.779,9.83653,202.909,9.77296,200.854,12.2071,202.903,9.66376,200.866,12.4177,204.01,9.4643,202.241,18.1503,204.009,9.44246,201.94,12.7258,205.079,9.37705,203.037,12.0506,205.076,9.33338,203.062,12.4952,206.155,9.26505,204.511,18.0199,206.159,9.33054,205.603,17.9532,207.398,9.25225,206.619,16.5863,207.397,9.24065,206.613,16.4881,208.748,9.08665,207.77,15.139,208.747,9.07495,207.764,15.0469,210.036,9.13348,209.088,14.4861,210.028,9.01127,209,13.0827,211.324,8.92309,210.311,13.4356,211.326,8.95174,210.31,13.4166,212.321,8.8782,211.695,14.3797,212.335,9.06519,211.606,13.0781,213.408,8.98113,212.577,12.3406,213.404,8.92505,212.725,14.3566,213.861,14.7656,213.605,11.4984,
209.379,10.6007,62.5169
202.909,9.77296,202.903,9.66376,204.01,9.4643,204.009,9.44246,205.079,9.37705,203.037,12.0506,205.076,9.33338,203.062,12.4952,206.155,9.26505,204.511,18.0199,206.159,9.33054,205.603,17.9532,207.398,9.25225,206.619,16.5863,207.397,9.24065,206.613,16.4881,208.748,9.08665,207.77,15.139,208.747,9.07495,207.764,15.0469,210.036,9.13348,209.088,14.4861,210.028,9.01127,209,13.0827,211.324,8.92309,210.311,13.4356,211.326,8.95174,210.31,13.4166,212.321,8.8782,211.695,14.3797,212.335,9.06519,211.606,13.0781,213.408,8.98113,212.577,12.3406,213.404,8.92505,212.725,14.3566,214.451,8.58657,213.861,14.7656,214.483,8.9916,213.605,11.4984,215.445,7.71839,214.678,11.5043,215.42,7.39173,214.9,14.3551,215.745,11.6006,215.743,11.5682,
211.391,10.4665,64.5336
205.079,9.37705,205.076,9.33338,206.155,9.26505,206.159,9.33054,205.603,17.9532,207.398,9.25225,206.619,16.5863,207.397,9.24065,206.613,16.4881,208.748,9.08665,207.77,15.139,208.747,9.07495,207.764,15.0469,210.036,9.13348,209.088,14.4861,210.028,9.01127,209,13.0827,211.324,8.92309,210.311,13.4356,211.326,8.95174,210.31,13.4166,212.321,8.8782,211.695,14.3797,212.335,9.06519,211.606,13.0781,213.408,8.98113,212.577,12.3406,213.404,8.92505,212.725,14.3566,214.451,8.58657,213.861,14.7656,214.483,8.9916,213.605,11.4984,215.445,7.71839,214.678,11.5043,215.42,7.39173,214.9,14.3551,216.595,8.74942,215.745,11.6006,216.594,8.73977,215.743,11.5682,217.573,7.18233,216.829,11.9208,217.667,8.51337,216.844,12.1312,217.884,11.5789,217.871,11.3977,
213.402,10.3138,66.5502
207.398,9.25225,207.397,9.24065,208.748,9.08665,207.77,15.139,208.747,9.07495,207.764,15.0469,210.036,9.13348,209.088,14.4861,210.028,9.01127,209,13.0827,211.324,8.92309,210.311,13.4356,211.326,8.95174,210.31,13.4166,212.321,8.8782,211.695,14.3797,212.335,9.06519,211.606,13.0781,213.408,8.98113,212.577,12.3406,213.404,8.92505,212.725,14.3566,214.451,8.58657,213.861,14.7656,214.483,8.9916,213.605,11.4984,215.445,7.71839,214.678,11.5043,215.42,7.39173,214.9,14.3551,216.595,8.74942,215.745,11.6006,216.594,8.73977,215.743,11.5682,217.573,7.18233,216.829,11.9208,217.667,8.51337,216.844,12.1312,218.792,8.87521,217.884,11.5789,218.78,8.70373,217.871,11.3977,219.861,8.63105,219.046,12.6073,219.859,8.59987,219.092,13.2744,220.083,11.933,220.076,11.8145,
215.413,10.1577,68.5669
208.748,9.08665,208.747,9.07495,210.036,9.13348,209.088,14.4861,210.028,9.01127,209,13.0827,211.324,8.92309,210.311,13.4356,211.326,8.95174,210.31,13.4166,212.321,8.8782,211.695,14.3797,212.335,9.06519,211.606,13.0781,213.408,8.98113,212.577,12.3406,213.404,8.92505,212.725,14.3566,214.451,8.58657,213.861,14.7656,214.483,8.9916,213.605,11.4984,215.445,7.71839,214.678,11.5043,215.42,7.39173,214.9,14.3551,216.595,8.74942,215.745,11.6006,216.594,8.73977,215.743,11.5682,217.573,7.18233,216.829,11.9208,217.667,8.51337,216.844,12.1312,218.792,8.87521,217.884,11.5789,218.78,8.70373,217.871,11.3977,219.861,8.63105,219.046,12.6073,219.859,8.59987,219.092,13.2744,220.958,8.62265,220.083,11.933,220.964,8.71005,220.076,11.8145,221.95,7.94777,221.193,12.1006,221.733,4.80554,221.248,12.9113,222.247,12.2612,222.233,12.0558,
217.424,10.0105,70.5836
211.324,8.92309,211.326,8.95174,212.321,8.8782,211.695,14.3797,212.335,9.06519,211.606,13.0781,213.408,8.98113,212.577,12.3406,213.404,8.92505,212.725,14.3566,214.451,8.58657,213.861,14.7656,214.483,8.9916,213.605,11.4984,215.445,7.71839,214.678,11.5043,215.42,7.39173,214.9,14.3551,216.595,8.74942,215.745,11.6006,216.594,8.73977,215.743,11.5682,217.573,7.18233,216.829,11.9208,217.667,8.51337,216.844,12.1312,218.792,8.87521,217.884,11.5789,218.78,8.70373,217.871,11.3977,219.861,8.63105,219.046,12.6073,219.859,8.59987,219.092,13.2744,220.958,8.62265,220.083,11.933,220.964,8.71005,220.076,11.8145,221.95,7.94777,221.193,12.1006,221.733,4.80554,221.248,12.9113,222.615,2.53821,222.247,12.2612,222.838,5.7174,222.233,12.0558,223.844,5.64578,223.49,14.9979,223.821,5.31303,223.609,16.7034,224.626,16.631,
219.436,9.8733,72.6003
213.408,8.98113,213.404,8.92505,214.451,8.58657,213.861,14.7656,214.483,8.9916,213.605,11.4984,215.445,7.71839,214.678,11.5043,215.42,7.39173,214.9,14.3551,216.595,8.74942,215.745,11.6006,216.594,8.73977,215.743,11.5682,217.573,7.18233,216.829,11.9208,217.667,8.51337,216.844,12.1312,218.792,8.87521,217.884,11.5789,218.78,8.70373,217.871,11.3977,219.861,8.63105,219.046,12.6073,219.859,8.59987,219.092,13.2744,220.958,8.62265,220.083,11.933,220.964,8.71005,220.076,11.8145,221.95,7.94777,221.193,12.1006,221.733,4.80554,221.248,12.9113,222.615,2.53821,222.247,12.2612,222.838,5.7174,222.233,12.0558,223.844,5.64578,223.49,14.9979,223.821,5.31303,223.609,16.7034,225.229,6.86543,224.626,16.631,225.207,6.55569,225.928,16.5369,225.894,16.0616,
221.448,9.73698,74.617
214.451,8.58657,214.483,8.9916,215.445,7.71839,214.678,11.5043,215.42,7.39173,214.9,14.3551,216.595,8.74942,215.745,11.6006,216.594,8.73977,215.743,11.5682,217.573,7.18233,216.829,11.9208,217.667,8.51337,216.844,12.1312,218.792,8.87521,217.884,11.5789,218.78,8.70373,217.871,11.3977,219.861,8.63105,219.046,12.6073,219.859,8.59987,219.092,13.2744,220.958,8.62265,220.083,11.933,220.964,8.71005,220.076,11.8145,221.95,7.94777,221.193,12.1006,221.733,4.80554,221.248,12.9113,222.615,2.53821,222.247,12.2612,222.838,5.7174,222.233,12.0558,223.844,5.64578,223.49,14.9979,223.821,5.31303,223.609,16.7034,225.229,6.86543,224.626,16.631,225.207,6.55569,225.928,16.5369,226.396,4.49263,225.894,16.0616,226.234,2.27658,227.033,13.2052,227.618,7.18412,227.033,13.2052,227.624,7.24945,228.065,12.9403,228.051,12.7596,
223.46,9.59609,76.6337
216.595,8.74942,216.594,8.73977,217.573,7.18233,216.829,11.9208,217.667,8.51337,216.844,12.1312,218.792,8.87521,217.884,11.5789,218.78,8.70373,217.871,11.3977,219.861,8.63105,219.046,12.6073,219.859,8.59987,219.092,13.2744,220.958,8.62265,220.083,11.933,220.964,8.71005,220.076,11.8145,221.95,7.94777,221.193,12.1006,221.733,4.80554,221.248,12.9113,222.615,2.53821,222.247,12.2612,222.838,5.7174,222.233,12.0558,223.844,5.64578,223.49,14.9979,223.821,5.31303,223.609,16.7034,225.229,6.86543,224.626,16.631,225.207,6.55569,225.928,16.5369,226.396,4.49263,225.894,16.0616,226.234,2.27658,227.033,13.2052,227.618,7.18412,227.033,13.2052,227.624,7.24945,228.065,12.9403,228.693,7.6249,228.051,12.7596,228.698,7.67976,229.209,13.3456,229.777,7.74582,229.256,13.8638,229.808,8.06853,230.282,12.9609,230.251,12.6452,
225.471,9.45134,78.6504
218.792,8.87521,218.78,8.70373,219.861,8.63105,219.046,12.6073,219.859,8.59987,219.092,13.2744,220.958,8.62265,220.083,11.933,220.964,8.71005,220.076,11.8145,221.95,7.94777,221.193,12.1006,221.733,4.80554,221.248,12.9113,222.615,2.53821,222.247,12.2612,222.838,5.7174,222.233,12.0558,223.844,5.64578,223.49,14.9979,223.821,5.31303,223.609,16.7034,225.229,6.86543,224.626,16.631,225.207,6.55569,225.928,16.5369,226.396,4.49263,225.894,16.0616,226.234,2.27658,227.033,13.2052,227.618,7.18412,227.033,13.2052,227.624,7.24945,228.065,12.9403,228.693,7.6249,228.051,12.7596,228.698,7.67976,229.209,13.3456,229.777,7.74582,229.256,13.8638,229.808,8.06853,230.282,12.9609,230.821,7.74776,230.251,12.6452,230.816,7.69442,231.288,12.3612,232.067,7.71582,231.296,12.4451,232.013,7.18903,232.59,12.7748,232.559,12.4764,
227.482,9.3028,80.6671
220.958,8.62265,220.964,8.71005,221.95,7.94777,221.193,12.1006,221.733,4.80554,221.248,12.9113,222.615,2.53821,222.247,12.2612,222.838,5.7174,222.233,12.0558,223.844,5.64578,223.49,14.9979,223.821,5.31303,223.609,16.7034,225.229,6.86543,224.626,16.631,225.207,6.55569,225.928,16.5369,226.396,4.49263,225.894,16.0616,226.234,2.27658,227.033,13.2052,227.618,7.18412,227.033,13.2052,227.624,7.24945,228.065,12.9403,228.693,7.6249,228.051,12.7596,228.698,7.67976,229.209,13.3456,229.777,7.74582,229.256,13.8638,229.808,8.06853,230.282,12.9609,230.821,7.74776,230.251,12.6452,230.816,7.69442,231.288,12.3612,232.067,7.71582,231.296,12.4451,232.013,7.18903,232.59,12.7748,233.076,7.68386,232.559,12.4764,233.069,7.60776,233.482,11.8031,234.171,6.19248,233.52,12.1918,234.029,4.65217,234.724,12.1795,234.717,12.0986,
229.491,9.11972,82.6838
222.615,2.53821,222.838,5.7174,223.844,5.64578,223.49,14.9979,223.821,5.31303,223.609,16.7034,225.229,6.86543,224.626,16.631,225.207,6.55569,225.928,16.5369,226.396,4.49263,225.894,16.0616,226.234,2.27658,227.033,13.2052,227.618,7.18412,227.033,13.2052,227.624,7.24945,228.065,12.9403,228.693,7.6249,228.051,12.7596,228.698,7.67976,229.209,13.3456,229.777,7.74582,229.256,13.8638,229.808,8.06853,230.282,12.9609,230.821,7.74776,230.251,12.6452,230.816,7.69442,231.288,12.3612,232.067,7.71582,231.296,12.4451,232.013,7.18903,232.59,12.7748,233.076,7.68386,232.559,12.4764,233.069,7.60776,233.482,11.8031,234.171,6.19248,233.52,12.1918,234.029,4.65217,234.724,12.1795,235.109,1.44738,234.717,12.0986,235.363,4.39112,236.002,11.7964,235.96,11.3131,
231.497,8.91656,84.7005
225.229,6.86543,225.207,6.55569,225.928,16.5369,226.396,4.49263,225.894,16.0616,226.234,2.27658,227.033,13.2052,227.618,7.18412,227.033,13.2052,227.624,7.24945,228.065,12.9403,228.693,7.6249,228.051,12.7596,228.698,7.67976,229.209,13.3456,229.777,7.74582,229.256,13.8638,229.808,8.06853,230.282,12.9609,230.821,7.74776,230.251,12.6452,230.816,7.69442,231.288,12.3612,232.067,7.71582,231.296,12.4451,232.013,7.18903,232.59,12.7748,233.076,7.68386,232.559,12.4764,233.069,7.60776,233.482,11.8031,234.171,6.19248,233.52,12.1918,234.029,4.65217,234.724,12.1795,235.109,1.44738,234.717,12.0986,235.363,4.39112,236.002,11.7964,236.595,6.87737,235.96,11.3131,236.58,6.68572,236.956,11.3073,237.911,6.72194,236.839,9.86437,237.91,6.71055,238.145,9.76405,238.151,9.84194,
233.504,8.71695,86.7172
226.396,4.49263,226.234,2.27658,227.033,13.2052,227.618,7.18412,227.033,13.2052,227.624,7.24945,228.065,12.9403,228.693,7.6249,228.051,12.7596,228.698,7.67976,229.209,13.3456,229.777,7.74582,229.256,13.8638,229.808,8.06853,230.282,12.9609,230.821,7.74776,230.251,12.6452,230.816,7.69442,231.288,12.3612,232.067,7.71582,231.296,12.4451,232.013,7.18903,232.59,12.7748,233.076,7.68386,232.559,12.4764,233.069,7.60776,233.482,11.8031,234.171,6.19248,233.52,12.1918,234.029,4.65217,234.724,12.1795,235.109,1.44738,234.717,12.0986,235.363,4.39112,236.002,11.7964,236.595,6.87737,235.96,11.3131,236.58,6.68572,236.956,11.3073,237.911,6.72194,236.839,9.86437,237.91,6.71055,238.145,9.76405,239.159,6.05731,238.151,9.84194,239.123,5.55391,239.423,9.75102,239.562,11.6992,
235.513,8.53845,88.7339
228.693,7.6249,228.698,7.67976,229.209,13.3456,229.777,7.74582,229.256,13.8638,229.808,8.06853,230.282,12.9609,230.821,7.74776,230.251,12.6452,230.816,7.69442,231.288,12.3612,232.067,7.71582,231.296,12.4451,232.013,7.18903,232.59,12.7748,233.076,7.68386,232.559,12.4764,233.069,7.60776,233.482,11.8031,234.171,6.19248,233.52,12.1918,234.029,4.65217,234.724,12.1795,235.109,1.44738,234.717,12.0986,235.363,4.39112,236.002,11.7964,236.595,6.87737,235.96,11.3131,236.58,6.68572,236.956,11.3073,237.911,6.72194,236.839,9.86437,237.91,6.71055,238.145,9.76405,239.159,6.05731,238.151,9.84194,239.123,5.55391,239.423,9.75102,240.12,1.07526,239.562,11.6992,241.404,0.988644,240.849,11.7097,240.843,11.6286,242.116,11.5428,242.028,10.2457,
237.523,8.37707,90.7506
230.821,7.74776,230.816,7.69442,231.288,12.3612,232.067,7.71582,231.296,12.4451,232.013,7.18903,232.59,12.7748,233.076,7.68386,232.559,12.4764,233.069,7.60776,233.482,11.8031,234.171,6.19248,233.52,12.1918,234.029,4.65217,234.724,12.1795,235.109,1.44738,234.717,12.0986,235.363,4.39112,236.002,11.7964,236.595,6.87737,235.96,11.3131,236.58,6.68572,236.956,11.3073,237.911,6.72194,236.839,9.86437,237.91,6.71055,238.145,9.76405,239.159,6.05731,238.151,9.84194,239.123,5.55391,239.423,9.75102,240.12,1.07526,239.562,11.6992,241.404,0.988644,240.849,11.7097,242.535,0.91446,240.843,11.6286,242.715,3.6726,242.116,11.5428,243.886,5.68016,242.028,10.2457,243.841,4.96287,243.142,10.1727,243.23,11.518,244.249,11.3556,244.253,11.4263,
239.534,8.23191,92.7672
233.076,7.68386,233.069,7.60776,233.482,11.8031,234.171,6.19248,233.52,12.1918,234.029,4.65217,234.724,12.1795,235.109,1.44738,234.717,12.0986,235.363,4.39112,236.002,11.7964,236.595,6.87737,235.96,11.3131,236.58,6.68572,236.956,11.3073,237.911,6.72194,236.839,9.86437,237.91,6.71055,238.145,9.76405,239.159,6.05731,238.151,9.84194,239.123,5.55391,239.423,9.75102,240.12,1.07526,239.562,11.6992,241.404,0.988644,240.849,11.7097,242.535,0.91446,240.843,11.6286,242.715,3.6726,242.116,11.5428,243.886,5.68016,242.028,10.2457,243.841,4.96287,243.142,10.1727,245.22,6.169,243.23,11.518,245.221,6.19395,244.249,11.3556,244.253,11.4263,245.528,11.147,245.521,11.0394,
241.547,8.09496,94.7839
235.109,1.44738,235.363,4.39112,236.002,11.7964,236.595,6.87737,235.96,11.3131,236.58,6.68572,236.956,11.3073,237.911,6.72194,236.839,9.86437,237.91,6.71055,238.145,9.76405,239.159,6.05731,238.151,9.84194,239.123,5.55391,239.423,9.75102,240.12,1.07526,239.562,11.6992,241.404,0.988644,240.849,11.7097,242.535,0.91446,240.843,11.6286,242.715,3.6726,242.116,11.5428,243.886,5.68016,242.028,10.2457,243.841,4.96287,243.142,10.1727,245.22,6.169,243.23,11.518,245.221,6.19395,244.249,11.3556,246.521,5.95017,244.253,11.4263,246.523,5.98136,245.528,11.147,247.757,5.10976,245.521,11.0394,247.786,5.60888,246.821,10.9615,246.765,10.0288,248.019,9.51605,248.038,9.84214,
243.559,7.96331,96.8006
236.595,6.87737,236.58,6.68572,236.956,11.3073,237.911,6.72194,236.839,9.86437,237.91,6.71055,238.145,9.76405,239.159,6.05731,238.151,9.84194,239.123,5.55391,239.423,9.75102,240.12,1.07526,239.562,11.6992,241.404,0.988644,240.849,11.7097,242.535,0.91446,240.843,11.6286,242.715,3.6726,242.116,11.5428,243.886,5.68016,242.028,10.2457,243.841,4.96287,243.142,10.1727,245.22,6.169,243.23,11.518,245.221,6.19395,244.249,11.3556,246.521,5.95017,244.253,11.4263,246.523,5.98136,245.528,11.147,247.757,5.10976,245.521,11.0394,247.786,5.60888,246.821,10.9615,248.909,3.29628,246.765,10.0288,248.982,4.52723,248.019,9.51605,250.389,6.17101,248.038,9.84214,250.392,6.22892,249.256,9.1572,249.246,8.98319,250.595,9.6785,250.611,9.95088,
245.572,7.83831,98.8173
239.159,6.05731,239.123,5.55391,239.423,9.75102,240.12,1.07526,239.562,11.6992,241.404,0.988644,240.849,11.7097,242.535,0.91446,240.843,11.6286,242.715,3.6726,242.116,11.5428,243.886,5.68016,242.028,10.2457,243.841,4.96287,243.142,10.1727,245.22,6.169,243.23,11.518,245.221,6.19395,244.249,11.3556,246.521,5.95017,244.253,11.4263,246.523,5.98136,245.528,11.147,247.757,5.10976,245.521,11.0394,247.786,5.60888,246.821,10.9615,248.909,3.29628,246.765,10.0288,248.982,4.52723,248.019,9.51605,250.389,6.17101,248.038,9.84214,250.392,6.22892,249.256,9.1572,251.627,4.69432,249.246,8.98319,251.625,4.66458,250.595,9.6785,250.611,9.95088,251.929,9.87386,251.926,9.80737,
247.585,7.71822,100.834
240.12,1.07526,241.404,0.988644,240.849,11.7097,242.535,0.91446,240.843,11.6286,242.715,3.6726,242.116,11.5428,243.886,5.68016,242.028,10.2457,243.841,4.96287,243.142,10.1727,245.22,6.169,243.23,11.518,245.221,6.19395,244.249,11.3556,246.521,5.95017,244.253,11.4263,246.523,5.98136,245.528,11.147,247.757,5.10976,245.521,11.0394,247.786,5.60888,246.821,10.9615,248.909,3.29628,246.765,10.0288,248.982,4.52723,248.019,9.51605,250.389,6.17101,248.038,9.84214,250.392,6.22892,249.256,9.1572,251.627,4.69432,249.246,8.98319,251.625,4.66458,250.595,9.6785,253.058,6.05686,250.611,9.95088,253.043,5.3664,251.929,9.87386,254.611,6.10516,251.926,9.80737,254.612,6.08827,253.139,9.78255,253.155,10.5064,254.129,10.4524,254.243,9.42546,
249.598,7.59912,102.851
242.535,0.91446,242.715,3.6726,243.886,5.68016,243.841,4.96287,243.142,10.1727,245.22,6.169,243.23,11.518,245.221,6.19395,244.249,11.3556,246.521,5.95017,244.253,11.4263,246.523,5.98136,245.528,11.147,247.757,5.10976,245.521,11.0394,247.786,5.60888,246.821,10.9615,248.909,3.29628,246.765,10.0288,248.982,4.52723,248.019,9.51605,250.389,6.17101,248.038,9.84214,250.392,6.22892,249.256,9.1572,251.627,4.69432,249.246,8.98319,251.625,4.66458,250.595,9.6785,253.058,6.05686,250.611,9.95088,253.043,5.3664,251.929,9.87386,254.611,6.10516,251.926,9.80737,254.612,6.08827,253.139,9.78255,256.234,5.29032,253.155,10.5064,256.306,5.0448,254.129,10.4524,257.273,6.71111,254.243,9.42546,257.141,6.96073,254.964,9.6223,254.73,10.4182,255.008,11.0113,254.856,11.2995,
251.611,7.48048,104.867
245.22,6.169,245.221,6.19395,246.521,5.95017,246.523,5.98136,245.528,11.147,247.757,5.10976,245.521,11.0394,247.786,5.60888,246.821,10.9615,248.909,3.29628,246.765,10.0288,248.982,4.52723,248.019,9.51605,250.389,6.17101,248.038,9.84214,250.392,6.22892,249.256,9.1572,251.627,4.69432,249.246,8.98319,251.625,4.66458,250.595,9.6785,253.058,6.05686,250.611,9.95088,253.043,5.3664,251.929,9.87386,254.611,6.10516,251.926,9.80737,254.612,6.08827,253.139,9.78255,256.234,5.29032,253.155,10.5064,256.306,5.0448,254.129,10.4524,257.273,6.71111,254.243,9.42546,257.141,6.96073,254.964,9.6223,259.914,5.82998,254.73,10.4182,260.683,4.9208,255.008,11.0113,262.999,5.77397,254.856,11.2995,263.391,5.47326,254.994,11.649,255.038,11.5971,255.111,11.818,255.057,11.8593,
253.626,7.47342,106.882
246.521,5.95017,246.523,5.98136,247.757,5.10976,247.786,5.60888,246.821,10.9615,248.909,3.29628,246.765,10.0288,248.982,4.52723,248.019,9.51605,250.389,6.17101,248.038,9.84214,250.392,6.22892,249.256,9.1572,251.627,4.69432,249.246,8.98319,251.625,4.66458,250.595,9.6785,253.058,6.05686,250.611,9.95088,253.043,5.3664,251.929,9.87386,254.611,6.10516,251.926,9.80737,254.612,6.08827,253.139,9.78255,256.234,5.29032,253.155,10.5064,256.306,5.0448,254.129,10.4524,257.273,6.71111,254.243,9.42546,257.141,6.96073,254.964,9.6223,259.914,5.82998,254.73,10.4182,260.683,4.9208,255.008,11.0113,262.999,5.77397,254.856,11.2995,263.391,5.47326,254.994,11.649,261.345,9.0991,255.038,11.5971,260.342,9.62584,255.111,11.818,255.057,11.8593,255.148,12.354,255.193,12.3301,
255.578,7.94286,108.89
248.909,3.29628,248.982,4.52723,250.389,6.17101,250.392,6.22892,249.256,9.1572,251.627,4.69432,249.246,8.98319,251.625,4.66458,250.595,9.6785,253.058,6.05686,250.611,9.95088,253.043,5.3664,251.929,9.87386,254.611,6.10516,251.926,9.80737,254.612,6.08827,253.139,9.78255,256.234,5.29032,253.155,10.5064,256.306,5.0448,254.129,10.4524,257.273,6.71111,254.243,9.42546,257.141,6.96073,254.964,9.6223,259.914,5.82998,254.73,10.4182,260.683,4.9208,255.008,11.0113,262.999,5.77397,254.856,11.2995,263.391,5.47326,254.994,11.649,261.345,9.0991,255.038,11.5971,260.342,9.62584,255.111,11.818,260.919,10.8598,255.057,11.8593,260.999,10.8318,255.148,12.354,260.787,12.6031,255.193,12.3301,261.308,12.4996,255.052,12.9239,255.145,12.8912,255.083,13.7363,257.675,13.2214,
257.22,9.08753,110.892
251.627,4.69432,251.625,4.66458,253.058,6.05686,253.043,5.3664,251.929,9.87386,254.611,6.10516,251.926,9.80737,254.612,6.08827,253.139,9.78255,256.234,5.29032,253.155,10.5064,256.306,5.0448,254.129,10.4524,257.273,6.71111,254.243,9.42546,257.141,6.96073,254.964,9.6223,259.914,5.82998,254.73,10.4182,260.683,4.9208,255.008,11.0113,262.999,5.77397,254.856,11.2995,263.391,5.47326,254.994,11.649,261.345,9.0991,255.038,11.5971,260.342,9.62584,255.111,11.818,260.919,10.8598,255.057,11.8593,260.999,10.8318,255.148,12.354,260.787,12.6031,255.193,12.3301,261.308,12.4996,255.052,12.9239,261.2,13.8718,255.145,12.8912,261.092,13.8836,255.083,13.7363,260.703,15.0538,257.675,13.2214,260.79,15.0464,257.789,14.2457,255.089,14.5417,251.985,15.8029,
258.274,10.795,112.898
253.058,6.05686,253.043,5.3664,254.611,6.10516,254.612,6.08827,253.139,9.78255,256.234,5.29032,253.155,10.5064,256.306,5.0448,254.129,10.4524,257.273,6.71111,254.243,9.42546,257.141,6.96073,254.964,9.6223,259.914,5.82998,254.73,10.4182,260.683,4.9208,255.008,11.0113,262.999,5.77397,254.856,11.2995,263.391,5.47326,254.994,11.649,261.345,9.0991,255.038,11.5971,260.342,9.62584,255.111,11.818,260.919,10.8598,255.057,11.8593,260.999,10.8318,255.148,12.354,260.787,12.6031,255.193,12.3301,261.308,12.4996,255.052,12.9239,261.2,13.8718,255.145,12.8912,261.092,13.8836,255.083,13.7363,260.703,15.0538,257.675,13.2214,260.79,15.0464,257.789,14.2457,260.876,16.0935,255.089,14.5417,260.626,16.1139,251.985,15.8029,260.545,17.3914,252.068,16.815,260.507,17.3944,252.774,16.7571,255.429,17.8001,255.307,17.8098,
258.804,12.7354,114.91
256.234,5.29032,256.306,5.0448,257.273,6.71111,257.141,6.96073,254.964,9.6223,259.914,5.82998,254.73,10.4182,260.683,4.9208,255.008,11.0113,262.999,5.77397,254.856,11.2995,263.391,5.47326,254.994,11.649,261.345,9.0991,255.038,11.5971,260.342,9.62584,255.111,11.818,260.919,10.8598,255.057,11.8593,260.999,10.8318,255.148,12.354,260.787,12.6031,255.193,12.3301,261.308,12.4996,255.052,12.9239,261.2,13.8718,255.145,12.8912,261.092,13.8836,255.083,13.7363,260.703,15.0538,257.675,13.2214,260.79,15.0464,257.789,14.2457,260.876,16.0935,255.089,14.5417,260.626,16.1139,251.985,15.8029,260.545,17.3914,252.068,16.815,260.507,17.3944,252.774,16.7571,260.479,18.4132,255.429,17.8001,260.556,18.4072,255.307,17.8098,260.712,19.4236,255.661,18.7889,260.703,19.4243,255.571,18.796,255.838,19.7948,255.867,19.7926,
259.02,14.7399,116.926
259.914,5.82998,260.683,4.9208,262.999,5.77397,263.391,5.47326,254.994,11.649,261.345,9.0991,255.038,11.5971,260.342,9.62584,255.111,11.818,260.919,10.8598,255.057,11.8593,260.999,10.8318,255.148,12.354,260.787,12.6031,255.193,12.3301,261.308,12.4996,255.052,12.9239,261.2,13.8718,255.145,12.8912,261.092,13.8836,255.083,13.7363,260.703,15.0538,257.675,13.2214,260.79,15.0464,257.789,14.2457,260.876,16.0935,255.089,14.5417,260.626,16.1139,251.985,15.8029,260.545,17.3914,252.068,16.815,260.507,17.3944,252.774,16.7571,260.479,18.4132,255.429,17.8001,260.556,18.4072,255.307,17.8098,260.712,19.4236,255.661,18.7889,260.703,19.4243,255.571,18.796,260.682,20.7551,255.838,19.7948,260.678,20.7552,255.867,19.7926,256.101,20.9441,257.089,20.9034,
259.185,16.7498,118.943
261.345,9.0991,260.342,9.62584,260.919,10.8598,260.999,10.8318,255.148,12.354,260.787,12.6031,255.193,12.3301,261.308,12.4996,255.052,12.9239,261.2,13.8718,255.145,12.8912,261.092,13.8836,255.083,13.7363,260.703,15.0538,257.675,13.2214,260.79,15.0464,257.789,14.2457,260.876,16.0935,255.089,14.5417,260.626,16.1139,251.985,15.8029,260.545,17.3914,252.068,16.815,260.507,17.3944,252.774,16.7571,260.479,18.4132,255.429,17.8001,260.556,18.4072,255.307,17.8098,260.712,19.4236,255.661,18.7889,260.703,19.4243,255.571,18.796,260.682,20.7551,255.838,19.7948,260.678,20.7552,255.867,19.7926,261.038,22.0778,256.101,20.9441,260.967,22.0724,257.089,20.9034,262.401,23.6568,257.171,21.7859,262.72,23.7336,256.348,21.7238,256.202,22.1643,256.135,22.1482,
259.343,18.7603,120.959
260.787,12.6031,261.308,12.4996,261.2,13.8718,261.092,13.8836,255.083,13.7363,260.703,15.0538,257.675,13.2214,260.79,15.0464,257.789,14.2457,260.876,16.0935,255.089,14.5417,260.626,16.1139,251.985,15.8029,260.545,17.3914,252.068,16.815,260.507,17.3944,252.774,16.7571,260.479,18.4132,255.429,17.8001,260.556,18.4072,255.307,17.8098,260.712,19.4236,255.661,18.7889,260.703,19.4243,255.571,18.796,260.682,20.7551,255.838,19.7948,260.678,20.7552,255.867,19.7926,261.038,22.0778,256.101,20.9441,260.967,22.0724,257.089,20.9034,262.401,23.6568,257.171,21.7859,262.72,23.7336,256.348,21.7238,263.937,26.0446,256.202,22.1643,265.251,26.6241,256.135,22.1482,263.857,28.804,256.096,22.5853,256.159,22.6129,255.855,22.9104,255.724,22.8143,
259.454,20.7734,122.975
261.2,13.8718,261.092,13.8836,260.703,15.0538,260.79,15.0464,257.789,14.2457,260.876,16.0935,255.089,14.5417,260.626,16.1139,251.985,15.8029,260.545,17.3914,252.068,16.815,260.507,17.3944,252.774,16.7571,260.479,18.4132,255.429,17.8001,260.556,18.4072,255.307,17.8098,260.712,19.4236,255.661,18.7889,260.703,19.4243,255.571,18.796,260.682,20.7551,255.838,19.7948,260.678,20.7552,255.867,19.7926,261.038,22.0778,256.101,20.9441,260.967,22.0724,257.089,20.9034,262.401,23.6568,257.171,21.7859,262.72,23.7336,256.348,21.7238,263.937,26.0446,256.202,22.1643,265.251,26.6241,256.135,22.1482,263.857,28.804,256.096,22.5853,261.844,30.6302,256.159,22.6129,259.56,32.1209,255.855,22.9104,255.724,22.8143,255.764,23.4616,256.016,23.7588,254.907,23.052,254.538,22.3339,
259.179,22.7637,124.984
260.876,16.0935,260.626,16.1139,260.545,17.3914,252.068,16.815,260.507,17.3944,252.774,16.7571,260.479,18.4132,255.429,17.8001,260.556,18.4072,255.307,17.8098,260.712,19.4236,255.661,18.7889,260.703,19.4243,255.571,18.796,260.682,20.7551,255.838,19.7948,260.678,20.7552,255.867,19.7926,261.038,22.0778,256.101,20.9441,260.967,22.0724,257.089,20.9034,262.401,23.6568,257.171,21.7859,262.72,23.7336,256.348,21.7238,263.937,26.0446,256.202,22.1643,265.251,26.6241,256.135,22.1482,263.857,28.804,256.096,22.5853,261.844,30.6302,256.159,22.6129,259.56,32.1209,255.855,22.9104,257.477,32.8936,255.724,22.8143,256.562,30.0843,255.764,23.4616,254.736,28.5048,256.016,23.7588,254.938,29.4055,254.907,23.052,254.538,22.3339,254.039,22.3396,253.382,22.4687,
258.209,24.5132,126.985
260.479,18.4132,260.556,18.4072,260.712,19.4236,255.661,18.7889,260.703,19.4243,255.571,18.796,260.682,20.7551,255.838,19.7948,260.678,20.7552,255.867,19.7926,261.038,22.0778,256.101,20.9441,260.967,22.0724,257.089,20.9034,262.401,23.6568,257.171,21.7859,262.72,23.7336,256.348,21.7238,263.937,26.0446,256.202,22.1643,265.251,26.6241,256.135,22.1482,263.857,28.804,256.096,22.5853,261.844,30.6302,256.159,22.6129,259.56,32.1209,255.855,22.9104,257.477,32.8936,255.724,22.8143,256.562,30.0843,255.764,23.4616,254.736,28.5048,256.016,23.7588,254.938,29.4055,254.907,23.052,254.016,33.081,254.538,22.3339,254.093,33.5814,254.039,22.3396,253.382,22.4687,251.925,19.5479,
256.59,25.6885,128.986
260.682,20.7551,260.678,20.7552,261.038,22.0778,256.101,20.9441,260.967,22.0724,257.089,20.9034,262.401,23.6568,257.171,21.7859,262.72,23.7336,256.348,21.7238,263.937,26.0446,256.202,22.1643,265.251,26.6241,256.135,22.1482,263.857,28.804,256.096,22.5853,261.844,30.6302,256.159,22.6129,259.56,32.1209,255.855,22.9104,257.477,32.8936,255.724,22.8143,256.562,30.0843,255.764,23.4616,254.736,28.5048,256.016,23.7588,254.938,29.4055,254.907,23.052,254.016,33.081,254.538,22.3339,254.093,33.5814,254.039,22.3396,252.422,33.7586,253.382,22.4687,251.156,33.8845,251.925,19.5479,250.599,28.2887,251.011,19.629,249.751,19.7541,249.912,21.3665,
254.668,26.2884,130.999
261.038,22.0778,260.967,22.0724,262.401,23.6568,257.171,21.7859,262.72,23.7336,256.348,21.7238,263.937,26.0446,256.202,22.1643,265.251,26.6241,256.135,22.1482,263.857,28.804,256.096,22.5853,261.844,30.6302,256.159,22.6129,259.56,32.1209,255.855,22.9104,257.477,32.8936,255.724,22.8143,256.562,30.0843,255.764,23.4616,254.736,28.5048,256.016,23.7588,254.938,29.4055,254.907,23.052,254.016,33.081,254.538,22.3339,254.093,33.5814,254.039,22.3396,252.422,33.7586,253.382,22.4687,251.156,33.8845,251.925,19.5479,250.599,28.2887,251.011,19.629,249.336,28.4264,249.751,19.7541,249.356,28.61,249.912,21.3665,248.026,28.4261,248.837,23.8472,248.047,28.6123,248.768,23.2166,247.417,23.1813,247.462,23.5663,
252.677,26.6011,133.015
263.937,26.0446,265.251,26.6241,263.857,28.804,256.096,22.5853,261.844,30.6302,256.159,22.6129,259.56,32.1209,255.855,22.9104,257.477,32.8936,255.724,22.8143,256.562,30.0843,255.764,23.4616,254.736,28.5048,256.016,23.7588,254.938,29.4055,254.907,23.052,254.016,33.081,254.538,22.3339,254.093,33.5814,254.039,22.3396,252.422,33.7586,253.382,22.4687,251.156,33.8845,251.925,19.5479,250.599,28.2887,251.011,19.629,249.336,28.4264,249.751,19.7541,249.356,28.61,249.912,21.3665,248.026,28.4261,248.837,23.8472,248.047,28.6123,248.768,23.2166,246.706,28.5426,247.417,23.1813,246.818,30.0403,247.462,23.5663,246.292,29.4967,246.185,21.5828,246.292,29.4092,246.291,22.9952,
250.67,26.7971,135.031
261.844,30.6302,259.56,32.1209,257.477,32.8936,256.562,30.0843,255.764,23.4616,254.736,28.5048,256.016,23.7588,254.938,29.4055,254.907,23.052,254.016,33.081,254.538,22.3339,254.093,33.5814,254.039,22.3396,252.422,33.7586,253.382,22.4687,251.156,33.8845,251.925,19.5479,250.599,28.2887,251.011,19.629,249.336,28.4264,249.751,19.7541,249.356,28.61,249.912,21.3665,248.026,28.4261,248.837,23.8472,248.047,28.6123,248.768,23.2166,246.706,28.5426,247.417,23.1813,246.818,30.0403,247.462,23.5663,246.292,29.4967,246.185,21.5828,246.292,29.4092,246.291,22.9952,244.749,29.2929,245.289,22.6028,244.785,28.8568,245.497,20.0199,
248.665,27.0171,137.048
257.477,32.8936,256.562,30.0843,254.736,28.5048,254.938,29.4055,254.016,33.081,254.093,33.5814,254.039,22.3396,252.422,33.7586,253.382,22.4687,251.156,33.8845,251.925,19.5479,250.599,28.2887,251.011,19.629,249.336,28.4264,249.751,19.7541,249.356,28.61,249.912,21.3665,248.026,28.4261,248.837,23.8472,248.047,28.6123,248.768,23.2166,246.706,28.5426,247.417,23.1813,246.818,30.0403,247.462,23.5663,246.292,29.4967,246.185,21.5828,246.292,29.4092,246.291,22.9952,244.749,29.2929,245.289,22.6028,244.785,28.8568,245.497,20.0199,243.093,31.24,244.11,22.9664,243.372,28.9696,242.645,22.8602,242.232,28.8945,242.276,28.2586,
246.658,27.2026,139.064
254.016,33.081,254.093,33.5814,252.422,33.7586,251.156,33.8845,251.925,19.5479,250.599,28.2887,251.011,19.629,249.336,28.4264,249.751,19.7541,249.356,28.61,249.912,21.3665,248.026,28.4261,248.837,23.8472,248.047,28.6123,248.768,23.2166,246.706,28.5426,247.417,23.1813,246.818,30.0403,247.462,23.5663,246.292,29.4967,246.185,21.5828,246.292,29.4092,246.291,22.9952,244.749,29.2929,245.289,22.6028,244.785,28.8568,245.497,20.0199,243.093,31.24,244.11,22.9664,243.372,28.9696,242.645,22.8602,242.232,28.8945,240.985,22.9248,242.276,28.2586,238.983,20.1038,241.299,28.3267,239.266,21.6991,241.29,28.1721,240.444,28.3311,241.466,34.0849,
244.648,27.0621,141.078
251.156,33.8845,250.599,28.2887,249.336,28.4264,249.751,19.7541,249.356,28.61,249.912,21.3665,248.026,28.4261,248.837,23.8472,248.047,28.6123,248.768,23.2166,246.706,28.5426,247.417,23.1813,246.818,30.0403,247.462,23.5663,246.292,29.4967,246.185,21.5828,246.292,29.4092,246.291,22.9952,244.749,29.2929,245.289,22.6028,244.785,28.8568,245.497,20.0199,243.093,31.24,244.11,22.9664,243.372,28.9696,242.645,22.8602,242.232,28.8945,240.985,22.9248,242.276,28.2586,238.983,20.1038,241.299,28.3267,239.266,21.6991,241.29,28.1721,238.525,24.1985,240.444,28.3311,238.346,23.4219,241.466,34.0849,237.14,23.5775,239.624,28.9768,237.158,23.6634,239.586,28.8096,238.255,28.786,238.236,28.6974,
242.643,26.8582,143.094
249.336,28.4264,249.356,28.61,248.026,28.4261,248.837,23.8472,248.047,28.6123,248.768,23.2166,246.706,28.5426,247.417,23.1813,246.818,30.0403,247.462,23.5663,246.292,29.4967,246.185,21.5828,246.292,29.4092,246.291,22.9952,244.749,29.2929,245.289,22.6028,244.785,28.8568,245.497,20.0199,243.093,31.24,244.11,22.9664,243.372,28.9696,242.645,22.8602,242.232,28.8945,240.985,22.9248,242.276,28.2586,238.983,20.1038,241.299,28.3267,239.266,21.6991,241.29,28.1721,238.525,24.1985,240.444,28.3311,238.346,23.4219,241.466,34.0849,237.14,23.5775,239.624,28.9768,237.158,23.6634,239.586,28.8096,236.804,23.8463,238.255,28.786,236.808,23.8999,238.236,28.6974,237.21,29.3742,237.247,29.8729,
240.637,27.0119,145.106
246.706,28.5426,246.818,30.0403,246.292,29.4967,246.185,21.5828,246.292,29.4092,246.291,22.9952,244.749,29.2929,245.289,22.6028,244.785,28.8568,245.497,20.0199,243.093,31.24,244.11,22.9664,243.372,28.9696,242.645,22.8602,242.232,28.8945,240.985,22.9248,242.276,28.2586,238.983,20.1038,241.299,28.3267,239.266,21.6991,241.29,28.1721,238.525,24.1985,240.444,28.3311,238.346,23.4219,241.466,34.0849,237.14,23.5775,239.624,28.9768,237.158,23.6634,239.586,28.8096,236.804,23.8463,238.255,28.786,236.808,23.8999,238.236,28.6974,236.027,24.0904,237.21,29.3742,236.027,24.0904,237.247,29.8729,235.134,24.1806,235.539,30.8479,235.126,24.2551,235.489,31.5492,233.988,34.5047,
238.669,27.4557,147.123
244.749,29.2929,245.289,22.6028,244.785,28.8568,245.497,20.0199,243.093,31.24,244.11,22.9664,243.372,28.9696,242.645,22.8602,242.232,28.8945,240.985,22.9248,242.276,28.2586,238.983,20.1038,241.299,28.3267,239.266,21.6991,241.29,28.1721,238.525,24.1985,240.444,28.3311,238.346,23.4219,241.466,34.0849,237.14,23.5775,239.624,28.9768,237.158,23.6634,239.586,28.8096,236.804,23.8463,238.255,28.786,236.808,23.8999,238.236,28.6974,236.027,24.0904,237.21,29.3742,236.027,24.0904,237.247,29.8729,235.134,24.1806,235.539,30.8479,235.126,24.2551,235.489,31.5492,233.646,24.4287,233.988,34.5047,233.651,24.3632,233.311,29.3532,233.16,24.4459,233.317,29.2723,233.157,24.5709,233.071,29.3622,233.084,28.6437,
236.669,27.6371,149.131
243.093,31.24,244.11,22.9664,243.372,28.9696,242.645,22.8602,242.232,28.8945,240.985,22.9248,242.276,28.2586,238.983,20.1038,241.299,28.3267,239.266,21.6991,241.29,28.1721,238.525,24.1985,240.444,28.3311,238.346,23.4219,241.466,34.0849,237.14,23.5775,239.624,28.9768,237.158,23.6634,239.586,28.8096,236.804,23.8463,238.255,28.786,236.808,23.8999,238.236,28.6974,236.027,24.0904,237.21,29.3742,236.027,24.0904,237.247,29.8729,235.134,24.1806,235.539,30.8479,235.126,24.2551,235.489,31.5492,233.646,24.4287,233.988,34.5047,233.651,24.3632,233.311,29.3532,233.16,24.4459,233.317,29.2723,233.157,24.5709,233.071,29.3622,231.647,23.7289,233.084,28.6437,231.635,23.4009,231.818,28.6102,230.095,23.971,231.832,29.01,230.167,24.5888,230.676,28.9198,230.643,28.6405,
234.663,27.4376,151.148
240.985,22.9248,238.983,20.1038,241.299,28.3267,239.266,21.6991,241.29,28.1721,238.525,24.1985,240.444,28.3311,238.346,23.4219,241.466,34.0849,237.14,23.5775,239.624,28.9768,237.158,23.6634,239.586,28.8096,236.804,23.8463,238.255,28.786,236.808,23.8999,238.236,28.6974,236.027,24.0904,237.21,29.3742,236.027,24.0904,237.247,29.8729,235.134,24.1806,235.539,30.8479,235.126,24.2551,235.489,31.5492,233.646,24.4287,233.988,34.5047,233.651,24.3632,233.311,29.3532,233.16,24.4459,233.317,29.2723,233.157,24.5709,233.071,29.3622,231.647,23.7289,233.084,28.6437,231.635,23.4009,231.818,28.6102,230.095,23.971,231.832,29.01,230.167,24.5888,230.676,28.9198,228.786,25.0591,230.643,28.6405,228.946,25.9682,229.479,28.9919,227.867,25.9976,229.609,29.7305,227.782,25.5684,228.673,30.0845,228.72,30.3205,
232.649,27.3558,153.163
238.525,24.1985,238.346,23.4219,237.14,23.5775,239.624,28.9768,237.158,23.6634,239.586,28.8096,236.804,23.8463,238.255,28.786,236.808,23.8999,238.236,28.6974,236.027,24.0904,237.21,29.3742,236.027,24.0904,237.247,29.8729,235.134,24.1806,235.539,30.8479,235.126,24.2551,235.489,31.5492,233.646,24.4287,233.988,34.5047,233.651,24.3632,233.311,29.3532,233.16,24.4459,233.317,29.2723,233.157,24.5709,233.071,29.3622,231.647,23.7289,233.084,28.6437,231.635,23.4009,231.818,28.6102,230.095,23.971,231.832,29.01,230.167,24.5888,230.676,28.9198,228.786,25.0591,230.643,28.6405,228.946,25.9682,229.479,28.9919,227.867,25.9976,229.609,29.7305,227.782,25.5684,228.673,30.0845,226.974,26.7254,228.72,30.3205,226.905,26.3727,228.625,35.1289,225.631,26.5077,227.22,35.3815,225.712,26.9624,226.314,30.3211,
230.641,27.5281,155.178
236.804,23.8463,236.808,23.8999,236.027,24.0904,237.21,29.3742,236.027,24.0904,237.247,29.8729,235.134,24.1806,235.539,30.8479,235.126,24.2551,235.489,31.5492,233.646,24.4287,233.988,34.5047,233.651,24.3632,233.311,29.3532,233.16,24.4459,233.317,29.2723,233.157,24.5709,233.071,29.3622,231.647,23.7289,233.084,28.6437,231.635,23.4009,231.818,28.6102,230.095,23.971,231.832,29.01,230.167,24.5888,230.676,28.9198,228.786,25.0591,230.643,28.6405,228.946,25.9682,229.479,28.9919,227.867,25.9976,229.609,29.7305,227.782,25.5684,228.673,30.0845,226.974,26.7254,228.72,30.3205,226.905,26.3727,228.625,35.1289,225.631,26.5077,227.22,35.3815,225.712,26.9624,226.314,30.3211,224.382,26.2244,224.842,29.6633,224.233,25.1093,224.881,29.9553,
228.657,27.8861,157.195
235.134,24.1806,235.126,24.2551,233.646,24.4287,233.988,34.5047,233.651,24.3632,233.311,29.3532,233.16,24.4459,233.317,29.2723,233.157,24.5709,233.071,29.3622,231.647,23.7289,233.084,28.6437,231.635,23.4009,231.818,28.6102,230.095,23.971,231.832,29.01,230.167,24.5888,230.676,28.9198,228.786,25.0591,230.643,28.6405,228.946,25.9682,229.479,28.9919,227.867,25.9976,229.609,29.7305,227.782,25.5684,228.673,30.0845,226.974,26.7254,228.72,30.3205,226.905,26.3727,228.625,35.1289,225.631,26.5077,227.22,35.3815,225.712,26.9624,226.314,30.3211,224.382,26.2244,224.842,29.6633,224.233,25.1093,224.881,29.9553,223.221,26.1802,223.525,30.0636,223.199,25.8998,223.537,30.2101,223.057,25.8962,223.122,30.3769,223.061,26.1229,223.12,30.2161,222.074,25.5917,222.004,30.1998,222.08,25.2519,222.006,30.0873,
226.677,28.2698,159.212
233.646,24.4287,233.651,24.3632,233.311,29.3532,233.16,24.4459,233.317,29.2723,233.157,24.5709,233.071,29.3622,231.647,23.7289,233.084,28.6437,231.635,23.4009,231.818,28.6102,230.095,23.971,231.832,29.01,230.167,24.5888,230.676,28.9198,228.786,25.0591,230.643,28.6405,228.946,25.9682,229.479,28.9919,227.867,25.9976,229.609,29.7305,227.782,25.5684,228.673,30.0845,226.974,26.7254,228.72,30.3205,226.905,26.3727,228.625,35.1289,225.631,26.5077,227.22,35.3815,225.712,26.9624,226.314,30.3211,224.382,26.2244,224.842,29.6633,224.233,25.1093,224.881,29.9553,223.221,26.1802,223.525,30.0636,223.199,25.8998,223.537,30.2101,223.057,25.8962,223.122,30.3769,223.061,26.1229,223.12,30.2161,222.074,25.5917,222.004,30.1998,222.08,25.2519,222.006,30.0873,220.983,25.6228,220.855,30.4446,220.98,25.7224,220.842,30.9225,220.224,24.954,220.162,30.9158,220.225,24.8146,220.158,31.3142,
224.682,28.5644,161.228
230.095,23.971,230.167,24.5888,230.676,28.9198,228.786,25.0591,230.643,28.6405,228.946,25.9682,229.479,28.9919,227.867,25.9976,229.609,29.7305,227.782,25.5684,228.673,30.0845,226.974,26.7254,228.72,30.3205,226.905,26.3727,228.625,35.1289,225.631,26.5077,227.22,35.3815,225.712,26.9624,226.314,30.3211,224.382,26.2244,224.842,29.6633,224.233,25.1093,224.881,29.9553,223.221,26.1802,223.525,30.0636,223.199,25.8998,223.537,30.2101,223.057,25.8962,223.122,30.3769,223.061,26.1229,223.12,30.2161,222.074,25.5917,222.004,30.1998,222.08,25.2519,222.006,30.0873,220.983,25.6228,220.855,30.4446,220.98,25.7224,220.842,30.9225,220.224,24.954,220.162,30.9158,220.225,24.8146,220.158,31.3142,218.764,24.6701,218.989,30.0654,217.091,21.7281,218.981,29.8831,218.046,30.2644,218.059,30.3789,
222.67,28.6655,163.243
228.786,25.0591,228.946,25.9682,229.479,28.9919,227.867,25.9976,229.609,29.7305,227.782,25.5684,228.673,30.0845,226.974,26.7254,228.72,30.3205,226.905,26.3727,228.625,35.1289,225.631,26.5077,227.22,35.3815,225.712,26.9624,226.314,30.3211,224.382,26.2244,224.842,29.6633,224.233,25.1093,224.881,29.9553,223.221,26.1802,223.525,30.0636,223.199,25.8998,223.537,30.2101,223.057,25.8962,223.122,30.3769,223.061,26.1229,223.12,30.2161,222.074,25.5917,222.004,30.1998,222.08,25.2519,222.006,30.0873,220.983,25.6228,220.855,30.4446,220.98,25.7224,220.842,30.9225,220.224,24.954,220.162,30.9158,220.225,24.8146,220.158,31.3142,218.764,24.6701,218.989,30.0654,217.091,21.7281,218.981,29.8831,215.834,21.91,218.046,30.2644,216.167,24.1551,218.059,30.3789,217.2,31.1186,217.101,30.4509,
220.654,28.6175,165.259
226.974,26.7254,226.905,26.3727,228.625,35.1289,225.631,26.5077,227.22,35.3815,225.712,26.9624,226.314,30.3211,224.382,26.2244,224.842,29.6633,224.233,25.1093,224.881,29.9553,223.221,26.1802,223.525,30.0636,223.199,25.8998,223.537,30.2101,223.057,25.8962,223.122,30.3769,223.061,26.1229,223.12,30.2161,222.074,25.5917,222.004,30.1998,222.08,25.2519,222.006,30.0873,220.983,25.6228,220.855,30.4446,220.98,25.7224,220.842,30.9225,220.224,24.954,220.162,30.9158,220.225,24.8146,220.158,31.3142,218.764,24.6701,218.989,30.0654,217.091,21.7281,218.981,29.8831,215.834,21.91,218.046,30.2644,216.167,24.1551,218.059,30.3789,215.254,26.3812,217.2,31.1186,215.126,25.499,217.101,30.4509,213.869,25.3815,216.052,31.8928,213.867,25.3605,216.052,31.8928,214.563,30.5357,214.578,30.6472,
218.64,28.6932,167.275
224.382,26.2244,224.842,29.6633,224.233,25.1093,224.881,29.9553,223.221,26.1802,223.525,30.0636,223.199,25.8998,223.537,30.2101,223.057,25.8962,223.122,30.3769,223.061,26.1229,223.12,30.2161,222.074,25.5917,222.004,30.1998,222.08,25.2519,222.006,30.0873,220.983,25.6228,220.855,30.4446,220.98,25.7224,220.842,30.9225,220.224,24.954,220.162,30.9158,220.225,24.8146,220.158,31.3142,218.764,24.6701,218.989,30.0654,217.091,21.7281,218.981,29.8831,215.834,21.91,218.046,30.2644,216.167,24.1551,218.059,30.3789,215.254,26.3812,217.2,31.1186,215.126,25.499,217.101,30.4509,213.869,25.3815,216.052,31.8928,213.867,25.3605,216.052,31.8928,212.927,25.1688,214.563,30.5357,212.927,25.1688,214.578,30.6472,211.881,25.6063,213.564,31.3045,211.881,25.6063,213.626,31.9007,212.208,31.2895,212.176,30.7303,
216.642,28.9679,169.291
223.221,26.1802,223.525,30.0636,223.199,25.8998,223.537,30.2101,223.057,25.8962,223.122,30.3769,223.061,26.1229,223.12,30.2161,222.074,25.5917,222.004,30.1998,222.08,25.2519,222.006,30.0873,220.983,25.6228,220.855,30.4446,220.98,25.7224,220.842,30.9225,220.224,24.954,220.162,30.9158,220.225,24.8146,220.158,31.3142,218.764,24.6701,218.989,30.0654,217.091,21.7281,218.981,29.8831,215.834,21.91,218.046,30.2644,216.167,24.1551,218.059,30.3789,215.254,26.3812,217.2,31.1186,215.126,25.499,217.101,30.4509,213.869,25.3815,216.052,31.8928,213.867,25.3605,216.052,31.8928,212.927,25.1688,214.563,30.5357,212.927,25.1688,214.578,30.6472,211.881,25.6063,213.564,31.3045,211.881,25.6063,213.626,31.9007,210.701,25.3635,212.208,31.2895,210.722,25.9271,212.176,30.7303,209.642,23.7742,210.945,31.8923,209.721,25.9709,210.946,31.9339,209.896,30.8459,209.894,30.7939,
214.645,29.2471,171.308
220.983,25.6228,220.855,30.4446,220.98,25.7224,220.842,30.9225,220.224,24.954,220.162,30.9158,220.225,24.8146,220.158,31.3142,218.764,24.6701,218.989,30.0654,217.091,21.7281,218.981,29.8831,215.834,21.91,218.046,30.2644,216.167,24.1551,218.059,30.3789,215.254,26.3812,217.2,31.1186,215.126,25.499,217.101,30.4509,213.869,25.3815,216.052,31.8928,213.867,25.3605,216.052,31.8928,212.927,25.1688,214.563,30.5357,212.927,25.1688,214.578,30.6472,211.881,25.6063,213.564,31.3045,211.881,25.6063,213.626,31.9007,210.701,25.3635,212.208,31.2895,210.722,25.9271,212.176,30.7303,209.642,23.7742,210.945,31.8923,209.721,25.9709,210.946,31.9339,208.767,27.5659,209.896,30.8459,208.723,26.2917,209.894,30.7939,207.728,26.3246,208.913,31.7614,207.731,26.3995,208.96,33.0949,207.886,31.1052,207.889,31.1754,
212.637,29.4349,173.324
218.764,24.6701,218.989,30.0654,217.091,21.7281,218.981,29.8831,215.834,21.91,218.046,30.2644,216.167,24.1551,218.059,30.3789,215.254,26.3812,217.2,31.1186,215.126,25.499,217.101,30.4509,213.869,25.3815,216.052,31.8928,213.867,25.3605,216.052,31.8928,212.927,25.1688,214.563,30.5357,212.927,25.1688,214.578,30.6472,211.881,25.6063,213.564,31.3045,211.881,25.6063,213.626,31.9007,210.701,25.3635,212.208,31.2895,210.722,25.9271,212.176,30.7303,209.642,23.7742,210.945,31.8923,209.721,25.9709,210.946,31.9339,208.767,27.5659,209.896,30.8459,208.723,26.2917,209.894,30.7939,207.728,26.3246,208.913,31.7614,207.731,26.3995,208.96,33.0949,206.609,26.5306,207.886,31.1052,206.604,26.387,207.889,31.1754,206.773,31.2613,206.768,31.1154,
210.622,29.5144,175.341
215.834,21.91,216.167,24.1551,215.254,26.3812,217.2,31.1186,215.126,25.499,217.101,30.4509,213.869,25.3815,216.052,31.8928,213.867,25.3605,216.052,31.8928,212.927,25.1688,214.563,30.5357,212.927,25.1688,214.578,30.6472,211.881,25.6063,213.564,31.3045,211.881,25.6063,213.626,31.9007,210.701,25.3635,212.208,31.2895,210.722,25.9271,212.176,30.7303,209.642,23.7742,210.945,31.8923,209.721,25.9709,210.946,31.9339,208.767,27.5659,209.896,30.8459,208.723,26.2917,209.894,30.7939,207.728,26.3246,208.913,31.7614,207.731,26.3995,208.96,33.0949,206.609,26.5306,207.886,31.1052,206.604,26.387,207.889,31.1754,205.501,26.5296,206.773,31.2613,205.501,26.5296,206.768,31.1154,204.161,26.5973,205.688,31.1946,204.164,26.666,205.686,31.1359,204.387,31.0746,204.416,31.6471,
208.607,29.585,177.357
215.254,26.3812,215.126,25.499,213.869,25.3815,216.052,31.8928,213.867,25.3605,216.052,31.8928,212.927,25.1688,214.563,30.5357,212.927,25.1688,214.578,30.6472,211.881,25.6063,213.564,31.3045,211.881,25.6063,213.626,31.9007,210.701,25.3635,212.208,31.2895,210.722,25.9271,212.176,30.7303,209.642,23.7742,210.945,31.8923,209.721,25.9709,210.946,31.9339,208.767,27.5659,209.896,30.8459,208.723,26.2917,209.894,30.7939,207.728,26.3246,208.913,31.7614,207.731,26.3995,208.96,33.0949,206.609,26.5306,207.886,31.1052,206.604,26.387,207.889,31.1754,205.501,26.5296,206.773,31.2613,205.501,26.5296,206.768,31.1154,204.161,26.5973,205.688,31.1946,204.164,26.666,205.686,31.1359,203.07,26.7331,204.387,31.0746,203.071,26.7524,204.416,31.6471,201.966,26.8291,203.37,31.6223,201.965,26.8098,203.358,31.4258,202.277,31.2989,202.282,31.3738,
206.591,29.6538,179.374
212.927,25.1688,212.927,25.1688,211.881,25.6063,213.564,31.3045,211.881,25.6063,213.626,31.9007,210.701,25.3635,212.208,31.2895,210.722,25.9271,212.176,30.7303,209.642,23.7742,210.945,31.8923,209.721,25.9709,210.946,31.9339,208.767,27.5659,209.896,30.8459,208.723,26.2917,209.894,30.7939,207.728,26.3246,208.913,31.7614,207.731,26.3995,208.96,33.0949,206.609,26.5306,207.886,31.1052,206.604,26.387,207.889,31.1754,205.501,26.5296,206.773,31.2613,205.501,26.5296,206.768,31.1154,204.161,26.5973,205.688,31.1946,204.164,26.666,205.686,31.1359,203.07,26.7331,204.387,31.0746,203.071,26.7524,204.416,31.6471,201.966,26.8291,203.37,31.6223,201.965,26.8098,203.358,31.4258,200.902,26.9884,202.277,31.2989,200.894,26.8902,202.282,31.3738,199.551,26.8969,201.27,31.6928,199.554,26.9311,201.274,31.7488,200.007,32.6256,199.993,32.4574,
204.577,29.7448,181.391
210.701,25.3635,210.722,25.9271,209.642,23.7742,210.945,31.8923,209.721,25.9709,210.946,31.9339,208.767,27.5659,209.896,30.8459,208.723,26.2917,209.894,30.7939,207.728,26.3246,208.913,31.7614,207.731,26.3995,208.96,33.0949,206.609,26.5306,207.886,31.1052,206.604,26.387,207.889,31.1754,205.501,26.5296,206.773,31.2613,205.501,26.5296,206.768,31.1154,204.161,26.5973,205.688,31.1946,204.164,26.666,205.686,31.1359,203.07,26.7331,204.387,31.0746,203.071,26.7524,204.416,31.6471,201.966,26.8291,203.37,31.6223,201.965,26.8098,203.358,31.4258,200.902,26.9884,202.277,31.2989,200.894,26.8902,202.282,31.3738,199.551,26.8969,201.27,31.6928,199.554,26.9311,201.274,31.7488,198.533,26.9098,200.007,32.6256,198.539,26.9815,199.993,32.4574,199.209,35.8186,199.281,36.769,
202.564,29.8714,183.408
208.767,27.5659,208.723,26.2917,207.728,26.3246,208.913,31.7614,207.731,26.3995,208.96,33.0949,206.609,26.5306,207.886,31.1052,206.604,26.387,207.889,31.1754,205.501,26.5296,206.773,31.2613,205.501,26.5296,206.768,31.1154,204.161,26.5973,205.688,31.1946,204.164,26.666,205.686,31.1359,203.07,26.7331,204.387,31.0746,203.071,26.7524,204.416,31.6471,201.966,26.8291,203.37,31.6223,201.965,26.8098,203.358,31.4258,200.902,26.9884,202.277,31.2989,200.894,26.8902,202.282,31.3738,199.551,26.8969,201.27,31.6928,199.554,26.9311,201.274,31.7488,198.533,26.9098,200.007,32.6256,198.539,26.9815,199.993,32.4574,197.285,27.0709,199.209,35.8186,197.285,27.0709,199.281,36.769,196.286,27.1381,197.728,33.2754,196.286,27.1381,197.649,32.1782,196.74,33.8884,196.945,36.9315,
200.553,30.0276,185.424
206.609,26.5306,206.604,26.387,205.501,26.5296,206.773,31.2613,205.501,26.5296,206.768,31.1154,204.161,26.5973,205.688,31.1946,204.164,26.666,205.686,31.1359,203.07,26.7331,204.387,31.0746,203.071,26.7524,204.416,31.6471,201.966,26.8291,203.37,31.6223,201.965,26.8098,203.358,31.4258,200.902,26.9884,202.277,31.2989,200.894,26.8902,202.282,31.3738,199.551,26.8969,201.27,31.6928,199.554,26.9311,201.274,31.7488,198.533,26.9098,200.007,32.6256,198.539,26.9815,199.993,32.4574,197.285,27.0709,199.209,35.8186,197.285,27.0709,199.281,36.769,196.286,27.1381,197.728,33.2754,196.286,27.1381,197.649,32.1782,195.005,26.6468,196.74,33.8884,195.022,26.9181,196.945,36.9315,194.02,27.1518,195.355,32.1372,193.999,26.8149,195.347,32.0124,194.308,31.8461,194.296,31.637,
198.543,30.1819,187.441
205.501,26.5296,205.501,26.5296,204.161,26.5973,205.688,31.1946,204.164,26.666,205.686,31.1359,203.07,26.7331,204.387,31.0746,203.071,26.7524,204.416,31.6471,201.966,26.8291,203.37,31.6223,201.965,26.8098,203.358,31.4258,200.902,26.9884,202.277,31.2989,200.894,26.8902,202.282,31.3738,199.551,26.8969,201.27,31.6928,199.554,26.9311,201.274,31.7488,198.533,26.9098,200.007,32.6256,198.539,26.9815,199.993,32.4574,197.285,27.0709,199.209,35.8186,197.285,27.0709,199.281,36.769,196.286,27.1381,197.728,33.2754,196.286,27.1381,197.649,32.1782,195.005,26.6468,196.74,33.8884,195.022,26.9181,196.945,36.9315,194.02,27.1518,195.355,32.1372,193.999,26.8149,195.347,32.0124,192.956,26.779,194.308,31.8461,192.963,26.8963,194.296,31.637,191.987,27.3325,193.368,33.6376,191.985,27.3068,193.393,34.0657,192.285,32.2942,192.271,32.0688,
196.531,30.3211,189.458
203.07,26.7331,203.071,26.7524,201.966,26.8291,203.37,31.6223,201.965,26.8098,203.358,31.4258,200.902,26.9884,202.277,31.2989,200.894,26.8902,202.282,31.3738,199.551,26.8969,201.27,31.6928,199.554,26.9311,201.274,31.7488,198.533,26.9098,200.007,32.6256,198.539,26.9815,199.993,32.4574,197.285,27.0709,199.209,35.8186,197.285,27.0709,199.281,36.769,196.286,27.1381,197.728,33.2754,196.286,27.1381,197.649,32.1782,195.005,26.6468,196.74,33.8884,195.022,26.9181,196.945,36.9315,194.02,27.1518,195.355,32.1372,193.999,26.8149,195.347,32.0124,192.956,26.779,194.308,31.8461,192.963,26.8963,194.296,31.637,191.987,27.3325,193.368,33.6376,191.985,27.3068,193.393,34.0657,190.941,27.3701,192.285,32.2942,190.941,27.3701,192.271,32.0688,189.822,27.2477,191.219,31.9617,189.817,27.1666,191.239,32.2834,190.113,32.0055,190.123,32.1702,
194.518,30.448,191.474
200.902,26.9884,200.894,26.8902,199.551,26.8969,201.27,31.6928,199.554,26.9311,201.274,31.7488,198.533,26.9098,200.007,32.6256,198.539,26.9815,199.993,32.4574,197.285,27.0709,199.209,35.8186,197.285,27.0709,199.281,36.769,196.286,27.1381,197.728,33.2754,196.286,27.1381,197.649,32.1782,195.005,26.6468,196.74,33.8884,195.022,26.9181,196.945,36.9315,194.02,27.1518,195.355,32.1372,193.999,26.8149,195.347,32.0124,192.956,26.779,194.308,31.8461,192.963,26.8963,194.296,31.637,191.987,27.3325,193.368,33.6376,191.985,27.3068,193.393,34.0657,190.941,27.3701,192.285,32.2942,190.941,27.3701,192.271,32.0688,189.822,27.2477,191.219,31.9617,189.817,27.1666,191.239,32.2834,188.791,27.328,190.113,32.0055,188.811,27.6619,190.123,32.1702,187.688,26.8795,189.102,32.4145,187.733,27.613,189.084,32.119,188.039,32.5238,188.081,33.2047,
192.505,30.5691,193.491
198.533,26.9098,198.539,26.9815,197.285,27.0709,199.209,35.8186,197.285,27.0709,199.281,36.769,196.286,27.1381,197.728,33.2754,196.286,27.1381,197.649,32.1782,195.005,26.6468,196.74,33.8884,195.022,26.9181,196.945,36.9315,194.02,27.1518,195.355,32.1372,193.999,26.8149,195.347,32.0124,192.956,26.779,194.308,31.8461,192.963,26.8963,194.296,31.637,191.987,27.3325,193.368,33.6376,191.985,27.3068,193.393,34.0657,190.941,27.3701,192.285,32.2942,190.941,27.3701,192.271,32.0688,189.822,27.2477,191.219,31.9617,189.817,27.1666,191.239,32.2834,188.791,27.328,190.113,32.0055,188.811,27.6619,190.123,32.1702,187.688,26.8795,189.102,32.4145,187.733,27.613,189.084,32.119,186.594,26.0174,188.039,32.5238,186.636,26.6535,188.081,33.2047,185.717,28.437,187.05,33.0765,185.627,27.1487,187.046,33.0169,186.04,33.0868,186.032,32.9746,
190.492,30.6911,195.508
197.285,27.0709,197.285,27.0709,196.286,27.1381,197.728,33.2754,196.286,27.1381,197.649,32.1782,195.005,26.6468,196.74,33.8884,195.022,26.9181,196.945,36.9315,194.02,27.1518,195.355,32.1372,193.999,26.8149,195.347,32.0124,192.956,26.779,194.308,31.8461,192.963,26.8963,194.296,31.637,191.987,27.3325,193.368,33.6376,191.985,27.3068,193.393,34.0657,190.941,27.3701,192.285,32.2942,190.941,27.3701,192.271,32.0688,189.822,27.2477,191.219,31.9617,189.817,27.1666,191.239,32.2834,188.791,27.328,190.113,32.0055,188.811,27.6619,190.123,32.1702,187.688,26.8795,189.102,32.4145,187.733,27.613,189.084,32.119,186.594,26.0174,188.039,32.5238,186.636,26.6535,188.081,33.2047,185.717,28.437,187.05,33.0765,185.627,27.1487,187.046,33.0169,184.306,27.2497,186.04,33.0868,184.312,27.3316,186.032,32.9746,184.777,33.4029,184.754,33.1038,
188.479,30.8149,197.524
195.005,26.6468,195.022,26.9181,194.02,27.1518,195.355,32.1372,193.999,26.8149,195.347,32.0124,192.956,26.779,194.308,31.8461,192.963,26.8963,194.296,31.637,191.987,27.3325,193.368,33.6376,191.985,27.3068,193.393,34.0657,190.941,27.3701,192.285,32.2942,190.941,27.3701,192.271,32.0688,189.822,27.2477,191.219,31.9617,189.817,27.1666,191.239,32.2834,188.791,27.328,190.113,32.0055,188.811,27.6619,190.123,32.1702,187.688,26.8795,189.102,32.4145,187.733,27.613,189.084,32.119,186.594,26.0174,188.039,32.5238,186.636,26.6535,188.081,33.2047,185.717,28.437,187.05,33.0765,185.627,27.1487,187.046,33.0169,184.306,27.2497,186.04,33.0868,184.312,27.3316,186.032,32.9746,183.103,27.4119,184.777,33.4029,183.11,27.5108,184.754,33.1038,181.91,27.3684,183.454,32.6768,181.901,27.1172,183.463,32.821,182.111,32.9526,182.116,33.1134,
186.467,30.9451,199.541
192.956,26.779,192.963,26.8963,191.987,27.3325,193.368,33.6376,191.985,27.3068,193.393,34.0657,190.941,27.3701,192.285,32.2942,190.941,27.3701,192.271,32.0688,189.822,27.2477,191.219,31.9617,189.817,27.1666,191.239,32.2834,188.791,27.328,190.113,32.0055,188.811,27.6619,190.123,32.1702,187.688,26.8795,189.102,32.4145,187.733,27.613,189.084,32.119,186.594,26.0174,188.039,32.5238,186.636,26.6535,188.081,33.2047,185.717,28.437,187.05,33.0765,185.627,27.1487,187.046,33.0169,184.306,27.2497,186.04,33.0868,184.312,27.3316,186.032,32.9746,183.103,27.4119,184.777,33.4029,183.11,27.5108,184.754,33.1038,181.91,27.3684,183.454,32.6768,181.901,27.1172,183.463,32.821,180.332,27.471,182.111,32.9526,180.471,28.8148,182.116,33.1134,178.646,27.5065,181.082,34.7324,177.896,24.7659,181.07,34.6205,180.588,34.6008,180.584,34.5863,
184.455,31.096,201.558
190.941,27.3701,190.941,27.3701,189.822,27.2477,191.219,31.9617,189.817,27.1666,191.239,32.2834,188.791,27.328,190.113,32.0055,188.811,27.6619,190.123,32.1702,187.688,26.8795,189.102,32.4145,187.733,27.613,189.084,32.119,186.594,26.0174,188.039,32.5238,186.636,26.6535,188.081,33.2047,185.717,28.437,187.05,33.0765,185.627,27.1487,187.046,33.0169,184.306,27.2497,186.04,33.0868,184.312,27.3316,186.032,32.9746,183.103,27.4119,184.777,33.4029,183.11,27.5108,184.754,33.1038,181.91,27.3684,183.454,32.6768,181.901,27.1172,183.463,32.821,180.332,27.471,182.111,32.9526,180.471,28.8148,182.116,33.1134,178.646,27.5065,181.082,34.7324,177.896,24.7659,181.07,34.6205,175.49,25.8519,180.588,34.6008,173.335,27.5101,180.584,34.5863,174.451,28.7578,180.25,34.7453,180.226,34.7001,180.025,34.9909,180.134,35.1132,
182.442,31.2001,203.574
188.791,27.328,188.811,27.6619,187.688,26.8795,189.102,32.4145,187.733,27.613,189.084,32.119,186.594,26.0174,188.039,32.5238,186.636,26.6535,188.081,33.2047,185.717,28.437,187.05,33.0765,185.627,27.1487,187.046,33.0169,184.306,27.2497,186.04,33.0868,184.312,27.3316,186.032,32.9746,183.103,27.4119,184.777,33.4029,183.11,27.5108,184.754,33.1038,181.91,27.3684,183.454,32.6768,181.901,27.1172,183.463,32.821,180.332,27.471,182.111,32.9526,180.471,28.8148,182.116,33.1134,178.646,27.5065,181.082,34.7324,177.896,24.7659,181.07,34.6205,175.49,25.8519,180.588,34.6008,173.335,27.5101,180.584,34.5863,174.451,28.7578,180.25,34.7453,174.646,31.7931,180.226,34.7001,174.622,31.7768,180.025,34.9909,180.134,35.1132,180.254,35.6291,
180.439,31.409,205.588
186.594,26.0174,186.636,26.6535,185.717,28.437,187.05,33.0765,185.627,27.1487,187.046,33.0169,184.306,27.2497,186.04,33.0868,184.312,27.3316,186.032,32.9746,183.103,27.4119,184.777,33.4029,183.11,27.5108,184.754,33.1038,181.91,27.3684,183.454,32.6768,181.901,27.1172,183.463,32.821,180.332,27.471,182.111,32.9526,180.471,28.8148,182.116,33.1134,178.646,27.5065,181.082,34.7324,177.896,24.7659,181.07,34.6205,175.49,25.8519,180.588,34.6008,173.335,27.5101,180.584,34.5863,174.451,28.7578,180.25,34.7453,174.646,31.7931,180.226,34.7001,174.622,31.7768,180.025,34.9909,174.843,33.8274,180.134,35.1132,174.371,33.6492,180.254,35.6291,173.779,35.2939,180.452,35.944,173.888,35.3077,180.822,36.1896,
178.634,32.2696,207.587
184.306,27.2497,184.312,27.3316,183.103,27.4119,184.777,33.4029,183.11,27.5108,184.754,33.1038,181.91,27.3684,183.454,32.6768,181.901,27.1172,183.463,32.821,180.332,27.471,182.111,32.9526,180.471,28.8148,182.116,33.1134,178.646,27.5065,181.082,34.7324,177.896,24.7659,181.07,34.6205,175.49,25.8519,180.588,34.6008,173.335,27.5101,180.584,34.5863,174.451,28.7578,180.25,34.7453,174.646,31.7931,180.226,34.7001,174.622,31.7768,180.025,34.9909,174.843,33.8274,180.134,35.1132,174.371,33.6492,180.254,35.6291,173.779,35.2939,180.452,35.944,173.888,35.3077,180.822,36.1896,173.653,36.9595,181.013,36.4787,173.529,36.9676,180.124,36.5367,172.58,38.3169,180.861,37.303,174.088,38.1323,181.466,37.229,
177.39,33.8334,209.586
183.103,27.4119,183.11,27.5108,181.91,27.3684,183.454,32.6768,181.901,27.1172,183.463,32.821,180.332,27.471,182.111,32.9526,180.471,28.8148,182.116,33.1134,178.646,27.5065,181.082,34.7324,177.896,24.7659,181.07,34.6205,175.49,25.8519,180.588,34.6008,173.335,27.5101,180.584,34.5863,174.451,28.7578,180.25,34.7453,174.646,31.7931,180.226,34.7001,174.622,31.7768,180.025,34.9909,174.843,33.8274,180.134,35.1132,174.371,33.6492,180.254,35.6291,173.779,35.2939,180.452,35.944,173.888,35.3077,180.822,36.1896,173.653,36.9595,181.013,36.4787,173.529,36.9676,180.124,36.5367,172.58,38.3169,180.861,37.303,174.088,38.1323,181.466,37.229,175.329,39.1923,180.334,38.5607,174.749,39.2654,180.111,38.5889,174.623,40.4873,180.944,39.6955,175.057,40.4329,180.909,39.6999,
176.956,35.784,211.584
180.332,27.471,180.471,28.8148,178.646,27.5065,181.082,34.7324,177.896,24.7659,181.07,34.6205,175.49,25.8519,180.588,34.6008,173.335,27.5101,180.584,34.5863,174.451,28.7578,180.25,34.7453,174.646,31.7931,180.226,34.7001,174.622,31.7768,180.025,34.9909,174.843,33.8274,180.134,35.1132,174.371,33.6492,180.254,35.6291,173.779,35.2939,180.452,35.944,173.888,35.3077,180.822,36.1896,173.653,36.9595,181.013,36.4787,173.529,36.9676,180.124,36.5367,172.58,38.3169,180.861,37.303,174.088,38.1323,181.466,37.229,175.329,39.1923,180.334,38.5607,174.749,39.2654,180.111,38.5889,174.623,40.4873,180.944,39.6955,175.057,40.4329,180.909,39.6999,175.139,41.5819,180.83,40.828,174.748,41.6336,181.559,40.7315,175.023,43.0584,181.764,41.7296,175.41,42.9823,179.203,42.2345,
177.15,37.7901,213.6
175.49,25.8519,173.335,27.5101,174.451,28.7578,180.25,34.7453,174.646,31.7931,180.226,34.7001,174.622,31.7768,180.025,34.9909,174.843,33.8274,180.134,35.1132,174.371,33.6492,180.254,35.6291,173.779,35.2939,180.452,35.944,173.888,35.3077,180.822,36.1896,173.653,36.9595,181.013,36.4787,173.529,36.9676,180.124,36.5367,172.58,38.3169,180.861,37.303,174.088,38.1323,181.466,37.229,175.329,39.1923,180.334,38.5607,174.749,39.2654,180.111,38.5889,174.623,40.4873,180.944,39.6955,175.057,40.4329,180.909,39.6999,175.139,41.5819,180.83,40.828,174.748,41.6336,181.559,40.7315,175.023,43.0584,181.764,41.7296,175.41,42.9823,179.203,42.2345,174.464,45.0071,179.326,43.2589,173.263,45.4391,179.337,43.2549,
177.403,39.791,215.616
174.646,31.7931,174.622,31.7768,174.843,33.8274,174.371,33.6492,180.254,35.6291,173.779,35.2939,180.452,35.944,173.888,35.3077,180.822,36.1896,173.653,36.9595,181.013,36.4787,173.529,36.9676,180.124,36.5367,172.58,38.3169,180.861,37.303,174.088,38.1323,181.466,37.229,175.329,39.1923,180.334,38.5607,174.749,39.2654,180.111,38.5889,174.623,40.4873,180.944,39.6955,175.057,40.4329,180.909,39.6999,175.139,41.5819,180.83,40.828,174.748,41.6336,181.559,40.7315,175.023,43.0584,181.764,41.7296,175.41,42.9823,179.203,42.2345,174.464,45.0071,179.326,43.2589,173.263,45.4391,179.337,43.2549,172.886,48.4349,179.886,43.9554,174.416,50.0656,179.954,43.9119,180.297,44.2757,180.537,44.0396,
177.683,41.7877,217.633
174.843,33.8274,174.371,33.6492,173.779,35.2939,180.452,35.944,173.888,35.3077,180.822,36.1896,173.653,36.9595,181.013,36.4787,173.529,36.9676,180.124,36.5367,172.58,38.3169,180.861,37.303,174.088,38.1323,181.466,37.229,175.329,39.1923,180.334,38.5607,174.749,39.2654,180.111,38.5889,174.623,40.4873,180.944,39.6955,175.057,40.4329,180.909,39.6999,175.139,41.5819,180.83,40.828,174.748,41.6336,181.559,40.7315,175.023,43.0584,181.764,41.7296,175.41,42.9823,179.203,42.2345,174.464,45.0071,179.326,43.2589,173.263,45.4391,179.337,43.2549,172.886,48.4349,179.886,43.9554,174.416,50.0656,179.954,43.9119,176.483,51.6098,180.297,44.2757,178.982,52.7078,180.537,44.0396,181.119,44.5417,181.419,44.0844,181.817,44.6942,181.693,45.0436,
178.282,43.706,219.642
173.653,36.9595,181.013,36.4787,173.529,36.9676,180.124,36.5367,172.58,38.3169,180.861,37.303,174.088,38.1323,181.466,37.229,175.329,39.1923,180.334,38.5607,174.749,39.2654,180.111,38.5889,174.623,40.4873,180.944,39.6955,175.057,40.4329,180.909,39.6999,175.139,41.5819,180.83,40.828,174.748,41.6336,181.559,40.7315,175.023,43.0584,181.764,41.7296,175.41,42.9823,179.203,42.2345,174.464,45.0071,179.326,43.2589,173.263,45.4391,179.337,43.2549,172.886,48.4349,179.886,43.9554,174.416,50.0656,179.954,43.9119,176.483,51.6098,180.297,44.2757,178.982,52.7078,180.537,44.0396,181.892,51.2948,181.119,44.5417,181.954,50.6934,181.419,44.0844,183.947,49.0507,181.817,44.6942,183.955,49.1357,181.693,45.0436,182.598,44.4547,182.826,42.2427,182.998,39.0347,
179.541,45.2602,221.642
175.329,39.1923,180.334,38.5607,174.749,39.2654,180.111,38.5889,174.623,40.4873,180.944,39.6955,175.057,40.4329,180.909,39.6999,175.139,41.5819,180.83,40.828,174.748,41.6336,181.559,40.7315,175.023,43.0584,181.764,41.7296,175.41,42.9823,179.203,42.2345,174.464,45.0071,179.326,43.2589,173.263,45.4391,179.337,43.2549,172.886,48.4349,179.886,43.9554,174.416,50.0656,179.954,43.9119,176.483,51.6098,180.297,44.2757,178.982,52.7078,180.537,44.0396,181.892,51.2948,181.119,44.5417,181.954,50.6934,181.419,44.0844,183.947,49.0507,181.817,44.6942,183.955,49.1357,181.693,45.0436,185.289,48.9951,182.598,44.4547,185.289,48.9974,182.826,42.2427,185.927,49.6814,182.998,39.0347,185.913,50.0092,184.224,38.905,186.381,38.9191,
181.348,46.1143,223.641
175.139,41.5819,180.83,40.828,174.748,41.6336,181.559,40.7315,175.023,43.0584,181.764,41.7296,175.41,42.9823,179.203,42.2345,174.464,45.0071,179.326,43.2589,173.263,45.4391,179.337,43.2549,172.886,48.4349,179.886,43.9554,174.416,50.0656,179.954,43.9119,176.483,51.6098,180.297,44.2757,178.982,52.7078,180.537,44.0396,181.892,51.2948,181.119,44.5417,181.954,50.6934,181.419,44.0844,183.947,49.0507,181.817,44.6942,183.955,49.1357,181.693,45.0436,185.289,48.9951,182.598,44.4547,185.289,48.9974,182.826,42.2427,185.927,49.6814,182.998,39.0347,185.913,50.0092,184.224,38.905,186.381,38.9191,188.858,39.4089,
183.353,46.1434,225.647
174.464,45.0071,179.326,43.2589,173.263,45.4391,179.337,43.2549,172.886,48.4349,179.886,43.9554,174.416,50.0656,179.954,43.9119,176.483,51.6098,180.297,44.2757,178.982,52.7078,180.537,44.0396,181.892,51.2948,181.119,44.5417,181.954,50.6934,181.419,44.0844,183.947,49.0507,181.817,44.6942,183.955,49.1357,181.693,45.0436,185.289,48.9951,182.598,44.4547,185.289,48.9974,182.826,42.2427,185.927,49.6814,182.998,39.0347,185.913,50.0092,184.224,38.905,186.381,38.9191,188.858,39.4089,
185.36,45.9573,227.662
