0.738375,-2.14649,-5.00353,-7.78387,-10.4399,-3.8877,-177.512,-16.7549,-17.5515,-20.2191,-18.7558,-16.9805,-14.9236,-12.6202,-10.1098,-7.43535,-4.64255,-1.77923,1.10564,3.96268,6.74302,9.39907,11.8854,14.1595,16.1823,17.9194,19.341,20.4228,21.1462,21.4989,21.4748,21.0744,20.3045,19.1782,17.715,15.9397,13.8827,11.5794,9.06898,6.3945,3.6017,0,0,0,0,0,0,0,0,0,5.26757e+170,0,0,0,5.82942e+257,0,0,0,0,0,0,0,0,0,0,0,1.79043e+209,0,0,0,1.71412e+214,0,0,0,0,0,0,0,0,0,
0.2166,-2.67032,-5.52045,-8.28503,-10.9168,-13.3706,-15.6046,-17.5805,-19.2644,-13.6894,-222.195,-6.40207,-6.94428,-4.13176,-1.25745,1.62947,4.4796,7.24418,9.87591,12.3297,14.5637,16.5396,18.2236,19.5868,20.6061,21.2638,21.5488,21.4562,20.9876,20.1509,18.9606,17.4369,15.606,13.4992,11.1525,8.60603,5.90342,3.09091,9.06898,6.3945,3.6017,0,0,0,0,0,0,0,0,0,5.26757e+170,0,0,0,5.82942e+257,0,0,0,0,0,0,0,0,0,0,0,1.79043e+209,0,0,0,1.71412e+214,0,0,0,0,0,0,0,0,0,
-3.19459,-6.03964,-8.79026,-11.3994,-13.8224,-16.0177,-17.948,-19.58,-20.8859,-21.8433,-22.436,-22.6536,-22.4925,-21.9555,-21.0517,-19.7966,-18.2117,-16.3241,-14.1661,-11.7746,-9.19058,-6.45818,-3.62418,-0.737073,2.15374,4.99879,7.74941,10.3585,12.7815,14.9769,16.9071,18.5391,19.845,20.8025,21.3951,21.6127,21.4517,20.9146,20.0109,18.7558,17.1709,15.2833,13.1253,10.7338,8.14973,5.41732,2.58333,-0.303778,0,0,5.26757e+170,0,0,0,5.82942e+257,0,0,0,0,0,0,0,0,0,0,0,1.79043e+209,0,0,0,1.71412e+214,0,0,0,0,0,0,0,0,0,
-6.55875,-9.29542,-11.882,-14.2741,-16.4309,-18.3155,-19.8955,-21.1441,-22.0398,-22.5673,-22.7176,-22.4881,-21.8827,-20.9117,-19.5919,-17.9458,-16.0015,-13.7923,-11.3561,-8.7344,-5.9722,-3.11671,-0.216802,2.67791,5.5179,8.25457,10.8411,13.2332,15.39,17.2746,18.8547,20.1033,20.999,21.5265,21.6767,21.4472,20.8418,19.8709,18.5511,16.9049,14.9606,12.7515,10.3152,7.69355,4.93134,2.07586,-0.82405,-3.71876,0,0,5.26757e+170,0,0,0,5.82942e+257,0,0,0,0,0,0,0,0,0,0,0,1.79043e+209,0,0,0,1.71412e+214,0,0,0,0,0,0,0,0,0,
-0.117349,-252.787,-0.244288,-1.56861,-19.3856,-17.6783,-15.6775,-13.4173,-10.9365,-8.27739,-5.4856,-2.60884,0.303644,3.20203,6.03672,8.75922,11.3229,13.684,15.8021,17.6408,19.1688,20.3599,21.1938,21.6561,21.739,21.441,20.7672,19.7292,18.3448,16.6375,14.6366,12.3765,9.89561,7.23654,4.44474,1.56799,20.8418,19.8709,18.5511,16.9049,14.9606,12.7515,10.3152,7.69355,4.93134,2.07586,-0.82405,-3.71876,0,0,5.26757e+170,0,0,0,5.82942e+257,0,0,0,0,0,0,0,0,0,0,0,1.79043e+209,0,0,0,1.71412e+214,0,0,0,0,0,0,0,0,0,
3.95951,1.06104,-1.8645,-4.76704,-7.59692,-10.3057,-9.84696,-309.5,2.85603,6.55606,9.26486,11.8062,14.1367,16.2164,18.0097,19.4859,20.6198,21.392,21.7893,21.8049,21.4384,20.6963,19.5911,18.1418,16.3732,14.3155,12.004,9.47823,6.78134,16.6375,14.6366,12.3765,9.89561,7.23654,4.44474,1.56799,20.8418,19.8709,18.5511,16.9049,14.9606,12.7515,10.3152,7.69355,4.93134,2.07586,-0.82405,-3.71876,0,0,5.26757e+170,0,0,0,5.82942e+257,0,0,0,0,0,0,0,0,0,0,0,1.79043e+209,0,0,0,1.71412e+214,0,0,0,0,0,0,0,0,0,
-5.29121,-8.11691,-10.8126,-13.3323,-15.6327,-17.6745,-19.4228,-20.8477,-21.9248,-22.6357,-22.9681,-22.9165,-22.4817,-21.6711,-6.22072,-95.8914,1.28986,7.07606,9.77179,12.2914,14.5918,16.6337,18.382,19.8069,20.884,21.5948,21.9273,21.8756,21.4408,20.6302,19.4577,17.9434,16.1132,13.9983,11.6351,9.06381,6.32858,3.47615,0.555339,-2.38388,14.9606,12.7515,10.3152,7.69355,4.93134,2.07586,-0.82405,-3.71876,0,0,5.26757e+170,0,0,0,5.82942e+257,0,0,0,0,0,0,0,0,0,0,0,1.79043e+209,0,0,0,1.71412e+214,0,0,0,0,0,0,0,0,0,
-5.81535,-6.69066,-151.643,-17.9017,-22.992,-22.4888,-21.6097,-20.3698,-18.7903,-16.8981,-14.7258,-12.3103,-9.69318,-6.91907,-4.03549,-1.09176,1.86175,4.7745,7.59664,10.2799,12.7784,15.0493,17.0538,18.7576,20.1316,21.1522,21.802,22.0698,21.9511,21.4479,20.5689,19.329,17.7494,15.8573,13.6849,11.2695,8.65232,5.87822,2.99463,0.0509041,-2.9026,12.7515,10.3152,7.69355,4.93134,2.07586,-0.82405,-3.71876,0,0,5.26757e+170,0,0,0,5.82942e+257,0,0,0,0,0,0,0,0,0,0,0,1.79043e+209,0,0,0,1.71412e+214,0,0,0,0,0,0,0,0,0,
-125.024,-214.947,-1.20785,-3.55616,-0.588833,2.37966,5.29854,8.11785,10.7894,13.2674,15.5094,17.4772,19.1371,20.4606,21.4251,22.0142,22.2176,22.032,21.4606,20.513,19.2055,17.5605,15.6062,13.3759,10.9078,8.24425,3.1664,22.0698,21.9511,21.4479,20.5689,19.329,17.7494,15.8573,13.6849,11.2695,8.65232,5.87822,2.99463,0.0509041,-2.9026,12.7515,10.3152,7.69355,4.93134,2.07586,-0.82405,-3.71876,0,0,5.26757e+170,0,0,0,5.82942e+257,0,0,0,0,0,0,0,0,0,0,0,1.79043e+209,0,0,0,1.71412e+214,0,0,0,0,0,0,0,0,0,
7.83749,4.98426,2.03684,-0.954337,-2.96356,-323.075,8.50315,13.7571,15.9705,17.9019,19.518,20.7912,21.6998,22.2282,22.3674,22.115,21.4752,20.4591,19.0841,17.3736,15.3569,13.0686,10.5477,13.3759,10.9078,8.24425,3.1664,22.0698,21.9511,21.4479,20.5689,19.329,17.7494,15.8573,13.6849,11.2695,8.65232,5.87822,2.99463,0.0509041,-2.9026,12.7515,10.3152,7.69355,4.93134,2.07586,-0.82405,-3.71876,0,0,5.26757e+170,0,0,0,5.82942e+257,0,0,0,0,0,0,0,0,0,0,0,1.79043e+209,0,0,0,1.71412e+214,0,0,0,0,0,0,0,0,0,
4.533,1.55463,-1.45924,-2.17917,-191.808,-50.319,-53.484,7.40978,18.3209,19.8923,21.1145,21.9665,22.4337,22.5082,22.1886,21.4805,20.396,18.9535,17.1779,15.0994,12.7537,10.1808,7.4249,13.3759,10.9078,8.24425,3.1664,22.0698,21.9511,21.4479,20.5689,19.329,17.7494,15.8573,13.6849,11.2695,8.65232,5.87822,2.99463,0.0509041,-2.9026,12.7515,10.3152,7.69355,4.93134,2.07586,-0.82405,-3.71876,0,0,5.26757e+170,0,0,0,5.82942e+257,0,0,0,0,0,0,0,0,0,0,0,1.79043e+209,0,0,0,1.71412e+214,0,0,0,0,0,0,0,0,0,
4.07128,1.06442,-1.96956,-4.26292,-0.289429,-174.349,-171.773,0.248834,6.62196,9.67723,12.3092,14.7216,16.8733,18.7273,20.252,21.4212,22.2151,22.6199,22.6288,22.2416,21.465,20.3121,18.8028,16.9629,14.8239,12.4223,9.79921,6.99958,21.9511,21.4479,20.5689,19.329,17.7494,15.8573,13.6849,11.2695,8.65232,5.87822,2.99463,0.0509041,-2.9026,12.7515,10.3152,7.69355,4.93134,2.07586,-0.82405,-3.71876,0,0,5.26757e+170,0,0,0,5.82942e+257,0,0,0,0,0,0,0,0,0,0,0,1.79043e+209,0,0,0,1.71412e+214,0,0,0,0,0,0,0,0,0,
3.59577,0.563957,-2.48641,-1.03797,-24.2062,-200.489,-117.977,0.747683,9.44215,12.8026,15.1875,17.3036,19.1147,20.5898,21.7037,22.4374,22.7783,22.7205,22.2651,21.4198,20.199,18.6238,16.721,14.5232,12.068,9.39745,6.55716,6.99958,21.9511,21.4479,20.5689,19.329,17.7494,15.8573,13.6849,11.2695,8.65232,5.87822,2.99463,0.0509041,-2.9026,12.7515,10.3152,7.69355,4.93134,2.07586,-0.82405,-3.71876,0,0,5.26757e+170,0,0,0,5.82942e+257,0,0,0,0,0,0,0,0,0,0,0,1.79043e+209,0,0,0,1.71412e+214,0,0,0,0,0,0,0,0,0,
3.10378,0.0519382,-3.0097,-6.02874,-8.95353,-6.6379,-331.309,2.82163,7.91268,10.6932,13.2818,15.6343,17.7103,19.4745,20.8965,21.952,22.6231,22.8982,22.7725,22.2483,21.3346,20.0468,18.4072,16.4437,14.19,11.6845,8.97027,6.09361,21.9511,21.4479,20.5689,19.329,17.7494,15.8573,13.6849,11.2695,8.65232,5.87822,2.99463,0.0509041,-2.9026,12.7515,10.3152,7.69355,4.93134,2.07586,-0.82405,-3.71876,0,0,5.26757e+170,0,0,0,5.82942e+257,0,0,0,0,0,0,0,0,0,0,0,1.79043e+209,0,0,0,1.71412e+214,0,0,0,0,0,0,0,0,0,
-3.53543,-6.5525,-9.46637,-12.2272,-14.7877,-17.104,-19.1367,-20.8508,-22.217,-23.212,-1.48268,-208.167,-0.143169,0.486228,8.42552,11.1863,13.7468,16.0632,18.0958,19.8099,21.1761,22.1712,22.7779,22.986,22.7919,22.1989,21.2172,19.8636,18.1611,16.1391,13.832,11.2793,8.52467,5.61532,2.60098,-0.466764,8.65232,5.87822,2.99463,0.0509041,-2.9026,12.7515,10.3152,7.69355,4.93134,2.07586,-0.82405,-3.71876,0,0,5.26757e+170,0,0,0,5.82942e+257,0,0,0,0,0,0,0,0,0,0,0,1.79043e+209,0,0,0,1.71412e+214,0,0,0,0,0,0,0,0,0,
-9.97729,-12.7181,-15.2501,-17.5302,-19.5191,-21.1831,-22.4934,-23.4279,-23.9703,-24.1115,-23.8491,-23.1875,-22.1381,-20.7188,-18.9539,-16.8736,-14.5134,-11.9139,-9.11942,-6.1778,-3.13938,-0.0561489,3.01914,6.03386,8.93644,11.6772,14.2093,16.4893,18.4783,20.1422,21.4526,22.387,22.9295,23.0707,22.8083,22.1467,21.0972,19.6779,17.913,15.8327,13.4726,10.8731,8.07857,5.13695,2.09853,-0.984703,-4.05999,-7.07471,0,0,5.26757e+170,0,0,0,5.82942e+257,0,0,0,0,0,0,0,0,0,0,0,1.79043e+209,0,0,0,1.71412e+214,0,0,0,0,0,0,0,0,0,
-14.4575,-14.1634,-11.5159,-8.68028,-5.70506,-2.64113,0.459092,3.54255,6.55649,9.44934,12.1716,14.6767,16.9218,18.8684,20.4833,21.7388,22.6134,23.0923,18.5671,162.419,-1.01031,-310.494,3.01914,6.03386,8.93644,11.6772,14.2093,16.4893,18.4783,20.1422,21.4526,22.387,22.9295,23.0707,22.8083,22.1467,21.0972,19.6779,17.913,15.8327,13.4726,10.8731,8.07857,5.13695,2.09853,-0.984703,-4.05999,-7.07471,0,0,5.26757e+170,0,0,0,5.82942e+257,0,0,0,0,0,0,0,0,0,0,0,1.79043e+209,0,0,0,1.71412e+214,0,0,0,0,0,0,0,0,0,
-11.0059,-13.7115,-16.1915,-4.57182,-297.081,1.75886,9.96508,12.4224,0.058046,0.190152,226.342,94.7637,1.00792,-2.0123,-5.10583,-8.1209,22.6134,23.0923,18.5671,162.419,-1.01031,-310.494,3.01914,6.03386,8.93644,11.6772,14.2093,16.4893,18.4783,20.1422,21.4526,22.387,22.9295,23.0707,22.8083,22.1467,21.0972,19.6779,17.913,15.8327,13.4726,10.8731,8.07857,5.13695,2.09853,-0.984703,-4.05999,-7.07471,0,0,5.26757e+170,0,0,0,5.82942e+257,0,0,0,0,0,0,0,0,0,0,0,1.79043e+209,0,0,0,1.71412e+214,0,0,0,0,0,0,0,0,0,
-14.217,-16.6744,-18.8553,-20.7226,-22.2441,-23.394,-24.1525,-15.7324,-143.237,-42.5322,6.39575,10.4845,13.1762,9.8736,189.236,103.88,5.75927,6.78986,3.74172,0.620647,-2.51995,-5.62633,-8.64534,-11.5253,8.93644,11.6772,14.2093,16.4893,18.4783,20.1422,21.4526,22.387,22.9295,23.0707,22.8083,22.1467,21.0972,19.6779,17.913,15.8327,13.4726,10.8731,8.07857,5.13695,2.09853,-0.984703,-4.05999,-7.07471,0,0,5.26757e+170,0,0,0,5.82942e+257,0,0,0,0,0,0,0,0,0,0,0,1.79043e+209,0,0,0,1.71412e+214,0,0,0,0,0,0,0,0,0,
-17.1663,-19.3192,-21.1505,-22.6287,-23.7287,-24.4316,-24.7253,-24.6049,-24.0724,-23.1369,-21.8145,-20.1277,-18.1054,-15.7822,-13.1979,-10.3967,-7.42651,-4.33813,-1.18444,1.98061,5.10287,8.12892,11.007,13.6878,16.1255,18.2784,20.1096,21.5879,22.7249,5.27332,118.748,81.3564,4.40571,6.38565,3.29728,0.14359,-3.02147,-6.14373,-9.16977,-12.0478,-14.7286,10.8731,8.07857,5.13695,2.09853,-0.984703,-4.05999,-7.07471,0,0,5.26757e+170,0,0,0,5.82942e+257,0,0,0,0,0,0,0,0,0,0,0,1.79043e+209,0,0,0,1.71412e+214,0,0,0,0,0,0,0,0,0,
-17.6632,-19.7899,-21.5868,-23.0233,-24.0748,-24.7232,-24.9575,-24.7737,-24.1749,-23.1714,-21.7803,-20.0254,-17.9369,-15.5503,-12.9065,-10.0508,-7.03208,-3.90192,-0.713897,2.47744,5.61747,8.65249,11.5306,14.2024,16.6224,18.749,20.546,21.9824,19.2655,175.434,35.1968,2.91887,5.99123,2.86107,-0.326954,-3.51829,-6.65833,-9.69334,-12.5714,-15.2433,-14.7286,10.8731,8.07857,5.13695,2.09853,-0.984703,-4.05999,-7.07471,0,0,5.26757e+170,0,0,0,5.82942e+257,0,0,0,0,0,0,0,0,0,0,0,1.79043e+209,0,0,0,1.71412e+214,0,0,0,0,0,0,0,0,0,
-18.1605,-20.2612,-22.0241,-23.4191,-24.4223,-25.0165,-25.1915,-24.9445,-24.2795,-23.208,-21.7484,-19.9255,-17.7706,-15.3205,-12.6172,-9.7069,-6.63943,-3.46726,-0.244678,2.97319,6.13128,9.17556,12.0539,14.7172,17.1197,19.2204,20.9833,22.3782,4.42671,25.2522,187.06,23.6902,1.4204,-0.796174,-4.01404,-7.17213,-10.2164,-13.0948,-15.758,-15.2433,-14.7286,10.8731,8.07857,5.13695,2.09853,-0.984703,-4.05999,-7.07471,0,0,5.26757e+170,0,0,0,5.82942e+257,0,0,0,0,0,0,0,0,0,0,0,1.79043e+209,0,0,0,1.71412e+214,0,0,0,0,0,0,0,0,0,
-20.7307,-22.4591,-23.8122,-24.7667,-25.3064,-25.422,-25.1115,-24.3803,-23.2408,-21.7126,-19.8217,-17.6006,-15.0873,-12.3247,-9.36014,-6.24433,-3.03059,0.226112,3.47003,6.64568,9.69871,12.5769,15.231,17.6155,19.6898,17.4512,196.198,68.6009,1.04639,1.98973,-1.26696,-4.51089,-7.68653,-10.7396,-13.6177,-16.2718,-18.6564,-13.0948,-15.758,-15.2433,-14.7286,10.8731,8.07857,5.13695,2.09853,-0.984703,-4.05999,-7.07471,0,0,5.26757e+170,0,0,0,5.82942e+257,0,0,0,0,0,0,0,0,0,0,0,1.79043e+209,0,0,0,1.71412e+214,0,0,0,0,0,0,0,0,0,
-19.152,-21.1998,-22.8937,-24.2048,-25.1107,-25.5958,-25.6519,-25.278,-24.4804,-23.2729,-21.6761,-19.7174,-17.4301,-14.8535,-12.0317,-9.01293,-5.84883,-2.59357,0.697161,3.96706,7.16018,10.2219,13.0998,15.7446,18.1112,20.1589,21.8529,0.422148,0.108908,127.601,130.095,3.43215,1.55272,-1.73801,-5.00791,-8.20103,-11.2627,-14.1406,-16.7855,-15.2433,-14.7286,10.8731,8.07857,5.13695,2.09853,-0.984703,-4.05999,-7.07471,0,0,5.26757e+170,0,0,0,5.82942e+257,0,0,0,0,0,0,0,0,0,0,0,1.79043e+209,0,0,0,1.71412e+214,0,0,0,0,0,0,0,0,0,
-19.6489,-21.6706,-23.3304,-24.6,-25.4575,-25.8883,-25.8851,-25.4479,-24.5842,-23.3088,-21.6434,-19.6166,-17.2631,-14.6231,-11.7418,-8.6685,-5.45578,-2.15862,1.16658,4.4629,7.67396,10.7448,13.6229,16.259,18.608,20.6297,22.2896,23.5591,13.5254,134.381,85.6406,0.260499,3.57433,1.11777,-2.20743,-5.50375,-8.71482,-11.7857,-14.6638,-17.2999,-14.7286,10.8731,8.07857,5.13695,2.09853,-0.984703,-4.05999,-7.07471,0,0,5.26757e+170,0,0,0,5.82942e+257,0,0,0,0,0,0,0,0,0,0,0,1.79043e+209,0,0,0,1.71412e+214,0,0,0,0,0,0,0,0,0,
-20.1467,-22.1428,-23.7689,-24.9972,-25.8067,-26.1835,-26.1212,-25.6209,-24.6912,-23.3478,-21.6139,-19.519,-17.0991,-14.3955,-11.4546,-8.32648,-5.06484,-1.72545,1.63457,4.9577,8.18711,11.2675,14.1463,16.774,19.1059,21.1019,22.728,13.4669,21.8523,136.004,91.1725,0.205977,-2.67542,-5.99856,-9.22796,-12.3084,-15.1871,-17.8149,-14.6638,-17.2999,-14.7286,10.8731,8.07857,5.13695,2.09853,-0.984703,-4.05999,-7.07471,0,0,5.26757e+170,0,0,0,5.82942e+257,0,0,0,0,0,0,0,0,0,0,0,1.79043e+209,0,0,0,1.71412e+214,0,0,0,0,0,0,0,0,0,
-22.6153,-24.2077,-25.3948,-26.1564,-26.4793,-26.358,-25.7946,-24.7988,-23.3876,-21.5851,-19.4222,-16.9358,-14.1686,-11.1679,-7.98503,-4.6744,-1.2927,2.10221,5.45225,8.7001,11.7902,14.6696,17.2892,19.604,21.5744,14.5599,106.517,118.063,46.0436,0.210431,-3.14306,-6.4931,-9.74095,-12.831,-15.7105,-18.33,-20.6448,-17.8149,-14.6638,-17.2999,-14.7286,10.8731,8.07857,5.13695,2.09853,-0.984703,-4.05999,-7.07471,0,0,5.26757e+170,0,0,0,5.82942e+257,0,0,0,0,0,0,0,0,0,0,0,1.79043e+209,0,0,0,1.71412e+214,0,0,0,0,0,0,0,0,0,
-21.1434,-23.0884,-24.6474,-25.7935,-26.5072,-26.7762,-26.596,-25.9697,-24.9079,-23.4288,-21.5578,-19.3268,-16.774,-13.9431,-10.8826,-7.64471,-4.28496,-0.860802,2.56918,5.9463,9.21277,12.3127,15.1931,17.8046,20.1025,22.0476,23.6065,17.9119,132.931,101.87,5.14427,3.24411,-0.180049,-3.61003,-6.98715,-10.2536,-13.3536,-16.2339,-18.8454,-17.2999,-14.7286,10.8731,8.07857,5.13695,2.09853,-0.984703,-4.05999,-7.07471,0,0,5.26757e+170,0,0,0,5.82942e+257,0,0,0,0,0,0,0,0,0,0,0,1.79043e+209,0,0,0,1.71412e+214,0,0,0,0,0,0,0,0,0,
-21.6421,-23.5619,-25.0874,-26.1926,-26.8585,-27.0738,-26.8347,-26.1454,-25.0176,-23.4707,-21.5311,-19.232,-16.6128,-13.7182,-10.5977,-7.3049,-3.89597,-0.429283,3.03585,6.44012,9.72531,12.8352,15.7165,18.3201,20.6012,22.521,24.0466,25.1517,5.65083,142.409,80.9233,3.84674,2.85512,-0.611569,-4.0767,-7.48098,-10.7662,-13.876,-16.7574,-19.3609,-14.7286,10.8731,8.07857,5.13695,2.09853,-0.984703,-4.05999,-7.07471,0,0,5.26757e+170,0,0,0,5.82942e+257,0,0,0,0,0,0,0,0,0,0,0,1.79043e+209,0,0,0,1.71412e+214,0,0,0,0,0,0,0,0,0,
-24.0357,-25.5279,-26.5922,-27.2104,-27.372,-27.0741,-26.3219,-25.1282,-23.5135,-21.5053,-19.1381,-16.4523,-13.494,-10.3136,-6.96572,-3.50753,0.00177265,3.50214,6.93367,10.2377,13.3576,16.2401,18.8357,21.1002,22.9948,24.487,25.5513,26.1696,7.80495,118.318,54.707,-9.11,-17.2809,-19.8766,-22.1411,-7.48098,-10.7662,-13.876,-16.7574,-19.3609,-14.7286,10.8731,8.07857,5.13695,2.09853,-0.984703,-4.05999,-7.07471,0,0,5.26757e+170,0,0,0,5.82942e+257,0,0,0,0,0,0,0,0,0,0,0,1.79043e+209,0,0,0,1.71412e+214,0,0,0,0,0,0,0,0,0,
-25.9689,-26.9925,-27.5632,-27.6711,-27.3145,-26.4994,-25.2398,-23.5573,-21.4806,-19.0453,-16.293,-13.2708,-10.0304,-6.62738,-3.11983,0.432192,3.96792,7.42685,10.7498,13.8799,16.7636,19.3516,14.089,313.803,-5.52332,-11.7906,-14.9208,-17.8045,-20.3925,-22.6404,-24.5099,-9.11,-17.2809,-19.8766,-22.1411,-7.48098,-10.7662,-13.876,-16.7574,-19.3609,-14.7286,10.8731,8.07857,5.13695,2.09853,-0.984703,-4.05999,-7.07471,0,0,5.26757e+170,0,0,0,5.82942e+257,0,0,0,0,0,0,0,0,0,0,0,1.79043e+209,0,0,0,1.71412e+214,0,0,0,0,0,0,0,0,0,
-24.9849,-26.411,-27.394,-27.9173,-27.9717,-27.5565,-26.6787,-25.3533,-23.603,-21.4577,-18.9542,-16.1353,-13.0492,-9.74879,-6.29044,-2.73337,0.861569,4.43286,7.9194,11.2615,14.4021,16.2328,0.264474,0.789558,271.638,0.592698,-0.330772,1.26337,53.2644,-0.40568,0.0302984,-15.0678,-18.3281,-20.9086,-23.1403,-7.48098,-10.7662,-13.876,-16.7574,-19.3609,-14.7286,10.8731,8.07857,5.13695,2.09853,-0.984703,-4.05999,-7.07471,0,0,5.26757e+170,0,0,0,5.82942e+257,0,0,0,0,0,0,0,0,0,0,0,1.79043e+209,0,0,0,1.71412e+214,0,0,0,0,0,0,0,0,0,
-26.8534,-27.796,-28.2718,-28.2729,-27.7991,-26.8585,-25.4673,-23.6493,-21.4355,-18.8638,-15.9783,-12.8283,-9.46768,-5.954,-2.34734,1.29057,4.8975,8.41173,11.7731,14.9242,17.811,20.3841,22.5995,9.85284,300.783,-2.39603,-9.45258,-12.814,-15.965,-18.8518,-21.4249,-23.6404,-25.4603,-20.9086,-23.1403,-7.48098,-10.7662,-13.876,-16.7574,-19.3609,-14.7286,10.8731,8.07857,5.13695,2.09853,-0.984703,-4.05999,-7.07471,0,0,5.26757e+170,0,0,0,5.82942e+257,0,0,0,0,0,0,0,0,0,0,0,1.79043e+209,0,0,0,1.71412e+214,0,0,0,0,0,0,0,0,0,
-5.59986,-28.0414,-27.0381,-25.5811,-23.6953,-21.413,-18.7732,-15.821,-12.6071,-9.18637,-5.61737,-1.96115,1.71972,5.36226,8.90414,12.2848,15.4463,18.3346,20.9003,6.17606,178.906,45.7143,95.7249,-7.91852,-13.3256,-16.4871,-19.3755,-4.3,-174.398,-18.8518,-21.4249,-23.6404,-25.4603,-20.9086,-23.1403,-7.48098,-10.7662,-13.876,-16.7574,-19.3609,-14.7286,10.8731,8.07857,5.13695,2.09853,-0.984703,-4.05999,-7.07471,0,0,5.26757e+170,0,0,0,5.82942e+257,0,0,0,0,0,0,0,0,0,0,0,1.79043e+209,0,0,0,1.71412e+214,0,0,0,0,0,0,0,0,0,
1.55585,5.82718,9.39668,12.7965,15.9684,18.8583,21.4165,23.5994,19.3001,259.627,36.7579,0.289326,-3.18992,-6.86803,-10.4375,-10.0177,-407.69,18.3346,20.9003,6.17606,178.906,45.7143,95.7249,-7.91852,-13.3256,-16.4871,-19.3755,-4.3,-174.398,-18.8518,-21.4249,-23.6404,-25.4603,-20.9086,-23.1403,-7.48098,-10.7662,-13.876,-16.7574,-19.3609,-14.7286,10.8731,8.07857,5.13695,2.09853,-0.984703,-4.05999,-7.07471,0,0,5.26757e+170,0,0,0,5.82942e+257,0,0,0,0,0,0,0,0,0,0,0,1.79043e+209,0,0,0,1.71412e+214,0,0,0,0,0,0,0,0,0,
-20.4228,-22.9736,-25.1402,-26.8856,-28.1798,-29.0008,-29.3345,-2.14853,-119.342,-0.0823478,1.69748,24.0993,25.8447,27.139,16.6332,123.849,115.633,-4.18309,-10.9301,-14.3491,-17.5315,45.7143,95.7249,-7.91852,-13.3256,-16.4871,-19.3755,-4.3,-174.398,-18.8518,-21.4249,-23.6404,-25.4603,-20.9086,-23.1403,-7.48098,-10.7662,-13.876,-16.7574,-19.3609,-14.7286,10.8731,8.07857,5.13695,2.09853,-0.984703,-4.05999,-7.07471,0,0,5.26757e+170,0,0,0,5.82942e+257,0,0,0,0,0,0,0,0,0,0,0,1.79043e+209,0,0,0,1.71412e+214,0,0,0,0,0,0,0,0,0,
-27.3606,-28.6219,-29.4024,-29.6886,-29.4758,-28.7676,-27.576,-25.9216,-23.8325,-21.3445,-18.5002,-15.3483,-11.9427,-8.34158,-4.60669,-0.801888,3.00773,6.75699,10.3817,13.8199,17.0128,19.9056,22.4489,24.5992,20.6861,204.892,89.6502,2.19835,-0.238964,-4.04859,-7.79784,-11.4226,-14.8608,-18.0536,-20.9464,-23.4898,-25.6401,-13.876,-16.7574,-19.3609,-14.7286,10.8731,8.07857,5.13695,2.09853,-0.984703,-4.05999,-7.07471,0,0,5.26757e+170,0,0,0,5.82942e+257,0,0,0,0,0,0,0,0,0,0,0,1.79043e+209,0,0,0,1.71412e+214,0,0,0,0,0,0,0,0,0,
-26.1402,-27.8359,-29.0643,-29.8042,-30.0431,-13.9142,-59.6443,-12.9698,-26.0355,-23.8787,-21.3222,-18.4097,-15.1912,-11.7216,-8.06041,-4.27019,-0.415807,3.43678,7.22167,10.8741,14.3315,17.5349,20.4293,22.9652,25.0993,26.795,28.0234,28.7634,29.0023,7.35055,108.294,87.2312,2.02558,-0.625044,-4.47764,-8.26252,-11.9149,-15.3724,-18.5757,-21.4701,-24.0061,10.8731,8.07857,5.13695,2.09853,-0.984703,-4.05999,-7.07471,0,0,5.26757e+170,0,0,0,5.82942e+257,0,0,0,0,0,0,0,0,0,0,0,1.79043e+209,0,0,0,1.71412e+214,0,0,0,0,0,0,0,0,0,
-24.5223,-26.6402,-28.3112,-29.5066,-30.2061,-30.3977,-26.7825,-186.983,-0.0264749,3.86583,7.68634,11.3664,14.8431,18.057,20.9529,23.4815,25.5994,27.2703,28.4658,29.1652,25.2717,107.71,61.79,22.741,-9.69802,-15.884,-19.0978,-21.9938,29.0023,7.35055,108.294,87.2312,2.02558,-0.625044,-4.47764,-8.26252,-11.9149,-15.3724,-18.5757,-21.4701,-24.0061,10.8731,8.07857,5.13695,2.09853,-0.984703,-4.05999,-7.07471,0,0,5.26757e+170,0,0,0,5.82942e+257,0,0,0,0,0,0,0,0,0,0,0,1.79043e+209,0,0,0,1.71412e+214,0,0,0,0,0,0,0,0,0,
-28.7857,-29.9481,-30.6069,-30.7509,-30.3777,-29.4936,-28.1138,-26.2618,-23.9694,-21.2758,-22.5735,-5.54563,-17.9706,-5.78874,-3.59589,0.35749,4.29585,8.1518,11.8594,15.3551,18.5792,21.4765,23.9975,26.0989,25.9845,0.193964,1.56589,289.838,-0.518824,-8.67383,-12.9002,-16.396,-19.6201,-22.5174,-25.0383,-27.1398,-11.9149,-15.3724,-18.5757,-21.4701,-24.0061,10.8731,8.07857,5.13695,2.09853,-0.984703,-4.05999,-7.07471,0,0,5.26757e+170,0,0,0,5.82942e+257,0,0,0,0,0,0,0,0,0,0,0,1.79043e+209,0,0,0,1.71412e+214,0,0,0,0,0,0,0,0,0,
-27.6383,-29.2589,-30.3878,-31.0056,-31.1018,-30.6748,-29.7318,-28.289,-26.371,-24.0108,-21.2486,-18.1318,-14.7136,-11.0526,-7.21135,-3.25564,0.746873,4.7277,8.61873,12.3534,15.8678,19.1018,22,24.5129,17.3597,246.629,14.9921,20.2078,17.0909,13.6727,10.0117,6.1705,2.21479,-1.78772,-5.76855,-9.65958,-13.3942,-16.9086,-20.1426,-23.0408,-25.5537,10.8731,8.07857,5.13695,2.09853,-0.984703,-4.05999,-7.07471,0,0,5.26757e+170,0,0,0,5.82942e+257,0,0,0,0,0,0,0,0,0,0,0,1.79043e+209,0,0,0,1.71412e+214,0,0,0,0,0,0,0,0,0,
-20.6654,-23.5641,-26.0684,-24.216,-289.504,-15.5202,-14.5479,-10.8234,-6.92256,-2.91222,1.13904,5.16191,9.08755,12.8488,16.3813,19.6246,22.5232,25.0275,27.0947,28.6894,29.7844,30.3607,30.4087,29.9275,28.9254,27.4193,25.4353,23.0071,20.1764,16.9915,13.507,9.78251,5.88171,1.00686,-17.5867,-0.602259,-13.2874,-17.4221,-20.1426,-23.0408,-25.5537,10.8731,8.07857,5.13695,2.09853,-0.984703,-4.05999,-7.07471,0,0,5.26757e+170,0,0,0,5.82942e+257,0,0,0,0,0,0,0,0,0,0,0,1.79043e+209,0,0,0,1.71412e+214,0,0,0,0,0,0,0,0,0,
-26.5824,-28.6317,-30.2001,-31.2607,-31.7953,-8.29918,-219.555,2.49485,13.3454,16.8955,20.1477,23.0462,25.5415,27.5909,29.1593,30.2198,21.32,169.161,-16.698,28.6894,29.7844,30.3607,30.4087,29.9275,28.9254,27.4193,25.4353,23.0071,20.1764,16.9915,13.507,9.78251,5.88171,1.00686,-17.5867,-0.602259,-13.2874,-17.4221,-20.1426,-23.0408,-25.5537,10.8731,8.07857,5.13695,2.09853,-0.984703,-4.05999,-7.07471,0,0,5.26757e+170,0,0,0,5.82942e+257,0,0,0,0,0,0,0,0,0,0,0,1.79043e+209,0,0,0,1.71412e+214,0,0,0,0,0,0,0,0,0,
-30.6689,-31.6948,-32.1874,-32.1381,-31.5478,-30.4266,-28.7937,-26.6771,-24.1129,-21.145,-17.8243,-14.2074,-10.3564,-6.33711,-2.21827,1.92962,6.03559,10.0294,13.8427,17.4102,11.8868,412.567,3.0456,1.17742,-2.97047,-7.07644,-11.0702,-14.8835,-18.451,-21.7118,-24.6099,-27.0959,-29.1271,1.00686,-17.5867,-0.602259,-13.2874,-17.4221,-20.1426,-23.0408,-25.5537,10.8731,8.07857,5.13695,2.09853,-0.984703,-4.05999,-7.07471,0,0,5.26757e+170,0,0,0,5.82942e+257,0,0,0,0,0,0,0,0,0,0,0,1.79043e+209,0,0,0,1.71412e+214,0,0,0,0,0,0,0,0,0,
-25.1327,-27.6093,-29.6223,-31.1374,-32.1287,-32.5791,-32.481,-31.836,-30.6553,-28.9589,-26.7759,-24.1436,-21.1072,-17.7186,-14.0356,-10.1214,-6.04297,-1.87002,2.32602,6.47336,10.501,14.3401,17.925,21.1942,24.0919,26.5684,28.5815,30.0966,31.0878,31.5383,31.4401,30.7952,29.6144,27.918,25.735,23.1028,20.0664,16.6777,12.9948,9.08058,5.00212,0.829171,-3.36687,-7.51421,-11.5419,-15.381,-18.9658,-22.235,0,0,5.26757e+170,0,0,0,5.82942e+257,0,0,0,0,0,0,0,0,0,0,0,1.79043e+209,0,0,0,1.71412e+214,0,0,0,0,0,0,0,0,0,
-28.1227,-30.1176,-31.6061,-32.5627,-32.971,-32.8241,-32.1245,-30.8841,-29.1242,-26.8749,-24.1747,-21.0697,-17.6131,-13.864,-9.88668,-5.74905,-1.52197,2.72225,6.91099,10.9726,14.8375,18.4397,21.7174,24.6147,27.0818,29.0767,30.5652,31.5218,31.9302,31.7833,31.0837,29.8433,28.0834,25.8341,23.1338,20.0288,16.5722,12.8232,4.6103,9.47412,-21.5506,-1.04296,-1.14545,-15.8784,-19.4805,-22.7583,-25.6555,-22.235,0,0,5.26757e+170,0,0,0,5.82942e+257,0,0,0,0,0,0,0,0,0,0,0,1.79043e+209,0,0,0,1.71412e+214,0,0,0,0,0,0,0,0,0,
-32.0754,-32.9975,-33.3639,-33.1684,-32.4142,-31.1143,-29.291,-26.9754,-24.2071,-21.0336,-17.5091,-13.6938,-9.65323,-5.45635,-1.17502,3.11751,7.3478,11.4435,15.3344,18.9541,22.2405,25.1376,27.5956,29.5725,31.0345,31.9566,32.323,32.1275,6.02026,120.213,-4.46749,-26.1784,-28.6364,-30.6133,23.1338,20.0288,16.5722,12.8232,4.6103,9.47412,-21.5506,-1.04296,-1.14545,-15.8784,-19.4805,-22.7583,-25.6555,-22.235,0,0,5.26757e+170,0,0,0,5.82942e+257,0,0,0,0,0,0,0,0,0,0,0,1.79043e+209,0,0,0,1.71412e+214,0,0,0,0,0,0,0,0,0,
-32.5469,-33.435,-33.7601,-33.5163,-32.708,-31.349,-23.5079,-119.312,-4.12332,-0.831787,3.50952,7.78187,11.9122,15.8297,19.4676,15.0704,421.966,-5.84103,-12.953,-16.8706,-20.5084,-23.8042,-26.7017,-29.1511,-31.1107,31.9566,32.323,32.1275,6.02026,120.213,-4.46749,-26.1784,-28.6364,-30.6133,23.1338,20.0288,16.5722,12.8232,4.6103,9.47412,-21.5506,-1.04296,-1.14545,-15.8784,-19.4805,-22.7583,-25.6555,-22.235,0,0,5.26757e+170,0,0,0,5.82942e+257,0,0,0,0,0,0,0,0,0,0,0,1.79043e+209,0,0,0,1.71412e+214,0,0,0,0,0,0,0,0,0,
-29.6663,-31.6089,-33.0196,-33.8741,-34.158,-33.8664,-33.0041,-31.5861,-29.6366,-27.1888,-24.2847,-20.9741,-17.3134,-13.3655,-9.19772,-4.8815,-0.490657,3.89968,8.21438,12.3796,16.3242,19.9805,23.286,18.6602,297.06,18.8694,23.2439,19.9332,16.2726,12.3246,8.15687,3.84065,-0.550194,-4.94053,-9.25523,-13.4205,-17.365,-21.0213,-24.3268,-27.225,-21.5506,-1.04296,-1.14545,-15.8784,-19.4805,-22.7583,-25.6555,-22.235,0,0,5.26757e+170,0,0,0,5.82942e+257,0,0,0,0,0,0,0,0,0,0,0,1.79043e+209,0,0,0,1.71412e+214,0,0,0,0,0,0,0,0,0,
-30.1817,-32.1074,-33.4926,-34.3137,-34.5566,-34.2171,-33.301,-31.824,-29.8115,-27.2977,-24.3258,-20.9466,-17.2179,-13.2035,-8.97203,-4.59599,-0.15021,4.28923,8.64638,12.8467,16.8183,20.4932,23.8085,26.7076,29.1408,31.0665,32.4518,33.2729,33.5157,33.1762,32.2601,30.7832,28.7706,26.2569,23.285,19.9058,16.177,12.1626,7.93117,3.55513,-0.890641,-5.33008,-9.68723,-13.8875,-17.8591,-21.534,-24.8494,-27.7485,0,0,5.26757e+170,0,0,0,5.82942e+257,0,0,0,0,0,0,0,0,0,0,0,1.79043e+209,0,0,0,1.71412e+214,0,0,0,0,0,0,0,0,0,
-1.02075,-0.118781,-2.28398,0.190268,4.67881,9.07839,13.3137,17.3124,21.0059,24.3311,27.2311,29.6562,31.565,32.9248,33.7124,33.9142,33.5269,32.5569,9.42577,13.7518,-377.185,20.4932,23.8085,26.7076,29.1408,31.0665,32.4518,33.2729,33.5157,33.1762,32.2601,30.7832,28.7706,26.2569,23.285,19.9058,16.177,12.1626,7.93117,3.55513,-0.890641,-5.33008,-9.68723,-13.8875,-17.8591,-21.534,-24.8494,-27.7485,0,0,5.26757e+170,0,0,0,5.82942e+257,0,0,0,0,0,0,0,0,0,0,0,1.79043e+209,0,0,0,1.71412e+214,0,0,0,0,0,0,0,0,0,
-28.7954,-31.2125,-33.1044,-13.2322,-148.686,327.303,-10.7401,-18.8472,-22.5594,-25.8944,27.2311,29.6562,31.565,32.9248,33.7124,33.9142,33.5269,32.5569,9.42577,13.7518,-377.185,20.4932,23.8085,26.7076,29.1408,31.0665,32.4518,33.2729,33.5157,33.1762,32.2601,30.7832,28.7706,26.2569,23.285,19.9058,16.177,12.1626,7.93117,3.55513,-0.890641,-5.33008,-9.68723,-13.8875,-17.8591,-21.534,-24.8494,-27.7485,0,0,5.26757e+170,0,0,0,5.82942e+257,0,0,0,0,0,0,0,0,0,0,0,1.79043e+209,0,0,0,1.71412e+214,0,0,0,0,0,0,0,0,0,
-29.3189,-31.7281,-33.6034,-34.9126,-35.6334,-35.7533,-35.2704,-34.193,-32.5394,-30.3379,-27.6263,-24.4508,-20.8659,-16.9329,-4.67647,95.4953,3.35517,280.503,22.0014,26.5854,23.41,19.8251,15.8921,11.6782,7.25568,2.70008,-1.91063,-6.49755,-10.9822,-15.2879,-19.3408,-23.0718,-26.4169,26.2569,23.285,19.9058,16.177,12.1626,7.93117,3.55513,-0.890641,-5.33008,-9.68723,-13.8875,-17.8591,-21.534,-24.8494,-27.7485,0,0,5.26757e+170,0,0,0,5.82942e+257,0,0,0,0,0,0,0,0,0,0,0,1.79043e+209,0,0,0,1.71412e+214,0,0,0,0,0,0,0,0,0,
-29.8424,-32.2438,-34.1024,-35.3864,-36.0738,-36.1529,-35.6223,-34.4911,-32.7787,-30.5143,-27.7367,-24.4935,-20.84,-16.8389,-12.5586,-8.07228,-3.45675,1.20901,5.84519,10.3724,14.7133,18.7935,22.5433,25.8984,28.8015,31.2029,33.0615,34.3455,35.0329,35.112,34.5815,33.4503,31.7379,29.4735,26.6959,23.4526,19.7992,15.7981,11.5177,7.03142,2.4159,-2.24987,-6.88604,-11.4133,-15.7542,-19.8344,-23.5842,-26.9393,0,0,5.26757e+170,0,0,0,5.82942e+257,0,0,0,0,0,0,0,0,0,0,0,1.79043e+209,0,0,0,1.71412e+214,0,0,0,0,0,0,0,0,0,
-34.6015,-35.8604,-36.5146,-36.5529,-35.9747,-34.7899,-33.0187,-30.6914,-27.8479,-24.5369,-20.8149,-16.7456,-12.3988,-7.84866,-3.17317,1.54771,6.2332,10.8031,15.1793,19.2869,23.0555,26.4208,29.3251,31.7187,33.5607,34.8196,35.4737,35.5121,34.9339,33.749,31.9778,29.6506,4.8282,48.7434,-3.66121,-24.0964,-27.4616,-30.3659,-32.7595,7.03142,2.4159,-2.24987,-6.88604,-11.4133,-15.7542,-19.8344,-23.5842,-26.9393,0,0,5.26757e+170,0,0,0,5.82942e+257,0,0,0,0,0,0,0,0,0,0,0,1.79043e+209,0,0,0,1.71412e+214,0,0,0,0,0,0,0,0,0,
-33.2754,-35.1009,-12.8891,-340.777,0.669042,6.62089,11.2336,15.6451,19.78,23.5676,26.9431,29.8486,32.2346,34.06,7.91776,294.082,36.6351,-1.35272,-12.2744,-16.686,-20.8209,-24.6085,-27.9839,-30.8895,33.5607,34.8196,35.4737,35.5121,34.9339,33.749,31.9778,29.6506,4.8282,48.7434,-3.66121,-24.0964,-27.4616,-30.3659,-32.7595,7.03142,2.4159,-2.24987,-6.88604,-11.4133,-15.7542,-19.8344,-23.5842,-26.9393,0,0,5.26757e+170,0,0,0,5.82942e+257,0,0,0,0,0,0,0,0,0,0,0,1.79043e+209,0,0,0,1.71412e+214,0,0,0,0,0,0,0,0,0,
-31.413,-33.7912,-35.6001,-36.8087,-37.3965,-37.3533,-36.6798,-35.3877,-33.499,-31.046,-9.0399,-50.3616,6.52885,24.0799,27.4655,30.3722,32.7503,34.5592,35.7679,36.3556,17.0458,213.3,9.25892,15.5186,11.0387,6.36097,1.56552,-3.26561,-8.04977,-12.7051,-17.152,-21.3142,-25.1207,-28.5063,-3.66121,-24.0964,-27.4616,-30.3659,-32.7595,7.03142,2.4159,-2.24987,-6.88604,-11.4133,-15.7542,-19.8344,-23.5842,-26.9393,0,0,5.26757e+170,0,0,0,5.82942e+257,0,0,0,0,0,0,0,0,0,0,0,1.79043e+209,0,0,0,1.71412e+214,0,0,0,0,0,0,0,0,0,
-31.9366,-34.3069,-36.0991,-37.2826,-37.837,-37.753,-37.0319,-35.686,-33.7385,-31.2226,-28.1814,-24.6669,-20.7393,-16.4657,-11.9192,-7.17777,-2.3224,2.56381,7.39725,12.0952,16.5773,20.7669,24.5922,27.9878,30.8957,33.266,35.0582,36.2417,36.7962,36.7121,35.991,34.6452,32.6977,30.1818,27.1406,23.6261,19.6984,15.4248,10.8784,6.13692,1.28154,-3.60466,-8.4381,-13.1361,-17.6182,-21.8077,-25.6331,-29.0287,0,0,5.26757e+170,0,0,0,5.82942e+257,0,0,0,0,0,0,0,0,0,0,0,1.79043e+209,0,0,0,1.71412e+214,0,0,0,0,0,0,0,0,0,
-36.598,-37.7562,-38.2773,-27.2943,-127.071,-22.4628,-28.2916,-24.7093,-20.7131,-16.3714,-11.7585,-6.95325,-2.03798,2.90326,7.78593,12.5265,17.0438,21.2605,25.1046,28.5103,31.4192,33.7816,35.5571,36.7153,37.2364,37.1115,36.3427,34.9431,32.9368,30.3579,27.2508,11.5647,-71.444,-15.8603,-34.8225,23.6261,19.6984,15.4248,10.8784,6.13692,1.28154,-3.60466,-8.4381,-13.1361,-17.6182,-21.8077,-25.6331,-29.0287,0,0,5.26757e+170,0,0,0,5.82942e+257,0,0,0,0,0,0,0,0,0,0,0,1.79043e+209,0,0,0,1.71412e+214,0,0,0,0,0,0,0,0,0,
-37.0968,-38.2298,-38.7175,-38.5517,-1.93025,-234.32,-0.172633,0.590768,12.9578,17.5103,21.7542,25.6171,29.0327,31.9427,34.2972,0.298039,0.026485,326.423,0.026485,-0.231655,-26.6579,-30.0736,-32.9835,-35.3381,37.2364,37.1115,36.3427,34.9431,32.9368,30.3579,27.2508,11.5647,-71.444,-15.8603,-34.8225,23.6261,19.6984,15.4248,10.8784,6.13692,1.28154,-3.60466,-8.4381,-13.1361,-17.6182,-21.8077,-25.6331,-29.0287,0,0,5.26757e+170,0,0,0,5.82942e+257,0,0,0,0,0,0,0,0,0,0,0,1.79043e+209,0,0,0,1.71412e+214,0,0,0,0,0,0,0,0,0,
-37.5957,-38.7033,-39.1577,-38.9509,-38.0866,-36.5795,-34.4555,-31.7508,-28.5117,-24.7938,-20.6604,-16.1825,-11.4366,-6.09739,-1.65033,3.35847,8.56348,13.3891,17.9768,22.248,26.1296,29.5552,10.46,410.757,6.32108,15.1417,10.3958,5.46309,0.428037,-4.62325,-9.60434,-14.43,-19.0177,-23.2888,-27.1704,-30.596,-33.507,-35.8536,10.8784,6.13692,1.28154,-3.60466,-8.4381,-13.1361,-17.6182,-21.8077,-25.6331,-29.0287,0,0,5.26757e+170,0,0,0,5.82942e+257,0,0,0,0,0,0,0,0,0,0,0,1.79043e+209,0,0,0,1.71412e+214,0,0,0,0,0,0,0,0,0,
-36.3692,-38.0945,-39.1769,-39.5978,-39.3502,-38.4381,-36.8773,-34.6944,-31.9268,-28.6218,-24.8359,-20.6341,-16.0881,-11.2757,-6.27926,-1.18432,3.92199,8.95229,13.8205,18.4433,22.7417,26.642,30.0776,32.9897,35.3283,37.0536,38.136,38.557,38.3093,37.3973,35.8365,33.6536,30.8859,27.5809,23.7951,19.5932,15.0472,10.2348,5.23841,0.143464,-4.96284,-9.99314,-14.8614,-19.4842,-23.7826,-27.6829,-31.1185,-34.0305,0,0,5.26757e+170,0,0,0,5.82942e+257,0,0,0,0,0,0,0,0,0,0,0,1.79043e+209,0,0,0,1.71412e+214,0,0,0,0,0,0,0,0,0,
-36.8848,-38.5934,-39.6505,-40.0381,-39.7496,-38.7898,-37.1752,-34.9335,-32.1029,-28.732,-24.8783,-20.6079,-15.9938,-11.1149,-6.05476,-0.899915,4.26143,9.34095,14.2517,18.9098,23.2354,27.1545,30.6001,33.5132,35.8439,37.5525,38.6097,38.9973,38.7087,37.749,36.1344,33.8927,31.0621,27.6911,23.8375,19.5671,14.9529,10.0741,3.92421,-17.999,-11.969,-19.9506,-24.2762,-28.1953,-31.6409,-34.554,-31.1185,-34.0305,0,0,5.26757e+170,0,0,0,5.82942e+257,0,0,0,0,0,0,0,0,0,0,0,1.79043e+209,0,0,0,1.71412e+214,0,0,0,0,0,0,0,0,0,
-40.1244,-40.4787,-40.1493,-39.1419,-37.4736,-35.1731,-32.2796,-28.8428,-24.9213,-20.5823,-15.9001,-10.9547,-5.83077,-0.615985,4.60044,9.72924,14.6827,19.376,23.7288,27.6668,31.1224,34.0367,36.3596,38.0516,39.0835,39.4379,22.4986,220.101,-11.7455,-24.7697,-28.7076,-32.1633,-35.0775,-37.4005,-39.0924,19.5671,14.9529,10.0741,3.92421,-17.999,-11.969,-19.9506,-24.2762,-28.1953,-31.6409,-34.554,-31.1185,-34.0305,0,0,5.26757e+170,0,0,0,5.82942e+257,0,0,0,0,0,0,0,0,0,0,0,1.79043e+209,0,0,0,1.71412e+214,0,0,0,0,0,0,0,0,0,
-39.5917,-40.5986,-40.9197,-40.5495,-39.4945,-37.7726,-35.4133,-32.457,-28.9542,-24.9649,-20.5574,-15.807,-10.7951,-5.60737,-0.332609,4.93894,10.1171,15.1132,19.8418,24.2221,28.179,31.6448,34.5602,36.8755,38.1308,0.0838093,0.336146,262.249,51.3625,47.8688,-0.562243,-5.97979,-11.1579,-16.1541,-20.8827,-25.2629,-29.2198,-32.6856,-35.6011,-37.9163,-11.969,-19.9506,-24.2762,-28.1953,-31.6409,-34.554,-31.1185,-34.0305,0,0,5.26757e+170,0,0,0,5.82942e+257,0,0,0,0,0,0,0,0,0,0,0,1.79043e+209,0,0,0,1.71412e+214,0,0,0,0,0,0,0,0,0,
-40.0912,-41.0731,-41.3611,-40.9503,-39.8477,-38.0723,-35.6543,-32.6352,-29.0665,-25.0095,-20.5334,-15.7149,-10.6364,-5.38482,-0.0500196,5.27673,10.5043,15.5432,20.3073,24.715,28.6909,32.167,35.0838,37.3915,39.0504,40.0323,40.3203,39.9095,38.8069,37.0314,26.4876,118.225,22.8563,1.1565,-24.5762,-12.9884,-21.3482,-25.7559,-29.7318,-33.2079,-36.1247,-38.4323,-24.2762,-28.1953,-31.6409,-34.554,-31.1185,-34.0305,0,0,5.26757e+170,0,0,0,5.82942e+257,0,0,0,0,0,0,0,0,0,0,0,1.79043e+209,0,0,0,1.71412e+214,0,0,0,0,0,0,0,0,0,
-41.5477,-41.8026,-41.3512,-40.2011,-38.3721,-35.8954,-32.8135,-29.179,-25.0541,-20.5095,-15.6229,-10.4778,-5.16239,0.232464,5.61443,10.8914,15.9732,20.7727,25.2079,29.2029,32.6893,35.6075,37.9075,39.55,40.5069,40.7618,40.3103,20.2601,171.736,-69.6117,-25.4295,-36.6483,-38.9483,-40.5908,-24.5762,-12.9884,-21.3482,-25.7559,-29.7318,-33.2079,-36.1247,-38.4323,-24.2762,-28.1953,-31.6409,-34.554,-31.1185,-34.0305,0,0,5.26757e+170,0,0,0,5.82942e+257,0,0,0,0,0,0,0,0,0,0,0,1.79043e+209,0,0,0,1.71412e+214,0,0,0,0,0,0,0,0,0,
-42.2437,-41.7516,-40.5539,-38.6713,-36.1359,-32.9911,-29.2907,-25.098,-20.4849,-15.5301,-10.3185,-4.93926,0.515585,5.95271,11.2791,16.4035,21.2384,25.701,29.715,33.2116,36.131,38.4233,40.0493,40.9812,16.2897,178.094,-13.5418,-37.1719,-39.4642,-41.0902,-42.022,-36.6483,-38.9483,-40.5908,-24.5762,-12.9884,-21.3482,-25.7559,-29.7318,-33.2079,-36.1247,-38.4323,-24.2762,-28.1953,-31.6409,-34.554,-31.1185,-34.0305,0,0,5.26757e+170,0,0,0,5.82942e+257,0,0,0,0,0,0,0,0,0,0,0,1.79043e+209,0,0,0,1.71412e+214,0,0,0,0,0,0,0,0,0,
-42.496,-42.6844,-42.1514,-40.9061,-38.9698,-36.3756,-33.1679,-29.4016,-25.1412,-20.4594,-15.4365,-10.1584,-4.71542,0.799373,6.29159,11.6672,16.8344,21.7045,26.1944,30.2273,32.4642,0.213039,1.05638,361.818,126.224,-1.34195,-7.33244,-12.7081,-17.8752,-22.7454,-27.2353,-31.2681,-34.7748,-37.6954,-39.9799,-41.5893,-21.3482,-25.7559,-29.7318,-33.2079,-36.1247,-38.4323,-24.2762,-28.1953,-31.6409,-34.554,-31.1185,-34.0305,0,0,5.26757e+170,0,0,0,5.82942e+257,0,0,0,0,0,0,0,0,0,0,0,1.79043e+209,0,0,0,1.71412e+214,0,0,0,0,0,0,0,0,0,
-40.4953,-42.0878,-42.969,-43.124,-42.5499,-41.2568,-39.2666,-36.6135,-33.3428,-29.5105,-25.1822,-20.4319,-15.3409,-9.99638,-4.48968,1.08493,6.63207,12.0568,17.2664,22.1716,26.6886,30.74,34.2565,37.178,39.4544,41.0469,41.9282,42.0831,41.5091,40.2159,38.2258,35.5726,32.3019,28.4697,24.1413,19.3911,14.3001,8.95553,3.44883,-2.12578,-7.67292,-13.0977,-18.3072,-23.2125,-27.7294,-31.7808,-35.2974,-38.2188,0,0,5.26757e+170,0,0,0,5.82942e+257,0,0,0,0,0,0,0,0,0,0,0,1.79043e+209,0,0,0,1.71412e+214,0,0,0,0,0,0,0,0,0,
-38.7421,-41.0102,-42.5855,-43.4411,-43.5623,-42.947,-41.6058,-39.5616,-36.8494,-33.5156,-29.6172,-25.221,-20.4021,-15.2431,-9.83218,-4.26192,1.37236,6.97426,12.4479,17.6997,22.6397,27.1834,31.2532,34.7792,37.7013,39.9694,41.5447,42.4002,42.5214,41.9061,40.5649,38.5207,35.8085,32.4747,28.5763,24.1801,19.3613,14.2023,8.79133,3.22107,-2.41322,-8.01511,-13.4888,-18.7405,-23.6805,-28.2243,-32.294,-35.8201,0,0,5.26757e+170,0,0,0,5.82942e+257,0,0,0,0,0,0,0,0,0,0,0,1.79043e+209,0,0,0,1.71412e+214,0,0,0,0,0,0,0,0,0,
-39.2654,-33.4981,-411.263,-12.2166,-9.6667,-4.03293,1.66093,7.31747,12.8399,18.1337,23.1084,27.6787,31.7666,35.302,38.2245,40.4841,42.042,42.8717,42.959,42.3023,40.9129,38.8145,15.4383,119.758,0.602953,-12.0839,-24.1492,-28.7196,-32.8075,-36.3429,40.5649,38.5207,35.8085,32.4747,28.5763,24.1801,19.3613,14.2023,8.79133,3.22107,-2.41322,-8.01511,-13.4888,-18.7405,-23.6805,-28.2243,-32.294,-35.8201,0,0,5.26757e+170,0,0,0,5.82942e+257,0,0,0,0,0,0,0,0,0,0,0,1.79043e+209,0,0,0,1.71412e+214,0,0,0,0,0,0,0,0,0,
-33.321,-36.8657,-21.0638,-254.875,-171.157,2.52476,28.1742,32.2801,35.8249,38.7477,40.9987,42.5393,43.3431,43.2712,0.013602,0.111548,288.996,-0.0223675,0.013602,-8.69304,-14.273,-19.6088,-24.6181,-29.215,0.602953,-12.0839,-24.1492,-28.7196,-32.8075,-36.3429,40.5649,38.5207,35.8085,32.4747,28.5763,24.1801,19.3613,14.2023,8.79133,3.22107,-2.41322,-8.01511,-13.4888,-18.7405,-23.6805,-28.2243,-32.294,-35.8201,0,0,5.26757e+170,0,0,0,5.82942e+257,0,0,0,0,0,0,0,0,0,0,0,1.79043e+209,0,0,0,1.71412e+214,0,0,0,0,0,0,0,0,0,
-29.7107,-33.8347,-37.3886,-40.3117,-42.554,-44.0771,-30.7796,-18.9986,-208.596,-0.128888,2.27187,36.3478,39.2709,41.5132,43.0363,43.8141,43.8333,43.0937,41.6078,39.401,35.7064,0.202314,0.602313,119.515,0.136816,0.202314,7.95419,2.53284,-3.2801,-9.04581,-14.6657,-20.0435,-25.0873,32.4747,28.5763,24.1801,19.3613,14.2023,8.79133,3.22107,-2.41322,-8.01511,-13.4888,-18.7405,-23.6805,-28.2243,-32.294,-35.8201,0,0,5.26757e+170,0,0,0,5.82942e+257,0,0,0,0,0,0,0,0,0,0,0,1.79043e+209,0,0,0,1.71412e+214,0,0,0,0,0,0,0,0,0,
-30.2062,-34.3483,-37.9115,-40.8349,-43.0686,-35.5704,-317.469,51.6094,0.525457,0.0378867,36.3071,39.7941,42.0277,43.5334,44.2852,44.2705,43.4893,41.9551,39.6942,36.7452,0.589364,40.6253,0.00747983,82.3998,3.5012,0.16551,-0.672534,-9.38963,-15.0582,-20.478,-25.5563,-20.0435,-25.0873,32.4747,28.5763,24.1801,19.3613,14.2023,8.79133,3.22107,-2.41322,-8.01511,-13.4888,-18.7405,-23.6805,-28.2243,-32.294,-35.8201,0,0,5.26757e+170,0,0,0,5.82942e+257,0,0,0,0,0,0,0,0,0,0,0,1.79043e+209,0,0,0,1.71412e+214,0,0,0,0,0,0,0,0,0,
-38.4343,-41.3581,-43.5831,-45.0714,-11.6033,-281.668,18.5478,17.9317,37.3935,40.3173,42.5423,44.0305,44.7564,44.7077,43.8851,28.5581,32.6405,125.283,-1.60987,-9.15538,-30.7018,-34.8618,0.00747983,82.3998,3.5012,0.16551,-0.672534,-9.38963,-15.0582,-20.478,-25.5563,-20.0435,-25.0873,32.4747,28.5763,24.1801,19.3613,14.2023,8.79133,3.22107,-2.41322,-8.01511,-13.4888,-18.7405,-23.6805,-28.2243,-32.294,-35.8201,0,0,5.26757e+170,0,0,0,5.82942e+257,0,0,0,0,0,0,0,0,0,0,0,1.79043e+209,0,0,0,1.71412e+214,0,0,0,0,0,0,0,0,0,
-44.0978,-45.5687,-46.2687,-46.186,-45.322,-43.6914,-41.3221,-38.2547,-34.5416,-16.9011,2.3761,16.8507,34.3345,37.9163,40.8405,43.057,21.6057,408.582,-2.01224,-10.0766,-15.8426,-21.3465,-26.494,-31.1971,-35.3753,-38.9572,-41.8813,-9.38963,-15.0582,-20.478,-25.5563,-20.0435,-25.0873,32.4747,28.5763,24.1801,19.3613,14.2023,8.79133,3.22107,-2.41322,-8.01511,-13.4888,-18.7405,-23.6805,-28.2243,-32.294,-35.8201,0,0,5.26757e+170,0,0,0,5.82942e+257,0,0,0,0,0,0,0,0,0,0,0,1.79043e+209,0,0,0,1.71412e+214,0,0,0,0,0,0,0,0,0,
-44.6128,-46.0666,-46.741,-46.6246,-45.7193,-44.0406,-41.6174,-38.4909,-34.7147,-30.3535,-25.4818,-20.1831,-14.5479,-8.67265,-2.65794,3.39334,9.37765,15.1926,20.7387,25.9211,30.651,34.8476,38.439,41.3638,43.572,45.0257,45.7001,45.5837,44.6784,42.9998,40.5765,37.45,23.6851,75.6361,29.1976,0.859305,-4.43419,-10.4185,-16.2335,-21.7796,-26.9619,-31.6918,-35.8884,-39.4798,-42.4047,-28.2243,-32.294,-35.8201,0,0,5.26757e+170,0,0,0,5.82942e+257,0,0,0,0,0,0,0,0,0,0,0,1.79043e+209,0,0,0,1.71412e+214,0,0,0,0,0,0,0,0,0,
-42.928,-45.1279,-46.5646,-47.2135,-47.0634,-46.1169,-44.3903,-41.9131,-38.7276,-34.8884,-30.4611,-25.5215,-20.1542,-14.4509,-8.50931,-2.43099,3.68001,9.71915,15.5831,21.1715,26.3887,31.1456,35.3606,38.9616,41.8872,44.0871,45.5238,46.1726,46.0225,45.0761,43.3494,40.8722,37.6867,33.8475,29.4202,24.4807,24.3732,0.746627,0.113521,6.34838,8.40695,1.39014,-4.72087,-10.76,-16.6239,-22.2123,-27.4296,-32.1864,-36.4014,-40.0025,5.26757e+170,0,0,0,5.82942e+257,0,0,0,0,0,0,0,0,0,0,0,1.79043e+209,0,0,0,1.71412e+214,0,0,0,0,0,0,0,0,0,
-47.0627,-47.686,-47.5023,-46.5147,-44.7401,-42.2089,-38.9644,-35.0621,-30.5688,-25.5614,-20.1255,-14.3542,-8.34614,-2.20421,3.96654,10.0605,15.9734,21.6042,26.8563,31.6401,35.8735,39.4843,42.4105,44.6022,46.0219,46.6451,46.4614,45.4738,43.6992,41.168,37.9236,34.0213,29.528,17.8847,-155.479,-31.6924,-45.6431,0.746627,0.113521,6.34838,8.40695,1.39014,-4.72087,-10.76,-16.6239,-22.2123,-27.4296,-32.1864,-36.4014,-40.0025,5.26757e+170,0,0,0,5.82942e+257,0,0,0,0,0,0,0,0,0,0,0,1.79043e+209,0,0,0,1.71412e+214,0,0,0,0,0,0,0,0,0,
-47.9412,-46.9124,-45.0899,-42.5047,-39.2013,-35.2359,-30.6766,-25.6013,-20.0968,-14.2574,-8.18298,-1.97742,4.25307,10.4019,16.3638,22.0368,27.3239,32.1346,36.3865,40.0069,42.9339,45.1174,1.93898,327.845,0.123359,-1.50614,-37.4273,-41.0478,-43.9747,-46.1582,-47.5608,-48.1585,29.528,17.8847,-155.479,-31.6924,-45.6431,0.746627,0.113521,6.34838,8.40695,1.39014,-4.72087,-10.76,-16.6239,-22.2123,-27.4296,-32.1864,-36.4014,-40.0025,5.26757e+170,0,0,0,5.82942e+257,0,0,0,0,0,0,0,0,0,0,0,1.79043e+209,0,0,0,1.71412e+214,0,0,0,0,0,0,0,0,0,
-48.0587,-48.6307,-48.3796,-47.3096,-45.4391,-42.7999,-39.4374,-35.4089,-30.7835,-25.6403,-20.0673,-14.1599,-8.01903,-1.74989,4.54028,10.7439,16.7547,22.47,27.7919,32.6293,36.8996,40.5296,5.68369,504.092,2.48844,13.119,6.97818,0.709042,-5.58113,-11.7847,-17.7956,-23.5108,-28.8327,-33.6702,-37.9405,-41.5704,-44.4981,-46.6732,0.113521,6.34838,8.40695,1.39014,-4.72087,-10.76,-16.6239,-22.2123,-27.4296,-32.1864,-36.4014,-40.0025,5.26757e+170,0,0,0,5.82942e+257,0,0,0,0,0,0,0,0,0,0,0,1.79043e+209,0,0,0,1.71412e+214,0,0,0,0,0,0,0,0,0,
-48.5561,-37.9483,-335.918,-33.2862,-1.06304,4.82853,11.0868,17.1464,22.9038,28.2604,33.1245,37.413,41.0524,43.9805,46.1471,47.5153,48.0615,47.7766,46.6652,35.2472,-33.7249,-37.1704,5.68369,504.092,2.48844,13.119,6.97818,0.709042,-5.58113,-11.7847,-17.7956,-23.5108,-28.8327,-33.6702,-37.9405,-41.5704,-44.4981,-46.6732,0.113521,6.34838,8.40695,1.39014,-4.72087,-10.76,-16.6239,-22.2123,-27.4296,-32.1864,-36.4014,-40.0025,5.26757e+170,0,0,0,5.82942e+257,0,0,0,0,0,0,0,0,0,0,0,1.79043e+209,0,0,0,1.71412e+214,0,0,0,0,0,0,0,0,0,
-49.0534,-49.5737,-49.2548,-48.102,-46.1351,-43.3876,-33.4088,-77.8724,24.0513,33.6199,37.9265,13.8678,489.606,-7.81983,-0.478368,-0.00924593,-34.1733,-38.9673,-42.6161,-45.5445,-47.7026,-37.1704,5.68369,504.092,2.48844,13.119,6.97818,0.709042,-5.58113,-11.7847,-17.7956,-23.5108,-28.8327,-33.6702,-37.9405,-41.5704,-44.4981,-46.6732,0.113521,6.34838,8.40695,1.39014,-4.72087,-10.76,-16.6239,-22.2123,-27.4296,-32.1864,-36.4014,-40.0025,5.26757e+170,0,0,0,5.82942e+257,0,0,0,0,0,0,0,0,0,0,0,1.79043e+209,0,0,0,1.71412e+214,0,0,0,0,0,0,0,0,0,
-50.0457,-49.6929,-48.4988,-46.4838,-13.6817,-94.7949,-11.2518,-31.1007,-25.7537,-19.975,-13.8635,-7.52361,-1.06392,5.40508,11.7727,17.9299,23.7715,29.1975,34.1149,38.4397,42.098,45.027,47.1766,48.5102,9.55496,76.1442,292.531,-13.0156,-24.8124,-30.2383,-35.1558,-39.4806,-43.1388,-46.0678,-48.2175,-49.551,-44.4981,-46.6732,0.113521,6.34838,8.40695,1.39014,-4.72087,-10.76,-16.6239,-22.2123,-27.4296,-32.1864,-36.4014,-40.0025,5.26757e+170,0,0,0,5.82942e+257,0,0,0,0,0,0,0,0,0,0,0,1.79043e+209,0,0,0,1.71412e+214,0,0,0,0,0,0,0,0,0,
-46.5912,-48.7326,-50.0491,-50.5181,-50.1317,-48.8964,-46.8333,-43.9779,-17.1382,-144.52,5.14172,18.3205,24.2044,29.6652,34.6095,38.9528,42.6206,45.5503,47.6917,49.0082,49.4772,49.0908,47.8555,16.7723,136.08,84.2818,0.175783,0.254493,12.2951,6.31931,-0.203985,-6.7327,-13.1551,-19.3614,-25.2452,-30.706,-35.6504,-39.9936,-43.6615,6.34838,8.40695,1.39014,-4.72087,-10.76,-16.6239,-22.2123,-27.4296,-32.1864,-36.4014,-40.0025,5.26757e+170,0,0,0,5.82942e+257,0,0,0,0,0,0,0,0,0,0,0,1.79043e+209,0,0,0,1.71412e+214,0,0,0,0,0,0,0,0,0,
-49.2477,-50.5472,-50.9907,-50.5706,-49.2942,-47.1832,-44.2738,-40.6158,-36.2718,-31.316,-25.8333,-19.9175,-13.6698,-7.1971,-0.610177,5.97828,12.4555,18.7108,24.637,30.1327,35.104,39.4657,43.1432,46.0737,48.2069,49.5063,49.9498,49.5298,48.2533,46.1424,43.233,39.575,3.10713,117.743,0.746536,0.367205,6.15625,-0.430675,-7.01913,-13.4964,-19.7516,-25.6778,-31.1736,-36.1448,-40.5065,-44.1841,-47.1145,-32.1864,-36.4014,-40.0025,5.26757e+170,0,0,0,5.82942e+257,0,0,0,0,0,0,0,0,0,0,0,1.79043e+209,0,0,0,1.71412e+214,0,0,0,0,0,0,0,0,0,
-49.7631,-51.0457,-51.4638,-51.0103,-49.6928,-47.534,-44.5708,-40.8539,-36.4469,-31.4251,-25.8746,-19.8902,-13.5744,-7.03527,-0.384653,6.26364,12.7958,19.1002,25.0689,30.5997,35.598,39.9784,43.6658,46.5971,48.7223,50.0049,50.423,49.9694,48.652,46.4932,43.53,39.8131,35.406,1.00738,1.23403,64.8241,25.2226,-0.306675,-7.30449,-13.8367,-20.1411,-26.1097,-31.6405,-36.6389,-41.0192,-44.7066,-47.638,-32.1864,-36.4014,-40.0025,5.26757e+170,0,0,0,5.82942e+257,0,0,0,0,0,0,0,0,0,0,0,1.79043e+209,0,0,0,1.71412e+214,0,0,0,0,0,0,0,0,0,
-48.1615,-50.2787,-51.5446,-43.2249,-351.938,16.2196,25.5001,31.0661,36.0917,40.4908,44.1882,47.1206,49.2379,50.5038,50.8966,50.4097,49.0514,46.8449,38.2325,149.891,-17.9087,-26.5409,-32.107,-37.1325,-41.5316,-45.229,50.423,49.9694,48.652,46.4932,43.53,39.8131,35.406,1.00738,1.23403,64.8241,25.2226,-0.306675,-7.30449,-13.8367,-20.1411,-26.1097,-31.6405,-36.6389,-41.0192,-44.7066,-47.638,-32.1864,-36.4014,-40.0025,5.26757e+170,0,0,0,5.82942e+257,0,0,0,0,0,0,0,0,0,0,0,1.79043e+209,0,0,0,1.71412e+214,0,0,0,0,0,0,0,0,0,
-50.7945,-52.0438,-52.4115,-51.8913,-50.4922,-48.238,-45.1674,-41.3328,-36.7999,-30.3166,0.0361587,-1.36628,33.1626,1.57951,35.0056,41.0031,44.7106,47.6442,49.7536,51.0029,51.3706,50.8504,49.4513,20.3996,30.0243,128.65,71.8078,-13.6156,-20.9179,-26.9718,-32.573,-37.6259,-42.0439,-45.7514,-48.685,64.8241,25.2226,-0.306675,-7.30449,-13.8367,-20.1411,-26.1097,-31.6405,-36.6389,-41.0192,-44.7066,-47.638,-32.1864,-36.4014,-40.0025,5.26757e+170,0,0,0,5.82942e+257,0,0,0,0,0,0,0,0,0,0,0,1.79043e+209,0,0,0,1.71412e+214,0,0,0,0,0,0,0,0,0,
-51.3102,-52.5428,-52.8853,-52.3318,-50.8918,-48.5899,-45.4656,-41.5722,-36.9765,-31.7569,-26.0029,-19.8129,-13.2928,-6.5541,0.287802,7.11587,13.8133,20.2654,26.3619,31.9985,37.0786,41.5154,45.233,48.1677,50.2693,51.5019,51.8444,51.2909,49.8509,47.5491,11.9306,200.286,1.48063,-1.32865,-8.15672,-14.8541,-21.3063,-27.4028,-33.0393,-38.1195,-42.5563,-46.2738,-49.2085,-36.6389,-41.0192,-44.7066,-47.638,-32.1864,-36.4014,-40.0025,5.26757e+170,0,0,0,5.82942e+257,0,0,0,0,0,0,0,0,0,0,0,1.79043e+209,0,0,0,1.71412e+214,0,0,0,0,0,0,0,0,0,
-49.7319,-51.8253,-53.0409,-53.3578,-52.7707,-51.2895,-48.9397,-45.7614,-41.809,-37.1502,-31.8646,-26.0428,-19.7842,-13.196,-6.39091,0.514602,7.40241,14.1547,20.6558,26.7946,32.4661,37.5731,42.0284,45.7556,48.691,50.7844,52,52.317,51.7298,50.2487,47.8989,44.7206,40.7682,36.1094,30.8606,0.183941,17.6665,7.03311,0.0445294,18.7803,12.1551,5.35006,-1.55545,-8.44326,-15.1955,-21.6967,-27.8355,-33.5069,-38.614,-43.0692,-46.7964,0,0,0,5.82942e+257,0,0,0,0,0,0,0,0,0,0,0,1.79043e+209,0,0,0,1.71412e+214,0,0,0,0,0,0,0,0,0,
-47.3193,-21.446,-555.078,3.28239,14.4986,21.0484,27.2292,32.9352,38.0687,42.542,46.2785,49.2142,51.299,52.4971,52.788,52.1669,50.6442,48.2462,45.0137,29.9918,139.162,-0.036551,0.182649,-1.4887,-8.73259,-15.5394,-22.0892,-28.27,-33.976,-39.1096,-43.5829,44.7206,40.7682,36.1094,30.8606,0.183941,17.6665,7.03311,0.0445294,18.7803,12.1551,5.35006,-1.55545,-8.44326,-15.1955,-21.6967,-27.8355,-33.5069,-38.614,-43.0692,-46.7964,0,0,0,5.82942e+257,0,0,0,0,0,0,0,0,0,0,0,1.79043e+209,0,0,0,1.71412e+214,0,0,0,0,0,0,0,0,0,
-50.7781,-52.854,-54.0344,-54.2992,-53.6438,-52.0794,-22.174,-30.9091,20.909,49.7373,51.8131,52.9935,53.2583,52.6029,51.0386,41.7982,193.373,-19.3396,-28.7057,-34.446,-39.6058,-44.0969,-47.8423,-1.4887,-8.73259,-15.5394,-22.0892,-28.27,-33.976,-39.1096,-43.5829,44.7206,40.7682,36.1094,30.8606,0.183941,17.6665,7.03311,0.0445294,18.7803,12.1551,5.35006,-1.55545,-8.44326,-15.1955,-21.6967,-27.8355,-33.5069,-38.614,-43.0692,-46.7964,0,0,0,5.82942e+257,0,0,0,0,0,0,0,0,0,0,0,1.79043e+209,0,0,0,1.71412e+214,0,0,0,0,0,0,0,0,0,
-53.368,-54.5307,-54.7692,-54.0795,-52.4734,-49.9784,-46.6371,-42.5068,-37.658,-32.1739,-26.1481,-19.6838,-12.8917,-5.88783,1.20784,8.27394,15.1896,21.8364,28.1007,33.8753,39.0613,43.5701,47.3245,50.2603,52.3272,53.4898,53.7284,53.0387,48.8307,0.942054,1.65935,172.705,1.00443,30.1286,25.1072,18.643,11.8508,4.84698,-2.24869,-9.31479,-16.2304,-22.8772,-29.1415,-34.9161,-40.1022,-44.611,-48.3654,-51.3011,-38.614,-43.0692,-46.7964,0,0,0,5.82942e+257,0,0,0,0,0,0,0,0,0,0,0,1.79043e+209,0,0,0,1.71412e+214,0,0,0,0,0,0,0,0,0,
-53.8822,-55.0271,-55.2395,-54.5155,-52.8677,-50.3242,-46.9286,-42.7389,-37.8268,-32.2764,-26.1827,-19.6499,-12.7897,-5.71966,1.43938,8.56488,15.5349,22.2303,28.5363,34.3452,39.5576,44.0841,47.8475,50.7833,52.8413,53.9863,54.1986,53.4747,51.8269,49.2834,45.8877,41.698,36.786,31.2356,25.1418,18.609,11.7489,4.6788,-2.48023,-9.60573,-16.5758,-23.2711,-29.5772,-35.3861,-40.5984,-45.125,-48.8884,-51.8242,-38.614,-43.0692,-46.7964,0,0,0,5.82942e+257,0,0,0,0,0,0,0,0,0,0,0,1.79043e+209,0,0,0,1.71412e+214,0,0,0,0,0,0,0,0,0,
-55.5237,-55.7099,-54.9518,-53.2623,-50.6704,-47.2204,-42.9714,-37.9961,-32.3795,-26.2178,-19.6164,-12.6882,-5.55191,1.6705,8.85543,15.8799,22.6238,28.9717,34.815,40.0536,44.5981,48.3705,51.3064,53.3556,54.4829,54.669,53.9109,52.2215,49.6296,46.1796,31.9854,48.446,-27.3515,-41.0945,-45.6389,-49.4114,-52.3473,-54.3964,-2.48023,-9.60573,-16.5758,-23.2711,-29.5772,-35.3861,-40.5984,-45.125,-48.8884,-51.8242,-38.614,-43.0692,-46.7964,0,0,0,5.82942e+257,0,0,0,0,0,0,0,0,0,0,0,1.79043e+209,0,0,0,1.71412e+214,0,0,0,0,0,0,0,0,0,
-54.9109,-56.0208,-56.181,-55.3889,-53.6579,-13.4556,-252.556,2.41185,16.2238,23.0163,29.4062,35.284,40.5492,45.1117,48.8934,51.8296,53.8701,54.9799,28.3965,221.751,133.3,-5.74879,-30.4471,-36.3249,-41.5901,-46.1525,-49.9342,-52.8705,49.6296,46.1796,31.9854,48.446,-27.3515,-41.0945,-45.6389,-49.4114,-52.3473,-54.3964,-2.48023,-9.60573,-16.5758,-23.2711,-29.5772,-35.3861,-40.5984,-45.125,-48.8884,-51.8242,-38.614,-43.0692,-46.7964,0,0,0,5.82942e+257,0,0,0,0,0,0,0,0,0,0,0,1.79043e+209,0,0,0,1.71412e+214,0,0,0,0,0,0,0,0,0,
-55.4258,-56.5184,-56.6528,-55.8268,-54.0545,-51.3662,-47.808,-43.4406,-38.3389,-32.59,-26.2925,-19.554,-12.4898,-1.89876,-0.140035,5.03868,19.9115,23.4079,29.8399,35.7524,41.0443,45.625,49.4162,52.3529,54.3849,55.4775,55.612,54.786,16.7584,234.848,9.97315,25.2516,18.5131,11.4489,4.17996,-3.16945,-10.4735,-17.6073,-24.4487,-30.8807,-36.7933,-42.0852,-46.6659,-50.457,-53.3937,-45.125,-48.8884,-51.8242,-38.614,-43.0692,-46.7964,0,0,0,5.82942e+257,0,0,0,0,0,0,0,0,0,0,0,1.79043e+209,0,0,0,1.71412e+214,0,0,0,0,0,0,0,0,0,
-53.9169,-55.9404,-57.0156,-57.1242,-56.2643,-54.4505,-51.714,-48.1016,-43.6751,-38.5101,-32.6952,-26.3297,-19.5226,-12.3904,-5.05511,2.35779,9.72144,16.9098,23.8,30.2741,36.2212,41.5397,46.1385,49.939,52.8761,54.8996,55.9748,56.0833,55.2234,53.4097,50.6732,47.0608,42.6342,37.4693,31.6543,25.2889,18.4818,11.3496,4.01426,-3.39864,-10.7623,-17.9507,-24.8409,-31.3149,-37.2621,-42.5805,-47.1794,-50.9798,-38.614,-43.0692,-46.7964,0,0,0,5.82942e+257,0,0,0,0,0,0,0,0,0,0,0,1.79043e+209,0,0,0,1.71412e+214,0,0,0,0,0,0,0,0,0,
-56.4548,-57.5125,-57.595,-56.701,-54.8457,-52.0608,-48.3941,-43.9083,-38.6801,-32.799,-26.3656,-19.4899,-12.2897,-4.88814,2.58818,10.0113,17.2542,24.193,30.709,36.6906,42.0355,46.6523,50.4619,53.3992,55.4139,56.4716,56.5541,55.6601,53.8048,51.02,47.3533,42.8675,37.6393,31.7581,25.3247,18.4491,11.1322,4.22586,-3.6642,-11.2796,-18.2951,-25.2339,-31.7498,-37.7314,-43.0764,-47.6931,-51.5028,-54.4401,-38.614,-43.0692,-46.7964,0,0,0,5.82942e+257,0,0,0,0,0,0,0,0,0,0,0,1.79043e+209,0,0,0,1.71412e+214,0,0,0,0,0,0,0,0,0,
-54.9632,-56.9691,-58.0091,-38.2661,-389.564,11.598,24.5864,31.1442,37.1602,42.5315,47.1662,50.9849,53.9223,55.9282,56.9683,57.0247,56.0965,54.1996,51.3664,2.32004,87.3189,87.9819,-16.6988,-32.1851,-38.2011,-43.5724,-48.207,-52.0257,53.8048,51.02,47.3533,42.8675,37.6393,31.7581,25.3247,18.4491,11.1322,4.22586,-3.6642,-11.2796,-18.2951,-25.2339,-31.7498,-37.7314,-43.0764,-47.6931,-51.5028,-54.4401,-38.614,-43.0692,-46.7964,0,0,0,5.82942e+257,0,0,0,0,0,0,0,0,0,0,0,1.79043e+209,0,0,0,1.71412e+214,0,0,0,0,0,0,0,0,0,
-55.4861,-57.483,-58.5052,-58.5353,-57.5727,-55.634,-52.7522,-48.9768,-44.3722,-39.0173,-28.9083,65.9915,37.6887,47.6804,51.5079,54.4453,56.4421,57.4644,57.4944,56.5319,50.413,80.0537,96.6564,66.2659,0.127898,-1.14551,-26.0219,-32.6213,-38.6715,-44.0689,-48.7212,-52.5488,37.6393,31.7581,25.3247,18.4491,11.1322,4.22586,-3.6642,-11.2796,-18.2951,-25.2339,-31.7498,-37.7314,-43.0764,-47.6931,-51.5028,-54.4401,-38.614,-43.0692,-46.7964,0,0,0,5.82942e+257,0,0,0,0,0,0,0,0,0,0,0,1.79043e+209,0,0,0,1.71412e+214,0,0,0,0,0,0,0,0,0,
-59.001,-59.0047,-58.0076,-56.027,-53.0966,-49.2666,-44.6026,-39.1842,-33.1044,-26.467,-19.3857,-11.9816,-4.38137,3.28491,10.8861,18.2921,25.3762,32.0172,38.1015,43.525,48.1948,52.0311,54.9682,56.9559,57.9602,57.9638,56.9668,54.9861,21.1717,8.82766,151.73,41.1148,-11.23,-33.0581,-39.1424,-44.5658,-49.2356,-53.0719,-56.0091,-57.9968,-18.2951,-25.2339,-31.7498,-37.7314,-43.0764,-47.6931,-51.5028,-54.4401,-38.614,-43.0692,-46.7964,0,0,0,5.82942e+257,0,0,0,0,0,0,0,0,0,0,0,1.79043e+209,0,0,0,1.71412e+214,0,0,0,0,0,0,0,0,0,
-59.4968,-59.474,-58.4425,-56.4199,-53.4409,-49.5564,-44.8328,-39.3511,-33.205,-26.4996,-19.3497,-11.8777,-4.21127,3.51827,11.1787,18.639,25.7714,32.454,38.5723,44.0218,48.7092,52.5542,55.4911,57.4696,58.456,58.4332,57.4016,29.8339,73.7036,128.506,18.6197,-17.0732,-39.6132,-45.0627,-49.75,-53.5951,-56.532,-58.5105,-56.0091,-57.9968,-18.2951,-25.2339,-31.7498,-37.7314,-43.0764,-47.6931,-51.5028,-54.4401,-38.614,-43.0692,-46.7964,0,0,0,5.82942e+257,0,0,0,0,0,0,0,0,0,0,0,1.79043e+209,0,0,0,1.71412e+214,0,0,0,0,0,0,0,0,0,
10.0911,26.166,32.8903,39.0428,44.5184,49.2234,53.0773,56.0141,57.9836,58.952,58.9029,29.9362,139.026,-64.9329,-601.757,18.639,25.7714,32.454,38.5723,44.0218,48.7092,52.5542,55.4911,57.4696,58.456,58.4332,57.4016,29.8339,73.7036,128.506,18.6197,-17.0732,-39.6132,-45.0627,-49.75,-53.5951,-56.532,-58.5105,-56.0091,-57.9968,-18.2951,-25.2339,-31.7498,-37.7314,-43.0764,-47.6931,-51.5028,-54.4401,-38.614,-43.0692,-46.7964,0,0,0,5.82942e+257,0,0,0,0,0,0,0,0,0,0,0,1.79043e+209,0,0,0,1.71412e+214,0,0,0,0,0,0,0,0,0,
-176.518,41.2494,102.611,29.7333,44.5184,49.2234,53.0773,56.0141,57.9836,58.952,58.9029,29.9362,139.026,-64.9329,-601.757,18.639,25.7714,32.454,38.5723,44.0218,48.7092,52.5542,55.4911,57.4696,58.456,58.4332,57.4016,29.8339,73.7036,128.506,18.6197,-17.0732,-39.6132,-45.0627,-49.75,-53.5951,-56.532,-58.5105,-56.0091,-57.9968,-18.2951,-25.2339,-31.7498,-37.7314,-43.0764,-47.6931,-51.5028,-54.4401,-38.614,-43.0692,-46.7964,0,0,0,5.82942e+257,0,0,0,0,0,0,0,0,0,0,0,1.79043e+209,0,0,0,1.71412e+214,0,0,0,0,0,0,0,0,0,
-51.2919,-55.164,-58.1012,-60.0531,-60.9864,-28.8328,-143.221,631.798,-0.292466,0.168738,-12.9682,-20.7153,-27.9933,-34.8013,-41.0227,-46.5511,25.7714,32.454,38.5723,44.0218,48.7092,52.5542,55.4911,57.4696,58.456,58.4332,57.4016,29.8339,73.7036,128.506,18.6197,-17.0732,-39.6132,-45.0627,-49.75,-53.5951,-56.532,-58.5105,-56.0091,-57.9968,-18.2951,-25.2339,-31.7498,-37.7314,-43.0764,-47.6931,-51.5028,-54.4401,-38.614,-43.0692,-46.7964,0,0,0,5.82942e+257,0,0,0,0,0,0,0,0,0,0,0,1.79043e+209,0,0,0,1.71412e+214,0,0,0,0,0,0,0,0,0,
-55.6869,-58.6244,-60.5677,-61.4836,-61.3564,-60.1883,-57.9993,-54.8268,-50.725,-45.7643,-40.0294,-33.6186,-26.6414,-15.2857,285.013,45.8028,59.5269,60.4428,60.3156,59.1475,56.9584,53.7859,49.6842,44.7235,38.9886,32.5777,25.6005,18.1764,10.4323,2.50089,-5.48225,-13.3805,-21.0587,-28.3855,-35.2355,-41.4915,-47.0465,-51.8054,-56.0091,-57.9968,-18.2951,-25.2339,-31.7498,-37.7314,-43.0764,-47.6931,-51.5028,-54.4401,-38.614,-43.0692,-46.7964,0,0,0,5.82942e+257,0,0,0,0,0,0,0,0,0,0,0,1.79043e+209,0,0,0,1.71412e+214,0,0,0,0,0,0,0,0,0,
-61.0827,-61.9814,-61.8285,-60.6266,-58.3963,-55.1758,-51.02,-46.0002,-40.2022,-33.7253,-26.6802,-19.1875,-11.3754,-3.37756,4.66915,12.6271,20.36,27.7357,34.6279,40.9187,46.5005,51.2778,55.1687,58.1068,60.0418,60.9405,60.7877,59.5858,57.3555,54.1349,49.9792,44.9593,39.1614,32.6844,25.6393,18.1466,10.3345,2.33671,-5.71,-13.6679,-21.4009,-28.7766,-35.6688,-41.9596,-47.5414,-52.3186,-56.2096,-59.1477,-38.614,-43.0692,-46.7964,0,0,0,5.82942e+257,0,0,0,0,0,0,0,0,0,0,0,1.79043e+209,0,0,0,1.71412e+214,0,0,0,0,0,0,0,0,0,
-62.3014,-61.0659,-58.7945,-55.526,-51.3164,-46.2376,-40.3766,-33.8337,-26.7207,-19.1594,-11.2793,-3.21502,4.89534,12.913,20.7009,28.1256,35.0602,41.386,46.9948,51.7906,55.6913,58.6302,60.5571,61.4389,61.2605,60.0251,57.7537,54.4852,50.2756,2.82175,-186.574,-0.120557,-3.60489,-61.5979,-62.4797,18.1466,10.3345,2.33671,-5.71,-13.6679,-21.4009,-28.7766,-35.6688,-41.9596,-47.5414,-52.3186,-56.2096,-59.1477,-38.614,-43.0692,-46.7964,0,0,0,5.82942e+257,0,0,0,0,0,0,0,0,0,0,0,1.79043e+209,0,0,0,1.71412e+214,0,0,0,0,0,0,0,0,0,
-61.505,-59.1925,-55.8761,-51.6126,-46.4748,-40.5508,-33.9418,-26.761,-19.1312,-11.1829,-3.05224,5.12176,13.1992,21.0419,28.5157,35.4927,41.8534,47.4892,52.3035,56.2139,7.14448,538.605,-4.41246,-42.8943,-48.53,-53.3443,-57.2548,-60.1945,-62.1132,-62.978,-62.7741,-0.120557,-3.60489,-61.5979,-62.4797,18.1466,10.3345,2.33671,-5.71,-13.6679,-21.4009,-28.7766,-35.6688,-41.9596,-47.5414,-52.3186,-56.2096,-59.1477,-38.614,-43.0692,-46.7964,0,0,0,5.82942e+257,0,0,0,0,0,0,0,0,0,0,0,1.79043e+209,0,0,0,1.71412e+214,0,0,0,0,0,0,0,0,0,
-62.6276,-63.4749,-63.245,-61.9419,-59.5878,-56.2231,-51.9053,-46.7083,-40.721,-34.0458,-26.7971,-19.0987,-11.0824,-2.88548,5.35196,13.4889,21.3862,28.9086,35.9275,42.3227,47.9849,52.8172,56.7368,59.6768,15.7504,430.553,11.6791,39.6801,33.005,25.7562,18.0578,10.0416,1.84463,-6.39281,-14.5298,-22.427,-29.9495,-36.9683,-43.3636,-49.0258,-53.858,-57.7777,-60.7176,-41.9596,-47.5414,-52.3186,-56.2096,-59.1477,-38.614,-43.0692,-46.7964,0,0,0,5.82942e+257,0,0,0,0,0,0,0,0,0,0,0,1.79043e+209,0,0,0,1.71412e+214,0,0,0,0,0,0,0,0,0,
-58.3009,-61.2405,-63.1411,-63.9703,-8.07904,-462.53,-1.39195,-2.71423,5.5864,13.7825,21.734,29.3046,36.3649,42.7941,48.4822,53.3319,57.2601,60.1996,62.1003,62.9294,62.673,61.3352,58.9391,55.5257,51.1532,45.8966,39.8459,33.1044,25.7876,18.0207,9.93648,1.67338,-6.62725,-14.8234,-22.7748,-30.3455,-37.4058,-43.835,-49.5231,-54.3727,-53.858,-57.7777,-60.7176,-41.9596,-47.5414,-52.3186,-56.2096,-59.1477,-38.614,-43.0692,-46.7964,0,0,0,5.82942e+257,0,0,0,0,0,0,0,0,0,0,0,1.79043e+209,0,0,0,1.71412e+214,0,0,0,0,0,0,0,0,0,
-63.6541,-64.4648,-64.1814,-62.8087,-60.3703,-40.0446,-126.588,30.4458,48.9804,53.847,57.7834,60.7223,62.6132,63.4239,63.1405,61.7678,59.3294,9.07323,-33.2233,-9.55352,-61.7631,61.3352,58.9391,55.5257,51.1532,45.8966,39.8459,33.1044,25.7876,18.0207,9.93648,1.67338,-6.62725,-14.8234,-22.7748,-30.3455,-37.4058,-43.835,-49.5231,-54.3727,-53.858,-57.7777,-60.7176,-41.9596,-47.5414,-52.3186,-56.2096,-59.1477,-38.614,-43.0692,-46.7964,0,0,0,5.82942e+257,0,0,0,0,0,0,0,0,0,0,0,1.79043e+209,0,0,0,1.71412e+214,0,0,0,0,0,0,0,0,0,
-60.7597,-57.2481,-52.7658,-47.3897,-41.2116,-34.3372,-26.8842,-18.9802,-10.7603,-2.36518,6.0615,14.3756,22.4347,30.1012,37.2436,43.7399,49.4789,54.3625,46.8201,305.275,-72.2443,-0.0851131,-6.11578,-64.9588,-64.6483,-63.2406,39.8459,33.1044,25.7876,18.0207,9.93648,1.67338,-6.62725,-14.8234,-22.7748,-30.3455,-37.4058,-43.835,-49.5231,-54.3727,-53.858,-57.7777,-60.7176,-41.9596,-47.5414,-52.3186,-56.2096,-59.1477,-38.614,-43.0692,-46.7964,0,0,0,5.82942e+257,0,0,0,0,0,0,0,0,0,0,0,1.79043e+209,0,0,0,1.71412e+214,0,0,0,0,0,0,0,0,0,
-61.1482,-57.5873,-53.05,-47.6139,-41.3721,-34.4312,-26.9102,-18.9376,-10.6498,-2.18878,6.30081,14.6737,22.7866,30.5007,37.684,44.2137,49.9779,45.9504,452.491,-80.9438,-23.306,-64.6791,-65.4524,-65.1146,-63.6717,-63.2406,39.8459,33.1044,25.7876,18.0207,9.93648,1.67338,-6.62725,-14.8234,-22.7748,-30.3455,-37.4058,-43.835,-49.5231,-54.3727,-53.858,-57.7777,-60.7176,-41.9596,-47.5414,-52.3186,-56.2096,-59.1477,-38.614,-43.0692,-46.7964,0,0,0,5.82942e+257,0,0,0,0,0,0,0,0,0,0,0,1.79043e+209,0,0,0,1.71412e+214,0,0,0,0,0,0,0,0,0,
-57.9236,-53.331,-47.8347,-41.5289,-34.5215,-26.9322,-18.8911,-10.5356,-2.00876,6.54355,14.975,23.1413,30.9028,38.1265,44.6891,47.9266,0.549738,2.00131,196.297,132.811,-32.0131,-33.5694,-65.5792,-64.1006,-61.5341,-63.2406,39.8459,33.1044,25.7876,18.0207,9.93648,1.67338,-6.62725,-14.8234,-22.7748,-30.3455,-37.4058,-43.835,-49.5231,-54.3727,-53.858,-57.7777,-60.7176,-41.9596,-47.5414,-52.3186,-56.2096,-59.1477,-38.614,-43.0692,-46.7964,0,0,0,5.82942e+257,0,0,0,0,0,0,0,0,0,0,0,1.79043e+209,0,0,0,1.71412e+214,0,0,0,0,0,0,0,0,0,
-58.2546,-53.6061,-48.0493,-41.6792,-34.6049,-26.9474,-18.8377,-10.4146,-1.82226,6.79239,15.2819,23.5011,31.3092,38.5727,15.4064,650.632,-312.271,-61.1929,-64.5255,-61.9153,-32.0131,-33.5694,-65.5792,-64.1006,-61.5341,-63.2406,39.8459,33.1044,25.7876,18.0207,9.93648,1.67338,-6.62725,-14.8234,-22.7748,-30.3455,-37.4058,-43.835,-49.5231,-54.3727,-53.858,-57.7777,-60.7176,-41.9596,-47.5414,-52.3186,-56.2096,-59.1477,-38.614,-43.0692,-46.7964,0,0,0,5.82942e+257,0,0,0,0,0,0,0,0,0,0,0,1.79043e+209,0,0,0,1.71412e+214,0,0,0,0,0,0,0,0,0,
-0.17694,-0.227472,-17.8401,-18.7833,-10.2926,-1.63474,7.0422,15.5897,23.8616,31.7164,39.0195,45.6461,51.4827,56.4296,60.4021,9.45468,199.128,-499.283,-64.5255,-61.9153,-32.0131,-33.5694,-65.5792,-64.1006,-61.5341,-63.2406,39.8459,33.1044,25.7876,18.0207,9.93648,1.67338,-6.62725,-14.8234,-22.7748,-30.3455,-37.4058,-43.835,-49.5231,-54.3727,-53.858,-57.7777,-60.7176,-41.9596,-47.5414,-52.3186,-56.2096,-59.1477,-38.614,-43.0692,-46.7964,0,0,0,5.82942e+257,0,0,0,0,0,0,0,0,0,0,0,1.79043e+209,0,0,0,1.71412e+214,0,0,0,0,0,0,0,0,0,
598.162,3.8676,-76.916,-528.079,-10.2926,-1.63474,7.0422,15.5897,23.8616,31.7164,39.0195,45.6461,51.4827,56.4296,60.4021,9.45468,199.128,-499.283,-64.5255,-61.9153,-32.0131,-33.5694,-65.5792,-64.1006,-61.5341,-63.2406,39.8459,33.1044,25.7876,18.0207,9.93648,1.67338,-6.62725,-14.8234,-22.7748,-30.3455,-37.4058,-43.835,-49.5231,-54.3727,-53.858,-57.7777,-60.7176,-41.9596,-47.5414,-52.3186,-56.2096,-59.1477,-38.614,-43.0692,-46.7964,0,0,0,5.82942e+257,0,0,0,0,0,0,0,0,0,0,0,1.79043e+209,0,0,0,1.71412e+214,0,0,0,0,0,0,0,0,0,
-62.5905,88.8252,35.8784,-62.7212,-10.2926,-1.63474,7.0422,15.5897,23.8616,31.7164,39.0195,45.6461,51.4827,56.4296,60.4021,9.45468,199.128,-499.283,-64.5255,-61.9153,-32.0131,-33.5694,-65.5792,-64.1006,-61.5341,-63.2406,39.8459,33.1044,25.7876,18.0207,9.93648,1.67338,-6.62725,-14.8234,-22.7748,-30.3455,-37.4058,-43.835,-49.5231,-54.3727,-53.858,-57.7777,-60.7176,-41.9596,-47.5414,-52.3186,-56.2096,-59.1477,-38.614,-43.0692,-46.7964,0,0,0,5.82942e+257,0,0,0,0,0,0,0,0,0,0,0,1.79043e+209,0,0,0,1.71412e+214,0,0,0,0,0,0,0,0,0,
4.68488,9.97178,-14.6655,-62.7212,-10.2926,-1.63474,7.0422,15.5897,23.8616,31.7164,39.0195,45.6461,51.4827,56.4296,60.4021,9.45468,199.128,-499.283,-64.5255,-61.9153,-32.0131,-33.5694,-65.5792,-64.1006,-61.5341,-63.2406,39.8459,33.1044,25.7876,18.0207,9.93648,1.67338,-6.62725,-14.8234,-22.7748,-30.3455,-37.4058,-43.835,-49.5231,-54.3727,-53.858,-57.7777,-60.7176,-41.9596,-47.5414,-52.3186,-56.2096,-59.1477,-38.614,-43.0692,-46.7964,0,0,0,5.82942e+257,0,0,0,0,0,0,0,0,0,0,0,1.79043e+209,0,0,0,1.71412e+214,0,0,0,0,0,0,0,0,0,
4.68488,9.97178,-14.6655,-62.7212,-10.2926,-1.63474,7.0422,15.5897,23.8616,31.7164,39.0195,45.6461,51.4827,56.4296,60.4021,9.45468,199.128,-499.283,-64.5255,-61.9153,-32.0131,-33.5694,-65.5792,-64.1006,-61.5341,-63.2406,39.8459,33.1044,25.7876,18.0207,9.93648,1.67338,-6.62725,-14.8234,-22.7748,-30.3455,-37.4058,-43.835,-49.5231,-54.3727,-53.858,-57.7777,-60.7176,-41.9596,-47.5414,-52.3186,-56.2096,-59.1477,-38.614,-43.0692,-46.7964,0,0,0,5.82942e+257,0,0,0,0,0,0,0,0,0,0,0,1.79043e+209,0,0,0,1.71412e+214,0,0,0,0,0,0,0,0,0,
-66.9874,-68.779,-69.4027,-59.1812,-85.815,106.034,264.484,228.462,-29.7425,-49.0414,-55.0081,-60.0426,-64.0586,56.4296,60.4021,9.45468,199.128,-499.283,-64.5255,-61.9153,-32.0131,-33.5694,-65.5792,-64.1006,-61.5341,-63.2406,39.8459,33.1044,25.7876,18.0207,9.93648,1.67338,-6.62725,-14.8234,-22.7748,-30.3455,-37.4058,-43.835,-49.5231,-54.3727,-53.858,-57.7777,-60.7176,-41.9596,-47.5414,-52.3186,-56.2096,-59.1477,-38.614,-43.0692,-46.7964,0,0,0,5.82942e+257,0,0,0,0,0,0,0,0,0,0,0,1.79043e+209,0,0,0,1.71412e+214,0,0,0,0,0,0,0,0,0,
-67.511,-69.2947,-69.9018,-69.3217,-67.5643,-64.6599,-60.658,-55.6271,-49.6533,-42.8389,-35.3004,-27.1667,-18.5772,-9.67869,-0.410477,312.274,41.8321,66.4701,68.2539,68.8609,61.8963,255.381,44.067,41.798,34.2595,26.1259,17.5363,8.63784,-0.417364,-9.47433,-18.3781,-26.9763,-35.1218,-42.6753,-49.5076,-55.5016,-60.5549,-64.581,-49.5231,-54.3727,-53.858,-57.7777,-60.7176,-41.9596,-47.5414,-52.3186,-56.2096,-59.1477,-38.614,-43.0692,-46.7964,0,0,0,5.82942e+257,0,0,0,0,0,0,0,0,0,0,0,1.79043e+209,0,0,0,1.71412e+214,0,0,0,0,0,0,0,0,0,
-69.8105,-70.401,-69.7957,-68.0051,-65.0599,-61.0104,-55.9258,-49.8933,-43.016,-35.4115,-27.2101,-18.552,-9.58538,-0.463655,8.6571,17.6208,26.2741,34.469,42.0652,48.9327,54.9541,60.0263,64.0625,66.9937,68.7697,69.3601,68.7549,66.9643,64.019,59.9695,54.885,48.8524,41.9751,34.3707,9.28326,-73.7763,-24.1916,-43.1254,-55.9949,-61.0671,-65.1033,-68.0345,-60.7176,-41.9596,-47.5414,-52.3186,-56.2096,-59.1477,-38.614,-43.0692,-46.7964,0,0,0,5.82942e+257,0,0,0,0,0,0,0,0,0,0,0,1.79043e+209,0,0,0,1.71412e+214,0,0,0,0,0,0,0,0,0,
-70.2696,-68.4457,-65.4596,-61.3624,-56.2242,-50.1328,-43.1926,-35.5222,-27.253,-18.5263,-9.49159,-0.303355,8.88117,17.9048,26.6132,34.8573,42.4962,49.3989,55.4476,60.5386,64.5849,67.5172,69.2854,69.8591,69.2287,67.4048,21.3903,116.694,-18.757,-61.5795,-65.6257,-68.5581,-70.3262,-70.9,9.28326,-73.7763,-24.1916,-43.1254,-55.9949,-61.0671,-65.1033,-68.0345,-60.7176,-41.9596,-47.5414,-52.3186,-56.2096,-59.1477,-38.614,-43.0692,-46.7964,0,0,0,5.82942e+257,0,0,0,0,0,0,0,0,0,0,0,1.79043e+209,0,0,0,1.71412e+214,0,0,0,0,0,0,0,0,0,
-68.8858,-65.8587,-61.7138,-56.5218,-50.3716,-43.3684,-35.6321,-27.295,-18.4998,-9.39694,-0.142224,9.10602,18.1896,26.953,35.2463,42.9276,49.8656,55.9414,61.0511,65.1074,42.6511,596.911,-22.7465,-43.9685,-50.9064,-56.9822,-62.092,-66.1482,-69.0815,-70.8418,-71.3988,-70.743,-70.3262,-70.9,9.28326,-73.7763,-24.1916,-43.1254,-55.9949,-61.0671,-65.1033,-68.0345,-60.7176,-41.9596,-47.5414,-52.3186,-56.2096,-59.1477,-38.614,-43.0692,-46.7964,0,0,0,5.82942e+257,0,0,0,0,0,0,0,0,0,0,0,1.79043e+209,0,0,0,1.71412e+214,0,0,0,0,0,0,0,0,0,
-71.3573,-71.8976,-71.2166,-69.326,-66.258,-62.0653,-56.8196,-50.6105,-43.5444,-35.7421,-27.3372,-18.4735,-9.30253,0.0186704,9.33065,18.4741,27.2925,35.635,43.3589,50.3321,56.4351,61.5636,65.6298,68.5642,70.3165,50.0923,403.682,30.048,34.7013,26.2964,17.4326,8.26168,-1.05952,-10.3715,-19.5149,-28.3334,-36.6759,-44.3998,-51.3729,-57.4759,-62.6044,-66.6707,-69.605,-41.9596,-47.5414,-52.3186,-56.2096,-59.1477,-38.614,-43.0692,-46.7964,0,0,0,5.82942e+257,0,0,0,0,0,0,0,0,0,0,0,1.79043e+209,0,0,0,1.71412e+214,0,0,0,0,0,0,0,0,0,
-71.8731,-72.3967,-71.6906,-69.7667,-66.6579,-62.4176,-57.1181,-50.8503,-43.7213,-35.8531,-27.3804,-18.4481,-9.20902,0.178707,9.55447,18.7578,27.6314,36.0232,43.7898,50.7982,56.9285,62.0759,66.1522,69.0877,70.8322,71.3559,70.6497,68.7258,65.6171,61.3767,56.0773,49.8094,42.6804,34.8123,26.3395,17.4072,8.16816,-1.21956,-10.5953,-19.7987,-28.6722,-5.57116,-177.345,-2.95557,-5.75802,-63.1167,-67.193,-70.1286,-38.614,-43.0692,-46.7964,0,0,0,5.82942e+257,0,0,0,0,0,0,0,0,0,0,0,1.79043e+209,0,0,0,1.71412e+214,0,0,0,0,0,0,0,0,0,
-70.2078,-67.0583,-62.7704,-57.4173,-51.0907,-43.8989,-35.9648,-27.4243,-18.4234,-9.11625,0.33801,9.77759,19.041,27.9696,36.4108,44.2201,51.2639,57.4216,62.588,66.6745,69.6113,71.3481,71.8552,71.124,69.1669,59.2087,-223.466,-65.3779,-72.1649,61.3767,56.0773,49.8094,42.6804,34.8123,26.3395,17.4072,8.16816,-1.21956,-10.5953,-19.7987,-28.6722,-5.57116,-177.345,-2.95557,-5.75802,-63.1167,-67.193,-70.1286,-38.614,-43.0692,-46.7964,0,0,0,5.82942e+257,0,0,0,0,0,0,0,0,0,0,0,1.79043e+209,0,0,0,1.71412e+214,0,0,0,0,0,0,0,0,0,
-72.6395,-70.6493,-67.4592,-63.1237,-57.7171,-47.6731,-138.477,0.461213,10,19.3235,28.3073,36.798,44.6501,51.7293,57.9145,6.94305,793.37,-3.22926,-37.8388,-45.6909,-52.7702,-58.9554,-64.1408,-68.2376,-71.1757,-72.905,-73.3957,-65.3779,-72.1649,61.3767,56.0773,49.8094,42.6804,34.8123,26.3395,17.4072,8.16816,-1.21956,-10.5953,-19.7987,-28.6722,-5.57116,-177.345,-2.95557,-5.75802,-63.1167,-67.193,-70.1286,-38.614,-43.0692,-46.7964,0,0,0,5.82942e+257,0,0,0,0,0,0,0,0,0,0,0,1.79043e+209,0,0,0,1.71412e+214,0,0,0,0,0,0,0,0,0,
-71.6994,-73.4211,-73.8955,-73.1144,-71.0912,-67.8605,-63.4776,-58.0175,-51.5736,-44.2562,-36.1904,-27.5144,-18.3764,-8.93292,0.6545,10.2218,19.6053,28.6445,37.1846,45.0796,52.1944,58.4072,63.6117,67.7189,70.6585,72.3802,2.10555,3.38723,172.173,21.765,82.3755,62.4368,56.9767,50.5328,43.2153,35.1496,26.4735,17.3355,7.89207,-1.69535,-11.2627,-20.6462,-29.6853,-38.2255,-46.1205,-53.2352,-59.448,-64.6525,-68.7598,-43.0692,-46.7964,0,0,0,5.82942e+257,0,0,0,0,0,0,0,0,0,0,0,1.79043e+209,0,0,0,1.71412e+214,0,0,0,0,0,0,0,0,0,
-72.223,-73.9373,-74.3954,-73.5894,-71.5333,-68.2621,-63.8318,-58.3182,-51.8157,-44.4355,-36.3039,-27.5601,-18.3536,-8.84195,0.812065,10.4433,19.8869,28.9814,37.571,45.5089,52.6593,58.8997,64.1234,68.2411,71.1822,72.8964,73.3545,72.5486,70.4924,67.2212,62.7909,57.2774,50.7748,43.3947,35.2631,26.5192,17.3127,7.8011,-1.85292,-11.4841,-20.9278,-30.0222,-38.6119,-46.5498,-53.7001,-59.9405,-65.1643,-69.2819,-68.7598,-43.0692,-46.7964,0,0,0,5.82942e+257,0,0,0,0,0,0,0,0,0,0,0,1.79043e+209,0,0,0,1.71412e+214,0,0,0,0,0,0,0,0,0,
-74.0646,-71.9755,-68.6638,-64.1861,-58.6191,-52.058,-44.615,-36.4176,-27.606,-18.331,-8.75121,0.969417,10.6645,20.1683,29.3181,37.9573,45.9381,53.1241,59.3921,64.6351,68.7632,71.7058,73.4127,73.8545,73.0238,70.9346,67.6229,8.91944,30.0191,-144.757,-60.8327,-74.4535,-74.8954,43.3947,35.2631,26.5192,17.3127,7.8011,-1.85292,-11.4841,-20.9278,-30.0222,-38.6119,-46.5498,-53.7001,-59.9405,-65.1643,-69.2819,-68.7598,-43.0692,-46.7964,0,0,0,5.82942e+257,0,0,0,0,0,0,0,0,0,0,0,1.79043e+209,0,0,0,1.71412e+214,0,0,0,0,0,0,0,0,0,
-72.418,-69.0659,-64.5408,-58.9204,-52.3008,-44.7951,-36.532,-27.6526,-18.309,-8.66105,1.12619,10.8853,20.4492,29.6543,38.3431,46.367,53.5886,59.8844,65.1466,69.2853,34.5268,529.153,-26.1137,-60.9252,-66.1875,-70.3261,-73.2704,-74.9699,-75.3955,-74.54,-60.8327,-74.4535,-74.8954,43.3947,35.2631,26.5192,17.3127,7.8011,-1.85292,-11.4841,-20.9278,-30.0222,-38.6119,-46.5498,-53.7001,-59.9405,-65.1643,-69.2819,-68.7598,-43.0692,-46.7964,0,0,0,5.82942e+257,0,0,0,0,0,0,0,0,0,0,0,1.79043e+209,0,0,0,1.71412e+214,0,0,0,0,0,0,0,0,0,
-75.8959,-75.0157,-72.861,-69.4684,-64.8962,-59.2224,-52.5442,-44.9759,-36.647,-27.6999,-18.2878,-8.57164,1.28225,11.1053,20.7294,29.99,38.7285,46.7954,54.0528,60.3764,65.658,69.8073,33.8952,687.833,13.6751,7.53079,-2.3231,-12.1462,-21.7703,-31.0308,-39.7693,-47.8363,-55.0936,-61.4172,-66.6988,-70.8481,-73.7941,-75.4863,-1.85292,-11.4841,-20.9278,-30.0222,-38.6119,-46.5498,-53.7001,-59.9405,-65.1643,-69.2819,-68.7598,-43.0692,-46.7964,0,0,0,5.82942e+257,0,0,0,0,0,0,0,0,0,0,0,1.79043e+209,0,0,0,1.71412e+214,0,0,0,0,0,0,0,0,0,
-76.0029,-76.3964,-75.4916,-73.3041,-69.8712,-65.2517,-59.5247,-52.788,-45.1571,-36.7624,-27.7476,-18.2669,-8.48257,1.43798,11.325,21.0094,30.3254,39.1136,47.2236,54.5168,60.8682,66.1693,70.3293,73.277,74.962,75.3555,74.4508,72.2632,68.8304,64.2109,58.4838,51.7472,44.1162,35.7215,26.7067,17.226,7.44172,-2.47883,-12.3659,-22.0502,-31.3662,-40.1544,-48.2645,-55.5576,-61.9091,-67.2101,-71.3701,-74.3178,-68.7598,-43.0692,-46.7964,0,0,0,5.82942e+257,0,0,0,0,0,0,0,0,0,0,0,1.79043e+209,0,0,0,1.71412e+214,0,0,0,0,0,0,0,0,0,
-60.9268,-75.9677,-73.7475,-70.2744,-65.6077,-59.8274,-53.0323,-45.3387,-36.8783,-27.7958,-18.2466,-8.39406,1.59317,11.5442,21.2889,30.6603,39.4983,47.6515,54.9805,61.3599,66.6804,70.8512,73.8007,75.4786,75.8562,74.9269,72.7067,69.2335,64.5669,58.7865,51.9914,35.098,-482.284,35.7215,26.7067,17.226,7.44172,-2.47883,-12.3659,-22.0502,-31.3662,-40.1544,-48.2645,-55.5576,-61.9091,-67.2101,-71.3701,-74.3178,-68.7598,-43.0692,-46.7964,0,0,0,5.82942e+257,0,0,0,0,0,0,0,0,0,0,0,1.79043e+209,0,0,0,1.71412e+214,0,0,0,0,0,0,0,0,0,
-76.4434,-74.1903,-64.2444,-321.762,1.59024,11.7645,21.5693,30.9962,39.8838,48.0801,55.4448,61.8519,67.1919,49.4209,548.652,-43.5488,-68.2327,-72.4141,-75.3653,-77.0359,-77.3973,70.8512,73.8007,75.4786,75.8562,74.9269,72.7067,69.2335,64.5669,58.7865,51.9914,35.098,-482.284,35.7215,26.7067,17.226,7.44172,-2.47883,-12.3659,-22.0502,-31.3662,-40.1544,-48.2645,-55.5576,-61.9091,-67.2101,-71.3701,-74.3178,-68.7598,-43.0692,-46.7964,0,0,0,5.82942e+257,0,0,0,0,0,0,0,0,0,0,0,1.79043e+209,0,0,0,1.71412e+214,0,0,0,0,0,0,0,0,0,
-77.5519,-77.8969,-76.918,-74.6319,-71.0777,-66.3162,-60.429,-53.5167,-45.6976,-37.1056,-0.722773,0.0404206,53.4465,0.0404206,0.944918,48.51,55.9102,62.3448,67.7038,42.8075,747.707,15.9849,17.1604,7.17157,-2.94887,-13.0278,-22.8926,-32.3747,-41.3118,-49.5509,-56.951,-63.3857,-68.7447,-72.9363,-75.8889,17.226,7.44172,-2.47883,-12.3659,-22.0502,-31.3662,-40.1544,-48.2645,-55.5576,-61.9091,-67.2101,-71.3701,-74.3178,-68.7598,-43.0692,-46.7964,0,0,0,5.82942e+257,0,0,0,0,0,0,0,0,0,0,0,1.79043e+209,0,0,0,1.71412e+214,0,0,0,0,0,0,0,0,0,
-76.4125,-78.0677,-78.3962,-77.3921,-75.0727,-71.4778,-66.6687,-60.7278,-53.7568,-45.8748,-37.2169,-27.931,-18.1762,-8.11923,2.06774,12.2104,22.1353,31.6725,40.6589,48.9406,56.3761,62.8381,68.216,72.4178,75.3716,77.0269,77.3553,76.3512,74.0319,70.4369,65.6279,59.687,52.7159,44.834,36.176,26.8902,17.1353,7.07838,-3.10859,-13.2513,-23.1761,-32.7133,-41.6997,-49.9815,-57.417,-63.879,-69.2569,-73.4587,-68.7598,-43.0692,-46.7964,0,0,0,5.82942e+257,0,0,0,0,0,0,0,0,0,0,0,1.79043e+209,0,0,0,1.71412e+214,0,0,0,0,0,0,0,0,0,
-78.5835,-78.8953,-77.8661,-75.5134,-71.8776,-67.0209,-61.0264,-53.9965,-46.0517,-37.3278,-27.9742,-18.1508,-8.0257,2.22779,12.4342,22.419,32.0113,41.047,49.3715,56.8422,63.3315,68.7283,72.9402,75.8952,77.5426,77.8544,76.8252,74.4726,70.8368,65.9801,59.9855,52.9557,45.0109,36.287,26.9333,17.1099,6.98484,-3.26864,-13.4751,-7.20753,-384.508,-22.729,-76.936,-49.9815,-57.417,-63.879,-69.2569,-73.4587,-68.7598,-43.0692,-46.7964,0,0,0,5.82942e+257,0,0,0,0,0,0,0,0,0,0,0,1.79043e+209,0,0,0,1.71412e+214,0,0,0,0,0,0,0,0,0,
-75.954,-72.2774,-67.373,-61.3248,-26.6696,-97.0586,-55.2581,-5.04736,-7.932,2.38799,12.6582,22.703,32.3503,41.4353,49.8024,57.3084,63.825,69.2406,73.4626,76.4187,78.0583,78.3535,77.2991,48.6025,-121.815,-51.3184,-79.3943,-78.3399,70.8368,65.9801,59.9855,52.9557,45.0109,36.287,26.9333,17.1099,6.98484,-3.26864,-13.4751,-7.20753,-384.508,-22.729,-76.936,-49.9815,-57.417,-63.879,-69.2569,-73.4587,-68.7598,-43.0692,-46.7964,0,0,0,5.82942e+257,0,0,0,0,0,0,0,0,0,0,0,1.79043e+209,0,0,0,1.71412e+214,0,0,0,0,0,0,0,0,0,
-78.8137,-76.3945,-72.677,-67.7249,-61.623,-54.4755,-46.4049,-37.5492,-28.0599,-18.0994,-7.83806,2.54844,12.8824,22.9871,32.6895,41.8237,50.2334,57.7747,64.3185,14.3759,872.44,-4.95208,-33.7304,-42.8646,-51.2743,-58.8156,-65.3594,-70.7938,-75.0258,-77.983,-79.6149,-79.8933,45.0109,36.287,26.9333,17.1099,6.98484,-3.26864,-13.4751,-7.20753,-384.508,-22.729,-76.936,-49.9815,-57.417,-63.879,-69.2569,-73.4587,-68.7598,-43.0692,-46.7964,0,0,0,5.82942e+257,0,0,0,0,0,0,0,0,0,0,0,1.79043e+209,0,0,0,1.71412e+214,0,0,0,0,0,0,0,0,0,
-80.1305,-80.3922,-79.2874,-76.8348,-73.0764,-68.0766,-61.9209,-54.7146,-46.5811,-37.6594,-28.1023,-18.0732,-7.74379,2.7092,13.1069,23.2715,33.029,42.2124,50.6647,58.2411,64.8122,70.2654,74.5074,77.4657,79.0896,79.3514,78.2465,75.7939,72.0356,67.0358,60.8801,53.6738,45.5402,36.6185,27.0614,17.0323,6.70294,-3.75005,-14.1478,-24.3123,-34.0698,-43.2533,-51.7055,-59.282,-65.853,-71.3062,-75.5483,-78.5065,-68.7598,-43.0692,-46.7964,0,0,0,5.82942e+257,0,0,0,0,0,0,0,0,0,0,0,1.79043e+209,0,0,0,1.71412e+214,0,0,0,0,0,0,0,0,0,
-80.646,-80.891,-79.7608,-77.2748,-73.4755,-68.428,-62.2185,-54.9533,-46.7568,-37.7692,-28.1442,-18.0466,-7.64911,2.87036,13.3318,23.5562,33.3687,42.6014,51.0962,58.7078,65.306,70.7779,75.0299,77.9892,79.6051,79.8501,78.72,76.234,72.4347,67.3871,61.1776,53.9125,45.716,36.7283,27.1034,17.0058,6.60826,-3.91121,-5.17898,-335.464,-25.8788,-76.0707,-79.03,-59.282,-65.853,-71.3062,-75.5483,-78.5065,-68.7598,-43.0692,-46.7964,0,0,0,5.82942e+257,0,0,0,0,0,0,0,0,0,0,0,1.79043e+209,0,0,0,1.71412e+214,0,0,0,0,0,0,0,0,0,
-77.7147,-73.8745,-39.4798,-118.829,-17.8629,-57.246,-37.8788,-28.186,-18.0198,-7.55419,3.03176,13.5569,23.8412,33.7087,42.9905,51.5278,59.1745,65.7999,71.2905,75.5524,78.5126,80.1206,80.3488,79.1933,76.6739,15.5065,-53.4429,-16.3069,-79.5535,-81.1615,-81.3897,-80.2342,45.716,36.7283,27.1034,17.0058,6.60826,-3.91121,-5.17898,-335.464,-25.8788,-76.0707,-79.03,-59.282,-65.853,-71.3062,-75.5483,-78.5065,-68.7598,-43.0692,-46.7964,0,0,0,5.82942e+257,0,0,0,0,0,0,0,0,0,0,0,1.79043e+209,0,0,0,1.71412e+214,0,0,0,0,0,0,0,0,0,
-81.8883,-80.7075,-78.1546,-74.2734,-69.1303,-62.6731,-0.00632817,-0.133794,-117.703,0.0923997,-0.00632817,43.2935,51.9594,59.6413,66.2938,71.8031,76.0749,17.4585,515.656,171.591,-35.3215,-53.0003,-60.6822,-67.3346,-72.8439,-77.1157,-80.0769,-81.6769,-79.5535,-81.1615,-81.3897,-80.2342,45.716,36.7283,27.1034,17.0058,6.60826,-3.91121,-5.17898,-335.464,-25.8788,-76.0707,-79.03,-59.282,-65.853,-71.3062,-75.5483,-78.5065,-68.7598,-43.0692,-46.7964,0,0,0,5.82942e+257,0,0,0,0,0,0,0,0,0,0,0,1.79043e+209,0,0,0,1.71412e+214,0,0,0,0,0,0,0,0,0,
-82.1925,-82.3872,-81.181,-78.5948,-74.6727,-69.4818,-63.111,-55.6692,-47.2838,-38.0983,-28.2698,-17.9665,-7.36476,3.35414,14.0067,24.4108,34.3883,43.7684,52.3908,60.1078,66.7875,72.3155,76.5973,79.5596,81.1517,81.3463,80.1402,77.554,73.6318,68.441,62.0701,54.6284,46.243,37.0575,27.229,16.9257,6.32391,-4.39499,-15.0476,-25.4516,-35.4291,-44.8093,-53.4316,-61.1487,-67.8284,-73.3564,-77.6382,-80.6004,-68.7598,-43.0692,-46.7964,0,0,0,5.82942e+257,0,0,0,0,0,0,0,0,0,0,0,1.79043e+209,0,0,0,1.71412e+214,0,0,0,0,0,0,0,0,0,
-82.7083,-82.8864,-81.6552,-79.0357,-75.0728,-69.8343,-63.4099,-55.9093,-47.4611,-38.2097,-28.3134,-17.9416,-7.27164,3.51379,14.2302,24.6942,34.7268,44.1563,52.8214,60.5737,67.2808,72.8277,77.1196,80.0831,81.6675,81.8456,80.6143,77.9949,74.032,68.7935,62.369,54.8685,46.4202,37.1688,27.2725,16.9007,6.23079,-4.55464,-15.271,-25.7351,-35.7677,-45.1971,-53.8622,-61.6146,-68.3216,-73.8686,-78.1605,-81.124,-68.7598,-43.0692,-46.7964,0,0,0,5.82942e+257,0,0,0,0,0,0,0,0,0,0,0,1.79043e+209,0,0,0,1.71412e+214,0,0,0,0,0,0,0,0,0,
-83.386,-82.1298,-40.1617,-441.072,1.85572,14.4526,24.9767,35.0645,44.5434,53.2513,61.0391,67.7736,73.3396,77.6419,80.6067,82.1835,82.3452,81.089,78.4364,74.4329,50.374,-292.595,-60.6295,80.0831,81.6675,81.8456,80.6143,77.9949,74.032,68.7935,62.369,54.8685,46.4202,37.1688,27.2725,16.9007,6.23079,-4.55464,-15.271,-25.7351,-35.7677,-45.1971,-53.8622,-61.6146,-68.3216,-73.8686,-78.1605,-81.124,-68.7598,-43.0692,-46.7964,0,0,0,5.82942e+257,0,0,0,0,0,0,0,0,0,0,0,1.79043e+209,0,0,0,1.71412e+214,0,0,0,0,0,0,0,0,0,
-83.8857,-82.6045,-79.9189,-75.8748,-70.5413,-34.5957,-83.8811,32.6404,0.0734056,5.32424,61.5044,68.2665,73.8515,28.3546,749.117,-16.6764,-54.7219,-62.5453,-69.3073,-74.8924,-79.205,-82.1712,-83.7404,80.0831,81.6675,81.8456,80.6143,77.9949,74.032,68.7935,62.369,54.8685,46.4202,37.1688,27.2725,16.9007,6.23079,-4.55464,-15.271,-25.7351,-35.7677,-45.1971,-53.8622,-61.6146,-68.3216,-73.8686,-78.1605,-81.124,-68.7598,-43.0692,-46.7964,0,0,0,5.82942e+257,0,0,0,0,0,0,0,0,0,0,0,1.79043e+209,0,0,0,1.71412e+214,0,0,0,0,0,0,0,0,0,
-84.2565,-84.3854,-83.0794,-80.3608,-76.2761,-70.8951,-64.3101,-56.6336,-47.9969,-38.548,-28.4483,-17.8709,-6.99652,3.98864,14.8966,25.5409,35.7392,45.317,54.1106,61.9695,68.7591,74.3633,78.6863,81.654,83.2157,83.3446,53.3182,134.387,48.8966,69.8543,63.2692,55.5927,46.9561,37.5071,27.4075,16.83,5.95567,-5.02949,-15.9375,-26.5817,-36.78,-46.3579,-55.1515,-63.0103,-69.8,-75.4042,-79.7271,-82.6948,-68.7598,-43.0692,-46.7964,0,0,0,5.82942e+257,0,0,0,0,0,0,0,0,0,0,0,1.79043e+209,0,0,0,1.71412e+214,0,0,0,0,0,0,0,0,0,
-83.2185,-84.7728,-84.8854,-83.5546,-80.803,-76.6778,-71.2495,-64.611,-56.8759,-48.1765,-38.6617,-28.4944,-17.8483,-6.90583,4.14594,15.1179,25.8222,36.0758,45.7033,54.5398,62.4343,69.2515,74.875,79.2084,82.1777,83.7319,83.8446,82.5137,79.7622,75.6369,70.2086,63.5701,55.835,47.1357,37.6209,27.4535,16.8075,5.86498,-5.18679,-16.1587,-26.8631,-37.1167,-46.7441,-55.5807,-63.4751,-70.2924,-75.9159,-80.2493,-68.7598,-43.0692,-46.7964,0,0,0,5.82942e+257,0,0,0,0,0,0,0,0,0,0,0,1.79043e+209,0,0,0,1.71412e+214,0,0,0,0,0,0,0,0,0,
-0.270168,-4.94574,-21.4111,-634.519,1.07892,15.3385,26.103,36.412,46.0891,54.9686,62.8988,69.7438,75.3865,79.7305,82.7014,84.2483,84.3448,82.9892,80.2047,76.0391,70.5634,63.8716,3.42945,-450.994,82.1777,83.7319,83.8446,82.5137,79.7622,75.6369,70.2086,63.5701,55.835,47.1357,37.6209,27.4535,16.8075,5.86498,-5.18679,-16.1587,-26.8631,-37.1167,-46.7441,-55.5807,-63.4751,-70.2924,-75.9159,-80.2493,-68.7598,-43.0692,-46.7964,0,0,0,5.82942e+257,0,0,0,0,0,0,0,0,0,0,0,1.79043e+209,0,0,0,1.71412e+214,0,0,0,0,0,0,0,0,0,
-85.8056,-85.886,-84.5058,-81.6885,-77.4825,-23.8959,-11.5119,23.3235,75.8979,2.25646,0.19249,717.751,0.19249,-1.91474,-64.4038,-71.2766,-76.9387,-81.2934,-84.2659,76.0391,70.5634,63.8716,3.42945,-450.994,82.1777,83.7319,83.8446,82.5137,79.7622,75.6369,70.2086,63.5701,55.835,47.1357,37.6209,27.4535,16.8075,5.86498,-5.18679,-16.1587,-26.8631,-37.1167,-46.7441,-55.5807,-63.4751,-70.2924,-75.9159,-80.2493,-68.7598,-43.0692,-46.7964,0,0,0,5.82942e+257,0,0,0,0,0,0,0,0,0,0,0,1.79043e+209,0,0,0,1.71412e+214,0,0,0,0,0,0,0,0,0,
-86.3222,-86.3866,-84.9818,-82.1319,-77.8855,-72.3155,-65.5169,-57.6063,-48.719,-39.0069,-28.6363,-17.7847,-6.63764,4.61407,15.7779,26.6629,37.0828,46.8593,55.8251,63.8268,70.7275,76.4091,80.7745,51.0171,657.132,29.044,37.966,27.5955,16.7438,5.59679,-5.65492,-16.8188,-27.7038,-38.1236,-47.9001,-56.8659,-64.8676,-71.7683,-77.45,-81.8153,-84.7897,-37.1167,-46.7441,-55.5807,-63.4751,-70.2924,-75.9159,-80.2493,-68.7598,-43.0692,-46.7964,0,0,0,5.82942e+257,0,0,0,0,0,0,0,0,0,0,0,1.79043e+209,0,0,0,1.71412e+214,0,0,0,0,0,0,0,0,0,
-86.8387,-86.887,-85.4576,-82.5749,-78.2882,-72.6709,-65.8191,-57.85,-48.9,-39.1221,-28.6838,-17.7637,-6.54843,4.76993,15.9978,26.943,37.4183,47.2445,56.2534,64.2908,71.2194,76.9204,81.2964,84.2726,85.7978,85.8462,84.4168,81.5341,77.2474,71.6301,64.7782,56.8091,47.8591,38.0813,27.643,16.7228,5.50758,-5.81078,-17.0386,-27.9838,-38.4591,-48.2853,-57.2942,-65.3317,-72.2602,-77.9613,-82.3373,-85.3134,-68.7598,-43.0692,-46.7964,0,0,0,5.82942e+257,0,0,0,0,0,0,0,0,0,0,0,1.79043e+209,0,0,0,1.71412e+214,0,0,0,0,0,0,0,0,0,
-85.9322,-83.0164,-78.6891,-73.0242,-66.1189,-58.0911,-49.0782,-39.2345,-28.7285,-17.7397,-6.45636,4.92857,16.2203,27.2255,37.756,47.6316,56.6833,64.7563,71.7123,77.4324,81.8187,84.7962,86.3138,86.3457,84.8914,81.9756,77.6482,71.9834,65.078,57.0502,42.6639,-409.217,-76.2353,-87.3547,-87.3866,16.7228,5.50758,-5.81078,-17.0386,-27.9838,-38.4591,-48.2853,-57.2942,-65.3317,-72.2602,-77.9613,-82.3373,-85.3134,-68.7598,-43.0692,-46.7964,0,0,0,5.82942e+257,0,0,0,0,0,0,0,0,0,0,0,1.79043e+209,0,0,0,1.71412e+214,0,0,0,0,0,0,0,0,0,
-83.4563,-79.088,-73.3753,-66.4161,-58.3295,-49.2537,-39.344,-28.7701,-17.7128,-6.36132,5.09008,16.4455,27.5106,38.0961,48.0208,57.115,65.2231,72.2062,77.945,82.3412,85.3196,66.806,477.098,-50.9831,-73.2471,-78.9858,-83.3821,-86.3605,-87.8702,-87.8853,-86.4055,-409.217,-76.2353,-87.3547,-87.3866,16.7228,5.50758,-5.81078,-17.0386,-27.9838,-38.4591,-48.2853,-57.2942,-65.3317,-72.2602,-77.9613,-82.3373,-85.3134,-68.7598,-43.0692,-46.7964,0,0,0,5.82942e+257,0,0,0,0,0,0,0,0,0,0,0,1.79043e+209,0,0,0,1.71412e+214,0,0,0,0,0,0,0,0,0,
-88.3852,-88.3832,-86.8778,-83.8949,-79.4853,-73.7247,-66.7115,-58.5658,-49.4269,-39.4512,-28.8093,-17.6835,-6.26397,5.25382,16.6728,27.7976,38.4379,48.4116,57.548,65.6909,72.7009,78.4581,82.8639,85.843,87.3443,10.0576,563.772,2.05048,3.52115,38.4103,27.7685,16.6426,5.22312,-6.29467,-17.7137,-28.8385,-39.4788,-49.4524,-58.5889,-66.7318,-73.7418,-79.4989,-83.9047,-86.8838,-72.2602,-77.9613,-82.3373,-85.3134,-68.7598,-43.0692,-46.7964,0,0,0,5.82942e+257,0,0,0,0,0,0,0,0,0,0,0,1.79043e+209,0,0,0,1.71412e+214,0,0,0,0,0,0,0,0,0,
-87.407,-88.8999,-88.8805,-87.3493,-84.3323,-79.8814,-74.0726,-67.0052,-58.8003,-49.5982,-39.5564,-28.8466,-17.6522,-6.16469,5.41943,16.9019,28.0863,38.7812,48.8037,57.9822,66.1597,73.1963,78.9716,83.3867,86.3662,87.859,87.8396,86.3084,83.2915,78.8405,73.0317,65.9644,57.7595,48.5574,38.5155,27.8058,16.6114,5.12383,-6.46029,-17.9428,-29.1272,-39.8221,-49.8445,-59.023,-67.2005,-74.2371,-80.0124,-84.4276,-68.7598,-43.0692,-46.7964,0,0,0,5.82942e+257,0,0,0,0,0,0,0,0,0,0,0,1.79043e+209,0,0,0,1.71412e+214,0,0,0,0,0,0,0,0,0,
-89.4142,-89.3772,-87.8199,-84.7689,-80.2763,-74.4191,-27.2402,-227.682,-7.13177,-6.06364,5.58675,17.1326,28.3765,39.1259,49.1969,58.4173,66.6292,73.6922,79.4854,83.9097,86.8893,88.3733,88.3364,86.779,83.728,79.2354,73.3782,66.2566,57.9924,48.727,38.619,1.47662,-456.736,-0.348973,-4.15657,-87.9302,16.6114,5.12383,-6.46029,-17.9428,-29.1272,-39.8221,-49.8445,-59.023,-67.2005,-74.2371,-80.0124,-84.4276,-68.7598,-43.0692,-46.7964,0,0,0,5.82942e+257,0,0,0,0,0,0,0,0,0,0,0,1.79043e+209,0,0,0,1.71412e+214,0,0,0,0,0,0,0,0,0,
-88.2901,-85.2048,-80.6705,-72.335,-0.165072,-2.26507,-215.877,1.19582,38.2755,49.5909,58.853,67.0992,74.1885,79.9994,84.4327,87.4124,88.7291,0.00537252,0.152995,334.429,-0.139489,0.00537252,-80.9062,-85.4735,-88.4532,-89.9283,-89.8736,66.2566,57.9924,48.727,38.619,1.47662,-456.736,-0.348973,-4.15657,-87.9302,16.6114,5.12383,-6.46029,-17.9428,-29.1272,-39.8221,-49.8445,-59.023,-67.2005,-74.2371,-80.0124,-84.4276,-68.7598,-43.0692,-46.7964,0,0,0,5.82942e+257,0,0,0,0,0,0,0,0,0,0,0,1.79043e+209,0,0,0,1.71412e+214,0,0,0,0,0,0,0,0,0,
-90.37,-88.7602,-85.6407,-81.0647,-75.1105,-67.8801,-59.4972,-50.1052,-39.8647,-28.9511,-17.551,-5.85946,5.9234,17.596,28.9586,39.8168,49.9849,59.2888,67.5693,74.6848,80.5135,61.6163,864.616,11.9744,4.81861,-6.96425,-18.6368,-29.9995,-40.8577,-51.0257,-60.3296,-68.6101,-75.7256,-81.5544,-85.9966,-88.9762,-90.4424,5.12383,-6.46029,-17.9428,-29.1272,-39.8221,-49.8445,-59.023,-67.2005,-74.2371,-80.0124,-84.4276,-68.7598,-43.0692,-46.7964,0,0,0,5.82942e+257,0,0,0,0,0,0,0,0,0,0,0,1.79043e+209,0,0,0,1.71412e+214,0,0,0,0,0,0,0,0,0,
-89.4993,-90.9566,-90.8664,-89.2305,-86.0767,-81.459,-75.4564,-68.1716,-59.7293,-50.2739,-39.9673,-28.9856,-17.517,-5.7575,6.09159,17.8275,29.2496,40.1622,50.3788,59.7244,68.0393,75.181,81.0275,85.4787,88.4584,89.9157,89.8256,88.1896,85.0358,80.4181,74.4155,67.1308,58.6885,49.2331,38.9264,27.9448,16.4761,4.71665,-7.13244,-18.8684,-30.2904,-41.2031,-51.4196,-60.7653,-69.0801,-76.2219,-82.0684,-86.5196,-68.7598,-43.0692,-46.7964,0,0,0,5.82942e+257,0,0,0,0,0,0,0,0,0,0,0,1.79043e+209,0,0,0,1.71412e+214,0,0,0,0,0,0,0,0,0,
-91.4707,-91.3629,-89.7008,-86.5127,-81.8533,-75.8023,-68.4632,-59.9616,-50.4429,-40.07,-29.0204,-17.4832,-5.6557,6.25963,18.0589,29.5404,40.5074,50.7725,60.16,68.5091,75.6772,81.5415,86.0017,88.9815,90.4299,90.3221,88.6599,85.4719,80.8125,74.7615,67.4223,58.9207,49.402,39.0291,27.9795,16.4423,4.61485,-7.30048,-16.3499,-345.696,-70.6927,-87.0426,-90.0224,-60.7653,-69.0801,-76.2219,-82.0684,-86.5196,-68.7598,-43.0692,-46.7964,0,0,0,5.82942e+257,0,0,0,0,0,0,0,0,0,0,0,1.79043e+209,0,0,0,1.71412e+214,0,0,0,0,0,0,0,0,0,
-0.096763,-0.244283,-5.21407,6.42666,18.2894,29.8303,40.8519,51.1656,60.5949,68.9786,76.1731,82.0553,86.5246,89.5046,90.9443,90.8189,89.1307,40.2529,-16.2556,-39.2597,-0.244283,-1.52532,-873.34,88.9815,90.4299,90.3221,88.6599,85.4719,80.8125,74.7615,67.4223,58.9207,49.402,39.0291,27.9795,16.4423,4.61485,-7.30048,-16.3499,-345.696,-70.6927,-87.0426,-90.0224,-60.7653,-69.0801,-76.2219,-82.0684,-86.5196,-68.7598,-43.0692,-46.7964,0,0,0,5.82942e+257,0,0,0,0,0,0,0,0,0,0,0,1.79043e+209,0,0,0,1.71412e+214,0,0,0,0,0,0,0,0,0,
-83.6099,-88.0884,-91.0686,-92.4995,-73.7162,-248.661,65.9041,73.2322,840.85,-6.98327,-0.18676,-2.0556,-42.2372,-52.5995,-62.0707,-70.4888,-77.7097,40.2529,-16.2556,-39.2597,-0.244283,-1.52532,-873.34,88.9815,90.4299,90.3221,88.6599,85.4719,80.8125,74.7615,67.4223,58.9207,49.402,39.0291,27.9795,16.4423,4.61485,-7.30048,-16.3499,-345.696,-70.6927,-87.0426,-90.0224,-60.7653,-69.0801,-76.2219,-82.0684,-86.5196,-68.7598,-43.0692,-46.7964,0,0,0,5.82942e+257,0,0,0,0,0,0,0,0,0,0,0,1.79043e+209,0,0,0,1.71412e+214,0,0,0,0,0,0,0,0,0,
-91.5917,-93.0136,-92.853,-91.1126,-87.822,-83.0378,-76.8416,-69.3396,-60.66,-50.9515,-40.38,-29.1266,-7.26763,478.405,36.6108,90.5508,91.9728,91.8122,90.0717,86.7812,81.9969,63.0846,275.4,3.58811,-7.80274,-19.7923,-31.452,-42.5826,-52.9934,-62.5064,-70.9588,-78.206,-84.1239,-88.6114,27.9795,16.4423,4.61485,-7.30048,-16.3499,-345.696,-70.6927,-87.0426,-90.0224,-60.7653,-69.0801,-76.2219,-82.0684,-86.5196,-68.7598,-43.0692,-46.7964,0,0,0,5.82942e+257,0,0,0,0,0,0,0,0,0,0,0,1.79043e+209,0,0,0,1.71412e+214,0,0,0,0,0,0,0,0,0,
-93.5275,-93.3491,-91.5823,-88.2574,-83.4313,-77.1865,-69.63,-60.8911,-51.1191,-40.4814,-29.16,-17.3485,-5.24909,6.93122,18.984,30.7031,41.888,52.3472,61.9019,70.3884,77.6618,83.5973,88.0937,91.0738,92.4867,92.3082,90.5414,87.2165,82.3904,76.1457,68.5892,59.8502,50.0783,39.4406,28.1191,16.3076,4.20824,-7.97208,-20.0249,-31.744,-42.9288,-53.3881,-62.9427,-71.4293,-78.7026,-84.6382,-89.1345,-92.1146,-68.7598,-43.0692,-46.7964,0,0,0,5.82942e+257,0,0,0,0,0,0,0,0,0,0,0,1.79043e+209,0,0,0,1.71412e+214,0,0,0,0,0,0,0,0,0,
-92.0513,-88.6919,-83.8238,-77.5304,-69.9193,-61.1208,-51.2854,-40.5814,-29.1919,-17.3119,-5.14456,7.1019,19.2179,30.9963,42.2353,52.7428,62.339,70.8596,78.1588,84.1119,88.6168,91.5966,93.0003,92.8038,91.0105,87.651,82.783,76.4895,18.8106,-359.588,-25.2992,-94.0411,-93.8446,39.4406,28.1191,16.3076,4.20824,-7.97208,-20.0249,-31.744,-42.9288,-53.3881,-62.9427,-71.4293,-78.7026,-84.6382,-89.1345,-92.1146,-68.7598,-43.0692,-46.7964,0,0,0,5.82942e+257,0,0,0,0,0,0,0,0,0,0,0,1.79043e+209,0,0,0,1.71412e+214,0,0,0,0,0,0,0,0,0,
-89.1256,-84.2155,-77.8732,-70.2074,-61.3493,-51.4504,-33.0009,-40.1585,-14.0131,-5.03869,7.27388,19.4531,31.2905,42.5837,53.1393,62.7768,71.3313,78.6563,84.6267,50.8631,804.026,-30.9151,-63.8177,-72.3721,-79.6972,-85.6675,-90.181,-93.1603,-94.5545,-94.3398,-92.5198,-94.0411,-93.8446,39.4406,28.1191,16.3076,4.20824,-7.97208,-20.0249,-31.744,-42.9288,-53.3881,-62.9427,-71.4293,-78.7026,-84.6382,-89.1345,-92.1146,-68.7598,-43.0692,-46.7964,0,0,0,5.82942e+257,0,0,0,0,0,0,0,0,0,0,0,1.79043e+209,0,0,0,1.71412e+214,0,0,0,0,0,0,0,0,0,
-95.0677,-94.8346,-92.9878,-89.5589,-84.6065,-78.2153,-70.4948,-61.577,-51.6145,-40.7778,-29.2522,-17.2351,-4.93192,7.44671,19.689,31.5855,42.9327,53.5364,63.2152,71.8034,79.1541,85.1416,89.6634,92.6421,94.0268,87.3729,275.778,71.8913,69.454,60.5362,50.5737,39.7369,28.2114,16.1942,3.89107,-8.48756,-20.7299,-32.6264,-43.9736,-54.5773,-64.256,-72.8442,-80.195,-86.1825,-90.7043,-93.683,-89.1345,-92.1146,-68.7598,-43.0692,-46.7964,0,0,0,5.82942e+257,0,0,0,0,0,0,0,0,0,0,0,1.79043e+209,0,0,0,1.71412e+214,0,0,0,0,0,0,0,0,0,
-95.5804,-95.3288,-93.455,-89.9911,-84.9963,-78.556,-70.7806,-61.803,-51.7768,-40.8737,-29.28,-17.1943,-4.82331,7.62132,19.9266,31.8821,43.2832,53.9347,63.6546,72.2763,79.6525,85.6569,90.1868,93.1647,94.5396,94.288,92.4142,88.9502,83.9554,77.5152,69.7398,60.7622,50.736,39.8328,28.2392,16.1535,3.78246,-8.66217,-20.9675,-32.923,-44.324,-54.9756,-64.6954,-73.3172,-80.6934,-86.6978,-91.2277,-94.2055,-68.7598,-43.0692,-46.7964,0,0,0,5.82942e+257,0,0,0,0,0,0,0,0,0,0,0,1.79043e+209,0,0,0,1.71412e+214,0,0,0,0,0,0,0,0,0,
-93.921,-90.4218,-85.3843,-78.8948,-71.0642,-62.0267,-51.9367,-40.967,-29.3053,-17.151,-4.71217,7.79837,20.1666,32.1808,43.6355,54.3347,64.0954,72.7504,80.1517,86.1727,90.7104,93.6871,95.0518,94.7813,92.8802,89.3809,84.3434,77.8539,58.0882,-75.5805,-234.173,-37.3954,-94.7279,-96.0927,-95.8222,16.1535,3.78246,-8.66217,-20.9675,-32.923,-44.324,-54.9756,-64.6954,-73.3172,-80.6934,-86.6978,-91.2277,-94.2055,-68.7598,-43.0692,-46.7964,0,0,0,5.82942e+257,0,0,0,0,0,0,0,0,0,0,0,1.79043e+209,0,0,0,1.71412e+214,0,0,0,0,0,0,0,0,0,
-94.3864,-90.8517,-85.7714,-56.2744,-261.737,23.0692,43.9889,54.7356,64.5369,73.225,80.6513,86.6887,91.234,94.2093,95.5638,32.0271,35.1649,234.288,-55.5126,-92.2748,-95.2502,-96.6046,-96.3151,94.7813,92.8802,89.3809,84.3434,77.8539,58.0882,-75.5805,-234.173,-37.3954,-94.7279,-96.0927,-95.8222,16.1535,3.78246,-8.66217,-20.9675,-32.923,-44.324,-54.9756,-64.6954,-73.3172,-80.6934,-86.6978,-91.2277,-94.2055,-68.7598,-43.0692,-46.7964,0,0,0,5.82942e+257,0,0,0,0,0,0,0,0,0,0,0,1.79043e+209,0,0,0,1.71412e+214,0,0,0,0,0,0,0,0,0,
-96.808,-94.8518,-91.2817,-86.1586,-79.5702,-71.6292,-62.4716,-52.2539,-41.1511,-29.353,-17.0617,-4.48728,8.15498,20.6488,32.7804,44.3423,55.1365,64.9784,73.6996,81.1509,87.2047,61.3872,936.691,2.30572,-9.19583,-21.6897,-33.8213,-45.3831,-56.1773,-66.0192,-74.7404,-82.1917,-88.2456,-92.7984,-95.7724,-97.1166,3.78246,-8.66217,-20.9675,-32.923,-44.324,-54.9756,-64.6954,-73.3172,-80.6934,-86.6978,-91.2277,-94.2055,-68.7598,-43.0692,-46.7964,0,0,0,5.82942e+257,0,0,0,0,0,0,0,0,0,0,0,1.79043e+209,0,0,0,1.71412e+214,0,0,0,0,0,0,0,0,0,
-97.6285,-97.3008,-95.3172,-91.7116,-86.5457,-79.9078,-71.9116,-62.6939,-52.4124,-41.243,-29.3768,-17.0169,-4.37475,8.33337,20.89,33.0803,44.6957,55.5374,65.4199,74.1742,81.6505,87.7208,92.2812,95.2538,96.5877,96.26,94.2764,90.6707,85.5048,78.867,70.8708,61.6531,51.3716,40.2022,28.336,15.9761,3.3339,-9.37422,-21.9309,-34.1211,-45.7365,-56.5782,-66.4608,-75.2151,-82.6913,-88.7616,-93.3221,-96.2946,-68.7598,-43.0692,-46.7964,0,0,0,5.82942e+257,0,0,0,0,0,0,0,0,0,0,0,1.79043e+209,0,0,0,1.71412e+214,0,0,0,0,0,0,0,0,0,
-17.4967,-97.7936,-95.7824,-92.1413,-86.9325,-80.2452,-72.1938,-62.916,-52.5706,-41.3346,-29.4003,-16.9719,-4.2619,8.51206,21.1315,33.3804,45.0493,55.9385,65.8617,74.649,82.1502,88.2368,92.8048,95.776,97.0995,96.7527,94.7416,91.1004,85.8917,79.2044,71.1529,61.8751,51.5298,40.2938,7.54678,-44.32,-668.541,-9.37422,-21.9309,-34.1211,-45.7365,-56.5782,-66.4608,-75.2151,-82.6913,-88.7616,-93.3221,-96.2946,-68.7598,-43.0692,-46.7964,0,0,0,5.82942e+257,0,0,0,0,0,0,0,0,0,0,0,1.79043e+209,0,0,0,1.71412e+214,0,0,0,0,0,0,0,0,0,
-87.3193,-80.5825,-72.4758,-63.138,-52.7287,-41.4262,-29.4237,-16.9267,-4.14897,8.69084,21.373,33.6806,45.4031,56.3397,66.3035,75.1238,82.6499,88.7529,93.3285,91.7329,0.0999583,4.46496,249.791,-4.51322,-92.8258,-98.6522,-98.2863,-96.2476,-92.571,79.2044,71.1529,61.8751,51.5298,40.2938,7.54678,-44.32,-668.541,-9.37422,-21.9309,-34.1211,-45.7365,-56.5782,-66.4608,-75.2151,-82.6913,-88.7616,-93.3221,-96.2946,-68.7598,-43.0692,-46.7964,0,0,0,5.82942e+257,0,0,0,0,0,0,0,0,0,0,0,1.79043e+209,0,0,0,1.71412e+214,0,0,0,0,0,0,0,0,0,
-96.7127,-93.0005,-87.706,-80.9197,-72.7577,-63.3598,-52.8867,-41.5175,-29.4469,-16.8813,-4.03584,8.86981,21.6148,33.981,45.7569,56.741,66.7453,75.5987,48.0426,1125.63,-13.0901,-35.0219,-46.7978,-57.7819,-67.7862,-76.6396,-84.1906,-90.3099,-94.8929,-97.8612,-99.164,-98.7789,51.5298,40.2938,7.54678,-44.32,-668.541,-9.37422,-21.9309,-34.1211,-45.7365,-56.5782,-66.4608,-75.2151,-82.6913,-88.7616,-93.3221,-96.2946,-68.7598,-43.0692,-46.7964,0,0,0,5.82942e+257,0,0,0,0,0,0,0,0,0,0,0,1.79043e+209,0,0,0,1.71412e+214,0,0,0,0,0,0,0,0,0,
